	SRR21492517_R1_filtered.fastq.gz	SRR21492518_R1_filtered.fastq.gz	SRR21492519_R1_filtered.fastq.gz	SRR21492520_R1_filtered.fastq.gz	SRR21492521_R1_filtered.fastq.gz	SRR21492522_R1_filtered.fastq.gz	SRR21492523_R1_filtered.fastq.gz	SRR21492524_R1_filtered.fastq.gz	SRR21492525_R1_filtered.fastq.gz	SRR21492526_R1_filtered.fastq.gz	SRR21492527_R1_filtered.fastq.gz	SRR21492528_R1_filtered.fastq.gz	SRR21492529_R1_filtered.fastq.gz	SRR21492530_R1_filtered.fastq.gz	SRR21492531_R1_filtered.fastq.gz	SRR21492532_R1_filtered.fastq.gz	SRR21492533_R1_filtered.fastq.gz	SRR21492534_R1_filtered.fastq.gz	SRR21492535_R1_filtered.fastq.gz	SRR21492536_R1_filtered.fastq.gz	SRR21492537_R1_filtered.fastq.gz	SRR21492538_R1_filtered.fastq.gz	SRR21492539_R1_filtered.fastq.gz	SRR21492540_R1_filtered.fastq.gz	SRR21492541_R1_filtered.fastq.gz	SRR21492542_R1_filtered.fastq.gz	SRR21492543_R1_filtered.fastq.gz	SRR21492544_R1_filtered.fastq.gz	SRR21492545_R1_filtered.fastq.gz	SRR21492546_R1_filtered.fastq.gz	SRR21492547_R1_filtered.fastq.gz	SRR21492548_R1_filtered.fastq.gz	SRR21492549_R1_filtered.fastq.gz	SRR21492550_R1_filtered.fastq.gz	SRR21492551_R1_filtered.fastq.gz
ASV_1	9606	20949	176	109502	91073	72898	3187	4440	40828	2419	19179	102292	369	9526	8239	1826	1051	2049	10205	8858	659	16553	55408	3370	43806	25870	3762	16040	7411	4082	3871	4821	29425	68010	60492
ASV_2	1294	1398	1821	84	15	605	3501	14924	8168	9458	2770	63	656	2831	111	164	1682	1758	2759	3752	8130	25537	151	12907	97	632	12271	21	374	2912	22	4616	2053	2798	459
ASV_3	6467	8605	65	1059	223	1046	0	100	252	5160	1874	361	0	977	36	0	108	0	203	524	15	0	4052	333	1910	306	57	0	0	2997	5222	6250	2644	142	116
ASV_4	41	97	192	0	0	0	3157	34	6399	401	102	0	519	1550	633	2609	60	4553	0	3696	0	204	11	208	14	1923	312	228	2073	0	373	0	0	0	0
ASV_5	291	2078	780	0	0	0	1656	364	87	762	406	0	93	1042	322	294	343	0	1562	1389	2501	30	22	408	824	135	963	773	1307	2665	1253	1631	1040	9	0
ASV_6	610	1950	679	0	0	0	889	309	605	1333	1261	0	92	414	575	555	1884	155	1300	178	670	457	0	1058	613	1395	1173	1879	856	228	620	452	742	0	0
ASV_7	0	86	0	0	0	0	2076	102	519	0	0	0	0	0	957	0	3320	367	3566	911	0	1020	0	2481	0	209	54	360	387	3700	549	0	800	0	0
ASV_8	54	602	106	9	0	0	533	649	671	393	340	0	70	0	40	568	53	18	5613	123	269	195	0	99	1701	642	295	733	1657	3832	432	572	853	0	0
ASV_9	1141	979	659	0	0	0	1137	901	941	801	651	0	128	265	552	426	361	604	929	731	955	274	15	975	723	646	1092	1039	1189	737	471	761	962	8	0
ASV_10	94	362	596	0	0	0	765	90	198	82	656	0	275	189	726	2339	1075	186	248	186	1314	25	0	261	2049	249	970	680	384	1369	1096	275	690	0	0
ASV_11	245	366	652	0	0	4	1268	475	228	545	518	0	1988	577	1187	385	252	1708	189	1138	184	161	5	218	762	785	94	750	623	401	249	852	578	2	6
ASV_12	246	106	1384	0	0	0	562	248	306	614	146	0	1017	3550	0	0	589	808	440	220	0	301	0	1184	1195	1099	237	64	126	831	605	1161	131	0	0
ASV_13	126	75	249	0	0	0	908	158	371	212	312	0	376	217	612	1742	998	466	376	452	443	101	0	1271	93	444	1179	781	727	136	914	220	307	0	0
ASV_14	33	138	2220	0	0	0	60	147	2035	9	97	0	1098	85	253	1226	532	1076	0	209	1181	427	0	2498	8	104	149	74	110	0	150	0	41	0	0
ASV_15	0	0	40	0	0	0	0	266	0	1068	2908	0	580	0	589	601	0	0	0	0	0	0	9	760	0	0	1411	88	1115	0	3493	0	0	0	0
ASV_16	1006	305	371	0	0	0	696	918	444	533	370	0	109	201	225	507	398	334	299	696	665	122	0	361	361	523	574	468	664	464	369	370	495	9	0
ASV_17	242	74	189	0	0	0	336	744	447	105	202	0	4186	175	272	568	634	925	0	220	0	95	7	1096	23	320	1101	224	156	0	260	250	0	0	0
ASV_18	460	0	112	0	0	0	200	111	408	0	278	0	617	5123	371	40	743	887	429	0	94	52	0	624	101	672	323	0	0	441	119	484	84	0	0
ASV_19	66	0	465	0	0	0	745	39	76	0	811	0	3218	85	130	755	1328	745	0	138	95	25	0	2719	0	0	31	437	316	0	53	127	0	0	0
ASV_20	879	68	579	6	0	0	235	152	94	36	0	0	1200	102	90	1122	50	119	54	162	737	0	0	3047	197	259	741	44	81	717	659	234	458	0	0
ASV_21	1010	0	0	8	0	3	9	25	3	10	8	0	123	0	0	0	209	6	0	15	225	0	10024	13	0	0	170	0	0	0	0	2	0	0	0
ASV_22	1516	501	365	0	0	0	62	562	639	310	161	0	115	475	133	295	59	576	833	623	932	138	0	215	107	397	906	34	63	338	0	870	522	0	0
ASV_23	0	0	231	0	0	0	452	150	215	0	270	0	789	469	251	616	589	1857	32	643	621	81	0	809	77	519	1261	263	511	51	468	242	94	0	0
ASV_24	917	34	872	3	0	0	663	512	0	55	112	0	859	2002	65	49	653	164	0	68	892	712	0	0	585	0	509	0	58	578	0	86	324	0	0
ASV_25	0	0	336	0	0	0	0	0	0	122	259	0	0	102	0	905	369	59	0	211	299	0	0	639	59	0	188	1279	890	95	4466	143	303	0	0
ASV_26	181	189	0	0	0	0	142	2275	1784	289	0	0	0	0	472	481	0	1471	0	1195	0	107	0	0	0	176	1284	25	90	0	0	0	434	0	0
ASV_27	773	526	219	0	0	0	158	247	0	222	390	0	19	56	601	26	79	35	1963	5	23	188	0	244	9	245	811	689	553	1332	1048	24	10	0	0
ASV_28	22	15	68	0	0	0	301	52	140	66	108	0	822	79	200	2886	369	361	28	114	774	0	0	576	0	15	1726	315	350	19	360	18	92	0	0
ASV_29	101	140	0	0	0	0	62	2207	107	10	0	0	1098	129	190	497	18	717	0	258	3190	23	0	26	0	0	257	49	150	68	297	266	0	0	0
ASV_30	0	756	159	0	0	0	514	134	223	392	329	0	48	103	139	73	51	0	516	0	145	124	0	47	497	0	130	656	1934	1908	412	0	328	0	0
ASV_31	455	29	202	0	0	0	29	43	68	838	0	0	3166	162	134	222	140	278	0	31	912	32	0	228	23	735	134	71	626	86	516	382	48	0	0
ASV_32	302	694	256	0	0	0	189	592	0	424	34	0	246	202	0	155	0	517	762	170	1121	46	0	0	1256	71	0	96	0	0	604	1239	589	0	0
ASV_33	1992	615	53	0	0	0	57	737	860	332	53	2	140	215	0	246	92	506	0	419	643	46	0	94	0	132	235	113	667	0	0	463	498	4	0
ASV_34	799	47	1290	0	0	0	349	71	0	606	236	9	0	1104	222	57	14	423	272	200	0	0	10	138	463	328	600	0	73	650	0	851	371	0	0
ASV_35	0	0	0	0	0	0	0	1329	741	874	0	0	0	0	0	0	0	0	0	285	787	2338	0	1206	0	0	1123	0	0	0	0	400	0	0	0
ASV_36	395	0	1458	0	0	0	134	175	0	75	119	0	403	701	71	144	59	159	262	0	19	0	0	0	365	3085	0	32	58	303	235	278	480	0	0
ASV_37	1526	24	113	0	0	0	15	0	56	62	310	0	0	197	782	2755	0	71	0	79	350	216	20	781	0	331	180	10	134	0	680	80	21	0	0
ASV_38	808	128	173	0	0	0	84	119	164	86	511	0	180	541	456	51	433	643	468	78	196	0	0	142	888	375	437	174	96	825	69	0	506	0	0
ASV_39	187	635	473	0	0	0	614	186	312	298	453	0	299	552	173	199	312	152	137	241	148	226	0	65	238	666	218	182	18	233	233	732	171	0	0
ASV_40	57	94	0	0	0	0	749	42	158	827	0	0	0	117	0	75	864	3927	0	0	343	0	0	0	144	92	0	0	58	0	107	299	109	0	0
ASV_41	81	12	119	0	0	0	274	20	584	50	31	0	524	28	925	532	1506	291	0	85	235	46	0	339	0	396	310	577	468	0	99	8	338	0	0
ASV_42	0	0	613	0	0	0	22	0	0	0	6824	0	0	277	0	0	0	0	0	0	0	0	0	0	0	31	0	0	0	0	0	0	0	0	0
ASV_43	1166	0	1170	5	0	0	0	93	91	12	22	0	11	67	242	381	172	546	0	403	1850	37	12	371	0	157	50	191	130	148	0	0	60	0	0
ASV_44	0	0	95	0	0	0	2128	0	327	60	250	0	0	0	122	0	100	1854	0	315	76	227	10	324	0	637	0	158	676	0	0	0	0	0	0
ASV_45	62	73	108	0	0	0	83	0	143	0	0	0	202	80	0	599	663	274	0	0	465	0	0	1103	0	54	1633	526	136	21	1057	0	0	0	18
ASV_46	64	28	420	0	0	0	302	94	184	102	72	0	770	162	0	1291	272	196	0	233	1078	0	0	76	53	0	535	123	256	0	108	110	338	17	0
ASV_47	1427	588	0	0	0	0	308	226	255	323	70	0	32	370	868	385	29	302	37	94	96	70	0	78	92	348	107	26	119	0	194	72	269	0	0
ASV_48	132	62	230	0	0	0	249	51	195	42	320	0	98	42	200	400	1179	114	0	0	187	0	27	548	75	164	81	895	559	31	716	0	42	0	0
ASV_49	28	19	265	0	0	0	145	327	544	261	0	0	106	1811	0	0	110	0	0	224	0	0	0	631	0	58	847	558	430	0	0	0	0	0	0
ASV_50	384	1601	1402	0	0	0	0	0	8	649	110	0	443	252	47	157	0	0	18	0	246	65	0	0	221	0	9	19	83	449	59	20	24	0	0
ASV_51	0	256	0	0	0	0	0	635	51	0	69	0	0	53	3339	103	0	87	82	0	0	171	0	11	0	0	0	0	0	0	0	1281	97	0	0
ASV_52	0	0	0	0	0	0	0	0	0	0	0	6213	0	0	0	0	0	0	0	0	0	0	0	0	0	0	0	0	0	0	0	0	0	0	0
ASV_53	237	80	145	0	0	0	503	23	0	129	485	0	74	516	0	168	40	35	0	1479	0	0	0	1175	0	184	585	188	93	0	0	34	0	0	0
ASV_54	91	54	319	0	0	0	407	127	179	347	221	0	280	400	90	200	239	324	108	312	91	84	0	283	98	133	284	307	372	178	326	137	57	0	0
ASV_55	115	31	225	0	0	0	115	39	373	67	75	0	150	104	214	479	283	336	0	454	99	60	18	952	70	135	119	683	160	77	560	0	44	0	0
ASV_56	0	0	76	0	0	0	234	0	396	0	0	0	0	389	162	0	1634	907	0	471	0	0	0	208	0	754	424	0	347	0	0	0	0	0	0
ASV_57	225	475	616	0	0	0	229	321	195	190	0	0	0	256	432	427	0	223	79	85	0	0	0	0	169	238	149	277	476	194	85	335	264	0	0
ASV_58	4454	0	0	0	0	0	19	122	0	0	0	0	96	0	0	0	0	108	0	235	755	0	11	0	0	0	0	0	0	91	0	24	0	0	0
ASV_59	64	0	0	0	0	0	0	0	53	0	0	0	0	0	162	0	0	0	0	2054	2673	0	0	0	0	0	0	0	0	12	0	784	100	0	0
ASV_60	68	533	176	0	0	0	68	52	451	176	491	0	19	244	0	257	146	0	180	365	57	0	0	104	386	637	10	36	146	192	186	547	287	8	0
ASV_61	2154	230	141	0	0	0	44	38	27	24	88	0	0	46	164	421	180	99	0	25	234	19	0	17	243	175	653	0	0	59	45	80	245	0	0
ASV_62	605	259	748	0	0	0	0	126	0	103	498	0	77	0	75	96	18	19	0	127	131	84	0	105	702	32	166	453	320	89	194	365	0	14	0
ASV_63	401	146	194	0	0	0	166	185	110	224	267	0	169	139	255	237	168	190	114	224	398	100	0	95	158	230	176	104	240	120	176	319	80	0	0
ASV_64	84	45	53	0	0	0	91	121	45	47	70	0	162	0	107	0	191	170	90	122	101	302	0	120	62	352	269	179	398	669	131	457	802	0	0
ASV_65	140	105	0	0	0	0	179	82	153	210	165	0	0	158	707	43	9	713	45	140	107	68	0	0	298	164	553	408	469	226	0	0	80	0	0
ASV_66	0	0	0	5	0	0	306	32	144	0	68	0	132	0	92	1490	433	156	125	145	242	39	0	543	0	97	622	86	269	77	0	18	0	0	0
ASV_67	211	294	164	0	0	0	348	177	66	311	244	0	0	166	73	53	210	0	374	68	26	180	0	217	208	273	258	182	176	291	130	253	132	16	0
ASV_68	1738	0	0	0	0	0	0	0	0	0	0	0	74	0	0	55	0	217	0	0	896	89	14	0	0	135	576	80	341	513	50	158	153	0	0
ASV_69	20	194	0	0	0	0	242	30	141	578	74	0	9	1663	97	42	24	42	22	9	0	78	0	0	95	0	80	39	126	150	1129	115	17	19	0
ASV_70	65	65	99	0	0	0	623	211	39	77	0	0	40	245	413	89	272	93	74	0	603	0	0	170	325	219	322	122	221	244	191	80	95	0	0
ASV_71	476	391	96	0	0	0	350	203	186	317	60	0	0	100	20	16	328	173	0	215	302	23	0	17	0	844	373	39	51	0	0	99	208	0	0
ASV_72	226	542	119	0	0	0	140	74	52	615	69	0	50	243	0	130	0	0	0	203	363	0	0	0	59	102	369	0	0	0	68	1107	352	0	0
ASV_73	188	0	103	0	0	0	690	0	259	0	199	0	0	37	233	16	321	97	679	84	312	153	0	86	0	999	32	0	53	91	0	31	183	0	0
ASV_74	257	285	142	0	0	0	156	71	80	67	92	0	118	121	139	246	97	130	121	85	319	80	0	111	237	248	398	113	219	215	232	176	280	0	0
ASV_75	83	327	212	0	0	0	76	261	33	138	248	0	25	56	60	394	74	16	374	39	32	139	0	65	137	77	136	285	539	417	294	78	150	0	0
ASV_76	125	662	125	0	0	0	0	135	0	0	218	0	71	0	94	0	0	0	74	0	181	1573	0	244	237	0	302	0	498	0	0	101	93	0	0
ASV_77	22	9	118	0	0	0	427	40	128	29	103	0	92	42	34	660	418	991	24	270	355	0	0	160	12	89	149	160	166	24	64	36	37	0	0
ASV_78	1097	259	317	0	0	0	108	52	64	251	0	0	0	146	230	283	195	131	117	330	28	214	3	56	131	58	0	0	62	55	56	174	235	0	0
ASV_79	458	263	128	0	0	0	16	13	41	43	32	0	82	786	0	112	0	71	80	66	95	129	0	58	372	35	720	18	0	555	205	84	118	0	0
ASV_80	0	0	60	0	0	0	132	0	0	0	33	0	62	32	0	307	355	65	110	68	0	0	0	2083	0	68	47	516	211	0	353	0	29	0	0
ASV_81	151	499	43	0	0	0	160	36	117	79	0	0	0	0	29	12	100	0	851	143	0	127	0	31	52	244	176	285	399	353	326	39	211	0	0
ASV_82	586	13	0	0	0	0	38	0	0	34	0	0	0	16	1341	145	0	1057	0	0	0	1216	0	0	0	0	0	0	0	0	0	0	0	0	0
ASV_83	0	18	78	0	0	0	241	132	283	123	432	0	42	197	238	57	249	0	60	23	235	24	0	148	282	125	118	141	64	489	70	435	138	0	0
ASV_84	36	36	0	0	0	0	0	0	0	266	0	0	50	125	224	0	0	34	422	0	0	0	0	306	80	52	218	0	0	469	1628	237	137	0	0
ASV_85	93	53	11	0	0	0	17	52	0	9	19	0	21	0	6	0	91	0	6	3	31	628	3128	35	0	19	24	0	7	8	8	12	19	0	0
ASV_86	25	7	155	0	0	0	370	5	0	23	52	0	0	20	0	0	1051	546	360	40	0	0	0	257	0	191	0	365	222	25	516	15	0	0	0
ASV_87	287	0	449	0	0	0	274	0	0	116	0	0	0	313	0	50	0	0	0	357	350	51	0	724	48	0	0	908	224	0	0	0	90	0	0
ASV_88	29	13	0	0	0	0	146	60	37	0	89	0	158	139	30	66	0	70	0	62	2656	0	0	32	27	69	121	25	45	59	31	123	107	0	0
ASV_89	72	222	0	23	0	0	51	196	13	132	27	0	87	23	26	0	58	23	9	25	753	1315	13	219	18	14	70	0	12	123	0	206	209	241	0
ASV_90	121	246	249	0	0	0	281	0	0	159	0	0	992	101	74	85	0	276	0	235	0	0	0	0	248	414	128	0	0	305	0	165	87	0	0
ASV_91	0	180	0	0	0	0	42	139	211	63	116	0	0	0	89	704	15	46	1435	17	46	49	0	8	0	21	464	27	304	54	0	0	124	0	2
ASV_92	76	20	84	0	0	0	204	106	46	18	63	0	108	213	193	566	411	206	0	140	20	44	0	499	0	169	196	129	281	14	282	37	15	0	0
ASV_93	104	145	290	0	0	0	162	72	13	75	22	0	72	69	92	39	69	18	579	232	80	137	0	122	215	138	149	149	143	128	425	30	323	0	0
ASV_94	536	314	323	0	0	0	0	30	168	0	489	0	195	0	0	0	0	0	0	0	1570	0	6	0	119	0	262	0	8	29	5	5	0	0	0
ASV_95	165	0	442	0	0	0	101	0	68	0	90	0	722	179	0	297	0	1027	0	0	0	0	22	86	0	143	442	169	0	0	0	80	0	0	0
ASV_96	396	234	0	0	0	0	13	155	83	0	0	0	140	40	58	0	329	405	229	0	204	179	0	0	140	184	11	287	116	393	211	26	181	0	0
ASV_97	643	20	0	0	0	0	29	0	12	105	22	0	0	0	0	25	156	71	339	14	0	187	0	33	0	392	679	162	43	317	36	0	721	0	0
ASV_98	105	0	0	0	0	0	0	0	35	0	0	0	631	472	0	0	0	49	0	0	1873	0	0	0	0	45	105	0	99	0	499	46	0	0	0
ASV_99	631	178	57	0	0	0	268	0	80	0	93	0	526	0	104	31	82	148	0	423	467	57	0	30	35	252	0	305	64	0	0	107	0	0	0
ASV_100	156	0	82	0	0	0	268	0	0	0	400	0	171	0	0	0	0	0	0	4	403	173	0	0	866	546	0	422	131	0	0	276	0	0	0
ASV_101	136	162	170	0	0	0	126	60	40	151	128	4	0	124	114	45	86	0	231	70	67	224	0	220	67	247	98	159	260	311	165	108	299	0	0
ASV_102	81	83	101	0	0	0	88	31	135	36	100	0	151	67	211	409	178	304	98	105	560	52	0	108	63	180	253	105	74	57	76	41	115	0	0
ASV_103	99	151	37	0	0	0	155	86	124	71	0	0	668	0	208	91	0	139	75	0	984	0	0	39	0	0	103	360	334	0	60	0	72	0	0
ASV_104	224	146	142	0	0	0	280	470	94	69	71	0	191	11	81	163	75	22	117	109	346	100	5	26	11	70	243	209	153	0	23	230	110	13	0
ASV_105	0	0	0	0	0	0	20	0	44	24	0	0	0	263	353	0	0	617	0	0	0	35	0	42	0	0	2268	9	101	0	0	0	0	0	0
ASV_106	27	2	3	0	0	0	207	14	42	16	88	0	62	146	66	71	560	585	0	294	353	15	8	23	5	107	397	285	87	6	182	39	64	0	0
ASV_107	0	0	80	0	0	0	150	0	144	0	0	0	107	0	324	397	223	160	75	518	0	40	0	476	0	94	0	200	746	0	0	0	0	0	0
ASV_108	0	20	88	0	0	0	286	19	444	0	59	0	71	56	89	452	415	98	76	96	76	71	0	143	0	83	125	392	160	46	101	0	43	0	0
ASV_109	111	142	56	0	0	0	35	29	31	54	0	0	59	35	58	49	0	0	17	268	871	0	0	59	315	147	643	0	57	22	203	40	177	0	0
ASV_110	37	0	116	0	0	465	0	21	0	0	50	4	0	0	0	0	0	0	0	0	0	0	2293	0	192	0	0	21	16	0	44	31	125	0	0
ASV_111	0	0	0	171	54	129	0	0	0	125	0	0	0	73	0	0	0	0	81	0	0	0	0	60	181	0	0	0	0	541	917	685	398	0	0
ASV_112	179	371	0	0	0	0	9	41	0	161	235	0	0	639	156	92	385	39	0	52	65	72	0	41	136	0	0	30	427	37	107	0	114	0	0
ASV_113	0	0	72	0	0	0	138	42	73	0	71	0	86	0	123	1195	23	154	0	167	521	44	0	113	18	0	208	145	66	18	88	0	0	0	12
ASV_114	417	219	183	0	0	0	62	219	0	176	67	0	0	342	119	0	157	0	0	97	30	66	0	72	168	43	94	0	204	132	184	118	199	0	0
ASV_115	103	111	117	3	0	0	289	15	130	58	92	0	69	0	108	35	101	26	94	426	167	103	0	32	87	347	40	130	134	193	134	78	85	0	0
ASV_116	104	0	47	0	0	0	55	153	69	0	315	0	237	0	44	41	69	76	80	86	294	0	0	65	0	87	68	84	69	137	72	245	781	9	0
ASV_117	267	0	168	0	0	0	0	0	368	42	225	0	0	0	76	797	0	269	155	123	109	0	0	64	0	0	0	45	0	0	123	419	0	0	0
ASV_118	113	158	49	0	0	0	23	0	110	45	0	0	122	38	230	101	133	632	0	61	88	0	0	0	43	36	930	51	56	57	90	0	81	0	0
ASV_119	76	0	714	0	0	0	44	130	166	203	0	0	108	134	0	39	0	225	0	74	838	128	0	0	0	0	173	0	0	0	0	0	151	0	0
ASV_120	439	157	0	0	0	0	0	165	0	108	56	0	0	0	45	0	0	63	131	64	0	167	0	71	0	344	74	0	571	153	155	141	283	0	0
ASV_121	123	509	0	0	0	0	38	6	86	0	53	0	0	0	553	29	0	12	10	0	444	119	5	40	0	14	108	35	986	10	0	0	0	0	0
ASV_122	0	111	115	0	0	0	69	593	21	323	205	0	44	186	0	94	30	107	52	0	301	0	0	0	69	86	66	145	0	248	205	95	0	0	0
ASV_123	0	2825	0	0	0	0	0	274	0	0	12	0	0	0	0	0	0	0	0	0	0	0	0	0	0	0	0	0	0	0	0	0	0	14	0
ASV_124	182	0	51	0	0	0	80	62	0	0	336	0	42	111	0	0	0	0	0	163	516	957	8	0	167	0	52	0	107	0	82	71	112	0	0
ASV_125	123	0	0	0	0	0	196	57	53	0	126	0	573	78	0	89	87	301	0	295	613	0	0	117	0	68	0	63	77	0	124	42	0	0	0
ASV_126	39	0	106	0	0	0	347	27	32	7	28	0	117	103	42	177	59	286	0	58	166	0	5	389	15	59	233	392	131	24	125	35	15	0	0
ASV_127	108	220	113	0	0	0	135	133	110	101	141	0	23	73	71	117	111	21	141	39	54	36	0	117	78	125	211	157	247	102	88	46	57	0	0
ASV_128	24	22	0	0	0	0	68	21	34	43	0	0	21	0	0	0	222	15	450	114	41	29	0	221	38	549	677	16	109	95	0	50	72	0	0
ASV_129	5	0	72	0	0	0	198	12	69	6	20	0	470	20	64	312	227	343	13	67	269	16	0	232	8	53	224	89	53	6	65	0	11	0	0
ASV_130	31	0	76	0	0	0	216	0	90	44	121	0	81	35	0	445	241	194	11	52	323	16	7	224	9	21	190	171	106	11	164	0	0	0	0
ASV_131	45	25	66	0	0	0	149	0	150	26	54	0	203	15	0	440	0	225	0	129	792	0	0	48	0	32	167	180	87	0	0	16	18	0	0
ASV_132	114	22	312	0	0	0	64	94	0	18	84	0	0	264	62	32	50	0	34	105	98	16	0	160	162	284	0	258	13	147	204	80	174	7	0
ASV_133	34	0	1343	0	0	0	0	153	0	122	25	0	944	32	0	0	0	0	0	0	0	0	0	0	44	0	0	0	0	0	10	151	0	0	0
ASV_134	52	219	47	0	0	0	85	0	406	21	0	0	139	0	0	272	0	30	526	0	0	296	0	76	181	0	0	0	0	188	100	212	0	0	0
ASV_135	58	121	56	0	0	0	73	104	129	19	70	0	46	162	125	241	96	93	90	26	164	61	0	0	88	166	61	126	214	184	91	138	45	0	0
ASV_136	276	57	47	0	0	0	58	16	14	17	7	0	33	29	104	7	262	43	119	513	210	86	0	215	49	61	39	26	134	37	66	95	218	0	0
ASV_137	0	72	49	0	0	0	114	0	81	0	26	0	0	92	0	65	405	0	207	61	39	208	0	118	158	140	79	312	484	0	122	0	0	0	0
ASV_138	75	137	70	0	0	0	96	73	109	109	68	0	0	28	181	90	88	115	223	82	52	115	0	23	87	130	134	139	250	113	104	0	126	0	0
ASV_139	211	213	121	0	0	0	27	0	61	265	39	0	0	268	35	64	26	19	0	309	37	0	0	0	186	171	221	175	67	116	29	77	64	0	0
ASV_140	181	205	63	0	0	0	15	42	31	78	189	0	13	95	163	41	209	110	0	302	72	39	3	204	67	63	244	22	28	137	58	47	40	0	0
ASV_141	104	201	391	0	0	0	0	17	0	0	0	0	0	16	0	140	83	0	28	133	267	0	0	0	117	0	0	340	0	486	72	144	192	12	0
ASV_142	123	99	153	0	0	0	87	89	102	53	87	0	32	158	95	46	135	105	19	88	96	35	0	117	93	282	88	142	70	91	61	92	73	0	0
ASV_143	75	160	191	0	0	0	157	218	44	193	90	0	14	75	65	29	81	37	65	52	33	40	0	45	145	133	64	108	98	262	104	43	58	0	0
ASV_144	57	69	111	0	0	0	61	119	0	0	145	0	0	158	0	57	56	0	0	72	138	184	0	222	101	191	355	119	97	260	0	0	83	0	0
ASV_145	40	100	78	0	0	0	87	85	38	69	147	0	0	80	66	27	128	13	50	26	58	94	0	50	33	209	361	88	197	154	183	58	128	0	0
ASV_146	139	0	79	5	0	0	72	157	27	93	157	0	73	37	117	10	108	23	110	62	259	14	0	0	98	313	23	10	82	322	54	139	60	0	0
ASV_147	49	0	67	0	0	0	42	0	58	87	0	0	553	51	0	15	0	252	0	212	0	0	4	0	0	50	842	0	289	0	0	71	0	0	0
ASV_148	0	28	88	0	0	0	98	41	0	83	36	0	0	96	43	526	0	0	95	61	46	0	0	39	215	290	99	340	0	139	156	0	117	0	0
ASV_149	161	53	0	0	0	0	157	60	72	52	0	0	51	152	69	80	130	127	0	407	206	46	0	35	109	130	72	43	0	87	49	171	75	0	0
ASV_150	30	56	113	0	0	0	123	0	67	103	0	0	73	163	112	186	92	116	26	293	67	0	0	116	39	118	173	129	87	98	88	80	41	0	0
ASV_151	89	71	43	0	0	0	100	98	140	84	61	0	0	51	74	77	137	47	46	131	83	57	0	61	76	96	150	117	167	116	156	86	131	0	0
ASV_152	0	154	172	0	0	0	320	92	212	78	0	6	0	468	0	0	147	40	0	49	0	86	0	0	0	0	88	0	102	127	0	0	386	0	0
ASV_153	224	46	12	0	0	0	146	24	50	103	45	0	134	111	89	74	0	103	44	74	0	44	0	60	93	31	77	16	66	360	221	194	83	0	0
ASV_154	108	60	78	0	0	0	109	0	126	157	152	0	25	0	0	80	45	69	374	65	0	0	0	0	0	0	385	118	218	74	72	119	79	0	0
ASV_155	77	49	35	0	0	0	25	26	73	90	129	0	63	31	63	0	41	35	278	12	35	219	0	6	48	116	201	492	154	64	58	30	52	0	0
ASV_156	0	0	31	0	0	0	78	0	84	0	104	0	35	0	175	243	362	0	84	33	0	21	0	358	0	131	0	284	176	0	268	0	33	0	0
ASV_157	0	0	0	0	0	0	53	0	0	23	0	0	31	80	0	104	1340	0	0	0	8	0	0	88	0	199	131	161	111	0	0	63	87	0	0
ASV_158	401	319	161	0	0	0	0	86	0	0	136	0	312	0	0	0	0	145	0	0	129	0	0	16	0	0	0	0	0	139	253	178	198	0	0
ASV_159	29	0	0	0	0	0	152	0	82	0	0	0	531	143	0	0	0	276	0	361	84	0	0	0	0	0	325	73	294	0	0	115	0	0	0
ASV_160	44	34	117	0	0	0	225	48	6	13	17	0	0	348	0	0	22	0	37	220	80	0	0	23	274	53	38	487	51	290	0	11	0	0	0
ASV_161	0	160	18	0	0	0	238	0	0	0	0	0	54	520	0	522	198	0	373	0	0	0	0	58	0	42	0	62	25	136	31	0	0	0	0
ASV_162	277	184	0	0	0	0	50	61	288	44	27	0	0	54	165	48	17	110	0	149	0	738	0	25	0	0	125	0	0	0	0	53	0	0	0
ASV_163	11	0	189	0	0	0	13	11	21	0	0	0	0	123	49	272	0	39	0	147	571	0	0	92	55	220	67	220	63	186	0	63	0	0	0
ASV_164	89	195	106	0	0	0	221	0	0	0	41	0	44	121	46	0	0	106	43	118	0	0	0	0	168	457	162	0	30	392	0	0	56	0	0
ASV_165	274	30	23	0	0	0	30	204	0	0	277	0	18	97	0	120	105	0	0	0	0	0	0	143	743	0	0	111	0	0	28	191	0	0	0
ASV_166	73	104	233	0	0	0	129	146	0	18	41	0	0	256	0	118	0	19	8	142	13	0	0	0	553	99	0	67	17	0	6	99	246	0	0
ASV_167	281	0	108	0	0	0	71	91	35	0	0	0	0	276	61	75	139	0	38	76	297	0	0	150	73	164	72	0	0	81	148	0	149	0	0
ASV_168	48	183	136	0	0	0	211	26	0	82	64	0	0	48	0	0	0	0	327	0	0	0	0	31	167	75	0	25	75	222	253	226	176	0	0
ASV_169	0	73	122	0	0	0	61	0	0	0	29	0	46	59	41	66	129	313	103	0	262	0	0	47	126	188	0	72	124	121	48	260	71	0	0
ASV_170	194	28	36	0	0	0	145	85	168	0	42	0	0	87	116	0	35	0	66	266	50	33	0	18	58	146	250	0	20	79	29	138	263	0	0
ASV_171	414	0	0	340	419	0	0	0	0	0	0	0	0	0	0	0	65	0	143	0	0	0	953	0	0	0	0	0	0	0	0	0	0	0	0
ASV_172	176	0	148	0	0	0	100	21	228	0	161	0	59	0	182	0	419	0	126	0	323	0	0	175	0	0	0	0	0	0	0	27	159	0	0
ASV_173	69	0	0	0	0	0	88	163	0	257	98	0	20	125	17	15	0	0	22	0	0	14	0	36	209	102	17	444	102	88	252	31	134	0	0
ASV_174	0	166	28	0	0	0	188	44	60	0	204	0	48	66	42	0	207	37	268	39	142	54	0	142	118	21	67	0	152	89	74	0	45	0	0
ASV_175	154	0	1712	0	0	0	21	0	0	0	0	0	0	0	0	63	0	0	0	47	0	35	0	0	0	0	0	0	39	39	0	0	185	0	0
ASV_176	0	0	0	0	0	0	55	0	6	0	43	0	0	0	25	0	64	0	263	0	0	0	0	48	0	17	0	583	1117	0	0	0	69	0	0
ASV_177	0	234	32	0	0	0	291	0	91	168	284	0	0	12	7	53	267	13	0	0	0	0	0	216	0	208	0	0	16	0	0	374	0	0	0
ASV_178	106	93	55	2	0	0	120	47	67	56	66	0	22	18	65	15	31	36	31	13	355	11	0	88	194	34	0	79	125	224	135	80	83	12	0
ASV_179	69	41	46	0	0	0	22	12	305	26	62	0	73	11	33	141	102	258	15	0	0	92	0	24	0	0	50	10	88	87	174	97	412	0	0
ASV_180	0	188	31	0	0	0	84	60	0	62	10	0	241	21	47	172	68	0	112	261	29	81	0	69	0	192	9	0	76	102	139	135	57	0	0
ASV_181	271	46	51	0	0	0	41	42	21	120	84	0	0	104	44	65	70	142	154	27	154	97	0	43	36	48	124	19	11	118	27	221	54	0	0
ASV_182	0	62	117	0	0	0	36	33	14	57	153	0	0	0	109	16	0	0	46	0	78	323	0	0	54	0	422	60	68	152	83	109	232	0	0
ASV_183	42	151	108	0	0	0	108	20	36	28	63	0	32	0	52	41	50	74	131	120	94	64	0	117	90	93	28	293	44	162	124	0	41	0	0
ASV_184	49	73	95	0	0	0	86	216	104	100	58	0	0	27	25	16	115	14	0	36	23	34	0	63	116	74	109	210	178	180	85	42	58	0	0
ASV_185	159	89	85	0	0	0	64	100	51	180	93	0	0	93	70	18	76	5	219	0	0	79	0	98	29	141	142	57	80	72	59	57	67	0	0
ASV_186	68	80	38	0	0	0	33	252	32	28	202	0	0	0	172	0	36	96	126	0	0	577	0	0	0	0	0	98	180	0	0	33	128	0	0
ASV_187	32	39	14	0	0	0	0	314	541	11	0	0	0	0	130	132	24	404	0	126	0	12	0	0	0	11	158	13	204	0	0	0	0	0	0
ASV_188	26	0	112	0	0	0	143	0	0	414	42	0	0	103	31	192	0	0	32	0	47	0	0	106	0	0	167	147	230	106	86	0	164	0	0
ASV_189	93	62	11	0	0	0	108	82	163	34	78	0	20	14	41	26	15	54	180	0	144	51	0	20	21	215	305	61	162	43	86	34	24	0	0
ASV_190	0	1110	136	0	0	0	0	5	63	0	50	0	10	0	56	6	11	0	19	0	0	58	0	34	0	0	32	216	247	69	0	24	0	0	0
ASV_191	70	53	0	0	0	0	536	53	0	47	0	0	0	0	0	0	75	0	0	19	0	0	0	445	0	0	66	0	41	663	0	0	76	0	0
ASV_192	0	0	0	0	0	0	0	0	164	0	505	0	0	0	0	181	0	320	0	0	374	0	0	0	69	37	65	77	0	0	0	260	70	0	0
ASV_193	20	0	81	0	0	0	232	0	19	21	51	0	0	36	13	106	73	24	147	56	54	0	0	149	57	337	215	24	31	105	88	106	43	0	0
ASV_194	6	0	23	0	0	0	85	0	14	0	20	0	0	19	36	492	755	18	0	34	0	0	0	441	19	28	0	0	0	0	98	0	0	0	0
ASV_195	155	18	291	0	0	0	47	39	57	18	164	0	72	425	88	67	20	58	23	36	13	0	0	7	23	102	87	99	26	62	35	19	29	0	0
ASV_196	101	69	35	0	0	0	58	139	39	97	54	0	23	51	0	0	64	0	132	43	57	62	0	23	153	134	80	82	0	99	174	167	134	0	0
ASV_197	907	0	66	0	0	0	252	63	0	0	473	0	0	0	40	0	0	0	0	0	0	0	0	0	0	24	0	101	0	0	0	44	95	0	0
ASV_198	71	29	106	0	0	0	107	93	32	0	41	0	0	0	92	0	148	23	143	0	0	116	0	125	0	53	104	71	166	307	56	112	57	0	0
ASV_199	0	344	0	0	0	0	0	46	67	48	84	0	0	0	0	67	86	0	291	0	0	195	0	0	71	0	0	299	216	86	139	0	0	0	0
ASV_200	198	30	11	0	0	0	116	120	26	260	108	0	42	78	104	14	0	0	288	10	30	21	0	23	15	33	46	234	22	24	53	52	76	0	0
ASV_201	48	0	0	0	0	0	0	145	0	133	0	0	174	701	0	0	0	0	0	28	342	0	0	0	68	0	124	0	0	30	12	202	21	0	0
ASV_202	22	0	93	0	0	0	291	0	264	55	33	0	47	29	216	97	259	31	0	0	0	0	0	147	0	135	23	0	229	0	0	53	0	0	0
ASV_203	7	11	141	0	0	0	28	8	41	17	52	0	21	61	30	182	600	81	7	0	2	10	0	212	7	77	19	156	162	0	52	20	0	0	0
ASV_204	86	0	167	0	0	0	321	0	19	0	29	0	269	0	177	81	60	0	0	113	0	0	0	228	0	52	53	177	171	0	0	0	0	0	0
ASV_205	42	614	12	0	0	2	0	11	0	7	0	0	0	10	5	7	2	0	111	0	75	802	0	17	5	3	10	0	30	32	44	90	72	0	0
ASV_206	345	72	65	0	0	0	0	106	187	27	0	0	0	0	100	0	0	416	0	174	72	53	0	0	32	21	0	0	0	0	0	51	272	0	0
ASV_207	33	93	42	0	0	0	109	249	0	241	12	0	52	23	23	80	63	0	0	0	146	0	0	13	202	50	97	47	0	94	0	200	122	0	0
ASV_208	53	131	41	0	0	0	23	92	28	72	58	0	0	27	24	373	34	0	182	0	20	17	0	11	130	33	23	114	107	76	95	146	52	0	0
ASV_209	0	10	18	0	0	0	59	9	83	0	116	0	0	123	468	0	38	0	195	63	0	189	0	47	0	0	0	143	107	164	116	0	0	0	0
ASV_210	176	63	42	0	0	0	0	106	103	46	53	0	0	5	23	14	35	29	14	150	84	149	0	73	43	272	96	25	44	62	9	143	84	0	0
ASV_211	10	167	98	0	0	0	0	129	27	92	165	0	0	47	0	425	35	0	75	28	19	20	0	47	65	93	49	70	51	86	65	17	38	0	0
ASV_212	49	59	0	0	0	0	281	0	110	253	0	0	0	0	57	58	109	74	103	80	0	0	0	34	0	47	0	34	288	149	55	0	78	0	0
ASV_213	117	19	7	0	0	0	10	46	369	13	7	0	34	9	20	6	33	48	108	0	55	79	0	48	10	33	567	35	32	57	53	55	46	0	0
ASV_214	0	0	0	0	0	0	23	0	1630	0	0	0	0	0	0	0	0	226	0	0	0	0	0	0	0	0	0	0	30	0	0	0	0	0	0
ASV_215	173	105	69	0	0	0	84	113	25	74	53	0	8	82	51	17	58	35	347	60	28	97	0	24	19	61	54	0	81	26	32	42	69	0	0
ASV_216	47	269	0	0	0	0	95	0	67	0	98	0	0	86	18	0	0	0	0	134	0	0	0	20	99	459	142	15	180	0	39	0	98	0	0
ASV_217	101	81	43	0	0	0	0	29	29	56	45	0	74	0	33	0	82	299	0	140	40	99	0	0	79	220	10	0	54	129	52	106	48	0	0
ASV_218	0	148	79	0	0	0	85	82	0	71	74	0	0	70	16	61	43	0	139	27	0	64	0	0	97	51	0	135	150	156	150	97	54	0	0
ASV_219	417	0	0	0	0	0	39	0	11	27	30	0	26	534	23	0	0	0	0	0	12	0	0	0	58	115	22	30	362	0	64	10	49	0	0
ASV_220	164	70	72	0	0	0	39	49	25	79	85	0	105	75	116	88	34	77	116	0	185	0	0	36	37	44	51	23	73	48	33	38	59	0	0
ASV_221	41	24	53	0	0	0	61	0	0	79	33	0	139	0	0	208	102	0	235	13	0	71	0	61	74	0	63	40	49	248	95	0	126	0	6
ASV_222	93	0	76	0	0	0	61	0	0	0	0	0	292	128	27	4	79	0	0	280	36	0	0	0	154	83	120	0	0	84	38	132	114	0	0
ASV_223	288	150	73	0	0	0	64	175	22	127	40	0	21	96	48	9	24	0	0	73	42	118	5	14	0	186	49	0	0	30	14	50	81	0	0
ASV_224	0	0	0	0	0	0	0	0	0	0	0	0	0	0	0	0	0	1716	0	0	0	0	0	0	0	0	77	0	0	0	0	0	0	0	0
ASV_225	56	49	61	0	0	0	126	49	18	48	120	0	176	142	86	0	53	0	0	183	61	0	0	27	75	201	67	50	0	50	0	78	0	0	0
ASV_226	33	16	31	0	0	0	63	66	467	47	68	0	167	0	10	0	0	54	0	176	42	23	0	0	0	119	213	0	0	0	27	107	46	0	0
ASV_227	0	0	58	0	0	0	244	52	100	32	72	0	0	67	0	0	0	12	194	71	0	0	0	103	0	38	47	0	184	0	132	158	209	0	0
ASV_228	65	15	0	0	0	0	65	58	0	30	112	0	0	0	0	0	247	10	0	0	52	0	0	33	0	0	328	190	260	146	161	0	0	0	0
ASV_229	46	159	0	0	0	0	0	48	0	218	127	0	10	41	0	49	42	0	58	115	127	0	0	225	141	65	0	36	0	79	101	48	36	0	0
ASV_230	0	0	94	0	0	0	107	40	123	78	36	0	0	112	105	13	0	30	0	0	0	121	0	28	100	410	116	0	32	70	77	40	35	0	0
ASV_231	388	160	0	0	0	0	40	45	0	82	0	0	0	282	438	0	0	92	0	0	0	0	0	0	0	7	0	11	215	0	0	0	0	0	0
ASV_232	57	0	135	0	0	0	0	0	73	46	170	0	0	55	253	145	44	0	0	370	0	0	0	0	0	230	51	0	71	0	0	52	0	0	0
ASV_233	235	32	63	0	0	0	65	107	0	78	0	0	96	0	0	48	22	78	27	35	65	66	0	100	35	140	100	61	0	87	53	70	88	0	0
ASV_234	0	0	0	0	0	0	146	0	0	0	0	0	266	0	0	378	140	256	0	88	123	0	0	0	0	0	216	0	127	0	0	0	0	0	0
ASV_235	0	0	0	0	0	0	418	377	0	0	126	0	0	121	0	0	0	0	179	0	0	0	0	0	0	56	0	0	0	329	130	0	0	0	0
ASV_236	57	51	34	3	0	0	114	129	57	80	0	0	0	100	81	68	27	0	91	34	17	73	0	35	61	130	175	0	115	38	56	22	85	0	0
ASV_237	36	55	19	0	0	0	41	165	0	297	14	0	0	0	53	18	27	8	482	0	19	93	0	35	46	9	0	49	52	130	32	0	34	0	0
ASV_238	13	142	7	0	3	0	3	47	6	16	2	0	6	0	0	12	147	0	44	0	24	1007	4	31	0	0	18	0	13	14	36	13	53	51	0
ASV_239	0	0	0	0	0	0	0	0	0	0	0	0	0	0	0	0	0	1685	0	0	0	0	0	0	0	0	0	0	0	0	0	0	0	0	0
ASV_240	20	0	0	0	0	0	218	0	0	14	0	0	0	0	0	0	0	98	0	0	0	0	0	0	0	930	0	0	0	0	0	402	0	0	0
ASV_241	213	0	0	0	0	0	0	51	14	40	19	0	1017	0	0	0	0	85	15	0	0	42	0	62	0	0	0	108	11	0	0	0	0	0	0
ASV_242	84	29	16	0	0	0	36	68	0	49	61	0	69	0	89	142	35	54	78	0	313	21	0	52	49	46	36	10	19	34	27	227	30	0	0
ASV_243	0	30	38	0	0	0	83	20	46	37	0	0	159	75	51	47	99	244	0	62	116	0	0	67	22	25	76	100	57	0	84	27	103	0	0
ASV_244	35	73	12	0	0	0	0	166	0	0	106	0	0	143	102	45	0	18	0	27	55	154	0	43	15	171	49	31	103	0	232	0	81	0	0
ASV_245	19	16	13	0	0	5	86	18	70	66	0	0	0	0	151	277	0	73	0	78	291	0	0	0	26	260	0	0	50	9	49	60	22	0	0
ASV_246	103	94	117	0	0	0	69	0	0	56	153	0	133	0	116	0	0	32	0	132	0	0	0	42	87	176	17	93	112	0	0	91	0	0	0
ASV_247	93	122	119	0	0	0	117	73	0	109	60	0	21	64	0	30	27	23	0	42	0	76	0	34	54	142	79	43	75	0	34	77	102	6	0
ASV_248	0	123	51	0	0	0	62	86	20	39	31	0	124	31	0	0	54	55	155	90	197	0	0	73	0	88	0	0	32	84	70	39	99	6	0
ASV_249	282	185	30	0	0	0	32	204	6	72	52	0	12	14	419	4	0	26	0	68	0	0	0	0	0	4	0	0	62	0	54	38	35	0	0
ASV_250	66	124	63	0	0	0	75	97	104	57	0	0	0	0	58	0	0	74	0	68	0	0	0	142	0	62	78	41	210	58	104	0	117	0	0
ASV_251	45	0	79	0	0	0	36	28	0	18	30	0	39	0	149	44	0	34	124	27	194	44	0	29	24	19	201	30	95	77	43	104	84	0	0
ASV_252	106	92	162	0	0	0	108	85	122	55	0	0	48	35	29	195	0	47	0	0	129	0	0	0	0	0	144	0	0	79	58	21	78	0	0
ASV_253	71	101	26	0	0	0	38	31	119	108	56	0	38	65	98	0	26	8	78	13	42	157	0	35	50	30	111	46	81	60	30	18	47	0	0
ASV_254	6	62	95	0	0	0	37	214	0	27	0	0	23	86	143	46	59	20	57	7	68	92	0	186	62	18	0	3	28	11	23	103	100	0	0
ASV_255	0	0	0	0	0	0	0	0	0	0	64	0	0	0	0	0	0	0	287	0	0	29	0	0	10	74	218	13	76	240	563	0	0	0	0
ASV_256	89	58	18	0	0	0	60	54	42	65	84	0	0	12	38	69	85	33	106	47	43	20	0	44	40	69	65	74	119	54	58	60	65	0	0
ASV_257	30	141	119	0	0	0	73	27	28	52	102	0	0	0	41	99	27	0	102	0	18	0	0	20	120	59	34	66	60	101	122	40	69	0	0
ASV_258	63	32	0	0	0	0	0	63	200	47	0	0	0	51	34	0	101	0	33	15	0	27	0	153	19	27	133	85	189	127	99	0	49	0	0
ASV_259	130	135	0	0	0	0	36	187	175	42	35	0	0	0	180	0	0	0	0	0	274	35	0	0	0	247	0	0	0	0	0	69	0	0	0
ASV_260	88	104	84	0	0	0	18	97	14	21	22	0	135	85	46	0	0	83	0	90	42	35	0	16	42	82	191	29	0	59	19	92	28	0	0
ASV_261	182	0	0	0	0	0	0	118	40	60	0	0	17	23	11	61	38	0	251	0	0	74	0	21	145	15	131	52	0	43	73	21	141	0	0
ASV_262	57	0	71	0	0	0	0	80	114	32	0	0	0	0	0	0	0	0	74	0	0	105	0	0	33	234	105	102	253	0	0	125	132	0	0
ASV_263	0	41	622	0	0	0	30	0	0	0	37	0	0	62	0	0	0	47	0	0	87	16	0	0	0	0	321	0	0	143	58	49	0	0	0
ASV_264	56	0	77	0	0	0	80	0	0	27	0	0	25	222	78	0	177	0	36	77	29	0	0	113	20	27	38	130	89	0	99	55	55	0	0
ASV_265	0	0	0	0	0	0	0	0	0	0	0	0	0	0	0	0	0	1503	0	0	0	0	0	0	0	0	0	0	0	0	0	0	0	0	0
ASV_266	37	39	127	0	0	0	6	0	0	151	222	0	0	42	179	0	0	125	0	0	155	66	0	0	0	0	120	61	0	0	0	168	0	0	0
ASV_267	199	0	286	0	0	0	0	0	0	0	131	0	0	96	0	0	0	0	0	628	129	0	0	0	0	0	0	0	0	28	0	0	0	0	0
ASV_268	44	47	0	0	0	0	26	81	185	37	82	0	0	65	23	0	0	27	86	0	18	101	0	12	120	44	21	72	107	63	41	93	102	0	0
ASV_269	39	107	22	0	0	0	26	35	70	32	90	0	31	30	179	24	47	39	64	22	34	82	0	50	17	26	89	39	94	53	69	23	56	0	0
ASV_270	24	57	44	0	0	0	13	53	88	92	141	0	0	16	11	8	333	19	20	74	0	22	0	34	124	44	0	0	66	78	44	52	22	0	0
ASV_271	488	0	0	0	0	0	38	26	0	0	0	0	0	0	108	88	0	0	0	47	206	0	0	55	56	0	0	0	0	112	33	83	123	0	0
ASV_272	0	0	0	0	0	0	0	0	0	43	0	0	836	81	0	0	0	122	0	0	157	0	6	39	47	0	52	0	0	0	38	0	41	0	0
ASV_273	21	17	50	0	0	0	121	9	112	0	0	0	64	0	83	11	27	343	0	0	69	20	0	289	0	25	38	0	24	97	30	0	0	0	0
ASV_274	0	43	10	0	0	0	49	24	0	64	16	0	0	0	0	96	0	0	48	0	0	0	0	0	12	409	299	308	34	0	12	0	19	0	0
ASV_275	0	35	72	0	0	0	89	0	0	0	0	0	91	146	78	41	396	85	0	0	0	0	0	0	0	236	107	0	0	0	66	0	0	0	0
ASV_276	57	115	25	0	0	0	30	32	21	83	162	0	0	0	31	91	87	0	182	0	0	11	0	3	0	11	15	17	44	160	221	0	37	0	0
ASV_277	125	92	75	0	0	0	98	5	32	21	170	0	69	68	45	11	71	5	16	134	41	0	0	21	37	109	9	81	0	40	0	41	12	0	0
ASV_278	0	0	0	0	0	0	0	174	446	0	0	0	0	0	0	0	0	158	0	0	0	0	0	0	56	260	0	0	0	83	84	165	0	0	0
ASV_279	0	139	47	0	0	0	137	17	32	27	56	0	45	34	110	22	43	25	55	27	12	0	0	18	31	50	60	55	72	164	64	33	46	0	0
ASV_280	0	0	76	0	0	0	112	0	0	0	0	0	0	116	0	116	0	246	0	0	42	0	0	0	0	623	0	0	0	0	0	89	0	0	0
ASV_281	0	36	27	0	0	0	31	17	80	126	19	0	17	19	25	259	37	47	57	23	39	56	0	19	38	82	36	64	101	67	35	14	41	0	0
ASV_282	0	0	54	0	0	0	0	0	0	81	276	0	27	0	0	0	308	0	0	204	0	23	0	0	0	0	0	108	0	177	67	79	0	0	0
ASV_283	0	0	0	0	0	0	140	0	16	0	19	0	0	0	97	20	175	0	0	16	131	3	0	349	0	78	275	0	0	51	24	0	10	0	0
ASV_284	85	55	29	0	0	0	112	121	0	77	38	0	0	58	0	35	20	38	72	0	64	50	0	72	47	112	114	31	0	54	23	42	48	0	0
ASV_285	99	74	29	0	0	0	14	89	46	8	12	0	11	26	33	23	80	24	107	22	27	98	0	43	17	110	188	27	31	54	56	19	26	0	0
ASV_286	132	0	64	0	0	0	107	105	0	49	99	0	0	52	12	18	72	0	29	62	15	0	0	0	0	283	0	62	52	40	45	92	0	0	0
ASV_287	0	0	0	0	0	0	638	0	0	0	21	0	0	0	49	0	40	17	0	101	21	0	0	22	0	38	232	107	26	27	17	0	22	0	0
ASV_288	13	11	97	0	0	0	187	0	74	4	7	0	138	0	38	80	0	259	0	21	81	0	0	153	0	69	74	0	65	0	0	0	0	0	0
ASV_289	133	0	181	0	0	0	18	14	0	0	60	0	96	87	16	0	43	71	65	17	54	33	0	29	33	215	29	0	58	0	44	66	0	0	0
ASV_290	17	8	0	0	0	0	4	146	35	3	0	0	143	40	150	5	0	16	0	14	7	85	0	0	0	348	153	35	18	0	124	8	0	0	0
ASV_291	0	0	0	0	0	0	0	0	0	0	115	1240	0	0	0	0	0	0	0	0	0	0	0	0	0	0	0	0	0	0	0	0	0	0	0
ASV_292	55	63	39	0	0	0	107	64	14	112	68	0	36	0	60	0	200	33	50	67	0	0	0	0	45	45	50	20	40	0	11	101	65	0	0
ASV_293	0	0	0	0	0	0	0	54	0	0	63	0	234	77	46	129	0	120	0	41	56	0	7	71	43	0	71	0	100	106	65	57	0	0	0
ASV_294	74	46	0	0	0	0	115	55	0	62	0	0	54	74	0	0	158	0	0	71	0	0	0	22	0	72	83	0	88	21	300	0	42	0	0
ASV_295	0	79	0	0	0	0	45	43	40	0	215	0	0	0	69	0	83	0	38	34	27	0	0	29	85	55	50	144	85	51	54	57	54	0	0
ASV_296	175	0	0	0	0	0	0	0	75	94	0	0	0	0	35	0	64	0	0	193	64	132	0	61	0	97	148	0	131	0	0	0	67	0	0
ASV_297	135	37	57	0	0	0	0	63	0	0	19	0	62	119	0	0	75	57	0	122	10	0	0	41	8	71	60	66	81	0	173	79	0	0	0
ASV_298	0	0	0	0	0	0	0	583	0	82	0	0	0	0	49	0	0	155	0	137	0	0	0	92	90	0	48	0	89	0	0	0	0	0	0
ASV_299	0	0	30	0	0	0	112	0	24	7	47	0	101	24	11	313	162	36	0	42	150	0	0	119	0	3	66	30	8	0	13	12	8	0	0
ASV_300	17	53	37	0	0	0	43	83	0	34	34	0	0	24	25	178	114	0	45	0	0	46	0	80	70	47	28	65	85	44	97	26	38	0	0
ASV_301	0	40	0	0	0	0	172	0	25	0	0	0	15	72	0	0	0	176	0	309	41	0	0	139	85	0	0	0	0	0	194	23	17	0	0
ASV_302	26	106	90	0	0	0	42	0	0	127	0	0	205	51	112	0	0	46	0	0	55	47	0	0	119	75	0	55	0	0	0	150	0	0	0
ASV_303	0	0	73	0	0	0	146	66	0	33	0	0	0	38	238	59	9	17	55	145	15	17	0	0	0	231	66	32	25	0	12	0	23	0	0
ASV_304	60	122	166	0	0	0	14	61	12	41	27	0	36	77	0	31	25	0	16	0	0	17	0	57	63	59	36	42	41	99	50	119	25	0	0
ASV_305	0	53	60	0	0	0	18	96	0	113	0	0	25	26	25	140	0	17	0	59	28	41	0	0	51	0	67	114	118	70	78	90	0	0	0
ASV_306	66	75	34	0	0	0	47	41	60	86	83	0	0	38	42	6	51	24	189	6	13	45	0	47	25	36	91	33	46	25	36	19	24	0	0
ASV_307	20	29	38	0	0	0	20	0	0	0	0	0	245	56	27	12	15	37	0	10	176	106	0	0	0	0	197	52	0	0	25	157	65	0	0
ASV_308	71	76	66	0	0	0	89	66	0	73	79	0	28	49	72	0	0	108	30	0	26	44	0	9	12	127	41	0	55	25	34	78	28	0	0
ASV_309	12	159	85	0	0	0	26	71	11	119	64	0	15	135	47	0	17	24	94	33	0	70	0	15	61	25	25	0	20	19	10	57	71	0	0
ASV_310	0	0	0	0	0	0	0	0	22	0	0	0	0	37	0	0	573	0	0	0	0	0	0	298	0	28	0	323	0	0	0	0	0	0	0
ASV_311	106	27	0	0	0	0	35	27	80	95	24	0	0	0	38	76	46	151	21	0	233	28	0	15	0	0	116	0	55	35	0	39	31	0	0
ASV_312	40	0	83	0	0	0	113	43	36	28	35	0	0	17	13	18	24	0	116	140	0	39	0	0	95	104	28	65	68	36	48	61	27	0	0
ASV_313	24	0	43	0	0	0	60	25	15	20	34	0	44	22	11	131	77	72	0	0	253	20	0	144	0	7	44	61	54	0	69	26	14	0	0
ASV_314	238	75	22	0	0	0	11	10	0	12	15	0	97	28	26	8	142	16	0	32	16	0	0	81	130	8	7	12	73	110	24	75	0	0	0
ASV_315	102	0	0	1166	0	0	0	0	0	0	0	0	0	0	0	0	0	0	0	0	0	0	0	0	0	0	0	0	0	0	0	0	0	0	0
ASV_316	197	0	83	0	0	0	0	125	0	176	111	0	0	0	0	0	0	0	52	0	27	62	0	0	0	0	123	0	0	154	0	103	53	0	0
ASV_317	0	29	50	0	0	0	59	26	54	0	0	0	183	57	69	49	0	168	0	0	39	0	0	140	0	0	76	0	263	0	0	0	0	0	0
ASV_318	105	78	51	0	0	0	85	97	28	108	73	0	51	52	24	0	0	25	0	62	37	0	0	27	35	49	66	0	0	51	0	63	87	0	0
ASV_319	44	16	66	0	0	0	120	0	73	21	14	0	48	27	51	28	89	56	37	103	57	49	0	0	0	46	103	33	29	28	0	49	61	0	0
ASV_320	54	68	30	0	0	0	45	75	0	63	38	0	0	38	29	0	20	0	40	55	0	0	0	42	29	116	113	65	0	153	73	22	80	0	0
ASV_321	0	67	90	0	0	0	47	102	0	75	191	0	0	0	0	0	0	20	71	0	12	0	3	0	51	81	0	108	94	72	47	54	61	0	0
ASV_322	0	35	0	0	0	0	58	15	0	0	0	0	0	0	89	0	452	39	49	0	0	57	0	0	0	68	0	136	152	96	0	0	0	0	0
ASV_323	58	0	141	0	0	0	0	9	0	8	174	0	0	77	62	6	19	20	102	228	33	112	0	0	0	0	0	0	8	0	49	52	83	0	0
ASV_324	33	30	66	0	0	0	108	71	180	54	55	0	0	155	0	0	49	0	0	0	0	0	0	39	84	58	65	65	79	0	0	49	0	0	0
ASV_325	0	0	31	0	0	0	0	0	0	0	0	0	43	38	49	312	34	178	0	33	0	0	0	109	0	21	139	100	75	14	39	0	24	0	0
ASV_326	27	17	52	0	0	0	41	18	11	16	182	0	475	30	19	21	0	32	0	0	130	0	0	0	14	42	0	27	0	0	0	82	0	0	0
ASV_327	0	0	0	0	0	0	88	0	0	0	0	0	0	0	70	147	179	64	0	0	0	0	0	314	0	0	0	222	109	0	42	0	0	0	0
ASV_328	67	68	111	0	0	0	33	0	0	48	59	0	0	77	59	8	61	0	71	26	0	0	0	0	80	69	0	51	56	112	90	65	22	0	0
ASV_329	0	0	28	0	0	0	60	0	70	0	13	0	254	15	26	170	99	136	0	32	131	0	0	80	0	20	34	0	40	0	20	0	0	0	0
ASV_330	218	0	103	0	0	0	27	0	0	45	0	0	0	55	175	83	46	0	0	0	40	89	0	0	127	29	0	14	0	42	62	63	0	0	0
ASV_331	130	124	26	0	0	0	38	92	0	0	284	0	0	0	0	20	0	165	0	0	147	0	0	64	0	0	105	0	18	0	0	0	0	0	0
ASV_332	72	0	0	0	0	0	0	0	190	0	0	0	196	408	0	20	0	37	0	0	289	0	0	0	0	0	0	0	0	0	0	0	0	0	0
ASV_333	44	43	0	0	0	0	15	34	20	38	34	0	116	56	42	0	0	48	0	43	0	106	0	0	31	18	0	16	123	140	56	41	147	0	0
ASV_334	72	0	68	0	0	0	143	22	41	0	0	0	37	0	0	96	181	0	0	0	0	0	0	63	31	0	156	110	0	76	72	41	0	0	0
ASV_335	71	175	0	0	0	0	0	395	0	0	0	0	0	0	0	0	0	0	0	565	0	0	0	0	0	0	0	0	0	0	0	0	0	0	0
ASV_336	6	0	5	0	0	0	217	0	36	0	0	0	0	3	0	0	0	360	0	0	10	0	5	0	0	194	277	0	92	0	0	0	0	0	0
ASV_337	25	0	30	0	0	0	45	25	31	40	0	0	39	29	36	113	50	80	40	0	299	22	0	0	42	20	20	18	13	125	0	38	18	0	0
ASV_338	101	67	0	0	0	0	42	82	53	36	0	0	0	0	50	27	67	42	51	47	50	0	0	0	0	145	0	0	101	0	66	66	99	0	0
ASV_339	0	224	62	0	0	0	129	211	0	15	0	0	25	5	0	0	0	101	0	0	73	18	0	9	0	0	199	4	2	0	34	80	0	0	0
ASV_340	0	33	0	58	0	56	0	0	0	0	0	0	0	0	0	0	0	0	0	0	0	0	0	0	56	0	0	0	0	136	279	458	114	0	0
ASV_341	0	0	0	0	0	0	183	0	110	0	0	0	0	0	0	14	23	0	0	62	0	4	0	62	0	104	540	20	62	0	0	0	0	0	0
ASV_342	9	0	57	0	0	0	0	0	17	0	69	0	0	0	8	0	0	0	6	0	0	0	0	35	13	0	0	725	119	0	105	16	0	0	0
ASV_343	131	39	0	0	0	0	49	8	11	0	0	0	30	0	116	0	0	109	0	93	171	0	0	0	39	73	93	24	36	58	0	38	55	0	0
ASV_344	18	483	0	0	0	0	0	0	11	153	41	0	0	0	0	0	327	0	0	0	0	0	0	0	12	0	0	83	0	0	43	0	0	0	0
ASV_345	99	0	86	0	0	0	74	0	0	49	85	0	27	32	0	0	0	0	0	138	36	125	0	33	34	142	102	36	0	72	0	0	0	0	0
ASV_346	0	0	0	0	0	0	31	0	0	9	29	0	0	0	15	39	169	24	27	0	10	0	0	321	0	43	0	337	61	0	55	0	0	0	0
ASV_347	0	0	0	0	0	0	0	53	0	106	0	0	0	50	0	38	0	0	166	0	12	0	0	0	64	0	25	20	136	231	135	0	134	0	0
ASV_348	0	0	0	0	0	0	0	0	0	0	0	0	0	0	0	0	858	0	0	0	0	0	0	0	0	60	108	0	0	0	143	0	0	0	0
ASV_349	0	43	0	0	0	0	80	49	0	69	0	0	16	107	26	0	44	19	0	0	0	117	0	52	0	155	48	0	0	85	41	87	130	0	0
ASV_350	80	9	40	0	0	0	10	45	44	18	60	0	57	24	0	68	25	61	31	178	9	0	0	25	48	44	62	5	17	7	72	47	79	0	0
ASV_351	154	142	0	0	0	0	0	48	0	76	0	0	0	30	61	0	0	56	18	34	0	77	0	27	0	49	38	59	56	0	33	0	206	0	0
ASV_352	30	21	30	0	0	0	96	65	11	63	20	0	27	43	33	276	20	0	80	14	34	27	0	9	0	51	32	53	37	16	15	27	33	0	0
ASV_353	0	0	238	0	0	0	201	0	25	0	85	0	0	0	239	21	11	0	0	46	19	0	0	72	21	0	0	0	0	0	0	185	0	0	0
ASV_354	89	168	50	0	0	0	34	73	13	63	14	0	0	98	28	23	5	0	36	0	58	7	0	8	72	4	22	19	131	30	79	15	22	0	0
ASV_355	0	0	0	0	0	0	38	0	0	9	24	0	126	0	0	414	49	94	0	36	51	45	0	36	0	24	62	79	65	0	0	0	0	0	0
ASV_356	0	0	26	0	0	0	118	10	45	0	28	0	27	0	24	106	123	49	75	24	32	0	0	137	0	22	48	69	37	36	109	0	0	0	0
ASV_357	548	0	0	0	0	0	86	0	71	158	0	0	0	0	0	64	0	0	0	0	0	0	3	0	0	0	0	0	159	0	0	53	0	0	0
ASV_358	41	282	179	0	0	0	0	0	0	107	0	0	0	197	0	0	0	0	0	0	0	0	0	0	0	237	98	0	0	0	0	0	0	0	0
ASV_359	225	303	0	0	0	0	0	0	0	252	0	0	0	0	0	0	0	0	0	0	0	0	349	0	0	0	0	0	0	0	0	0	0	0	0
ASV_360	0	94	0	0	0	0	0	91	0	0	92	0	63	0	34	23	29	80	0	55	150	0	0	65	0	0	62	0	60	47	0	0	182	0	0
ASV_361	0	0	0	0	0	0	0	0	0	0	0	0	0	0	0	0	0	0	0	0	0	0	0	0	0	0	0	0	0	0	0	1109	0	0	0
ASV_362	62	84	16	0	0	0	64	20	39	22	19	0	0	19	25	38	34	38	19	21	106	0	0	0	47	20	55	25	62	132	28	43	67	0	0
ASV_363	0	0	0	0	0	0	61	0	0	100	65	0	0	0	0	42	11	0	209	0	0	0	0	0	94	0	0	99	200	107	50	0	63	0	0
ASV_364	0	0	0	0	0	0	130	0	59	0	0	0	201	18	0	0	0	192	0	161	143	0	0	0	0	28	151	0	0	0	0	0	0	16	0
ASV_365	0	63	0	0	0	0	0	0	0	0	239	0	0	0	0	0	0	0	0	358	0	0	0	126	142	0	25	68	0	0	76	0	0	0	0
ASV_366	0	0	0	0	0	0	15	19	0	0	0	0	0	28	0	0	0	308	0	0	0	0	0	0	0	0	357	10	0	0	0	346	9	0	0
ASV_367	52	0	0	0	0	0	29	16	0	0	0	0	0	112	26	21	0	83	52	0	102	16	0	30	0	95	97	220	36	35	24	0	34	0	0
ASV_368	0	0	0	0	0	0	0	0	0	0	0	0	0	0	172	0	0	83	0	514	0	0	0	86	0	46	147	0	28	0	0	0	0	0	0
ASV_369	0	0	0	0	0	0	0	65	0	83	24	0	0	17	54	226	0	16	228	39	38	171	0	0	0	0	0	0	0	0	59	0	34	19	0
ASV_370	31	20	19	0	0	0	11	41	22	28	28	0	0	11	18	0	11	0	179	78	0	40	0	27	39	68	95	7	45	64	61	35	87	0	3
ASV_371	73	0	55	0	0	0	72	0	46	32	0	0	285	65	0	0	0	49	0	0	98	0	8	0	47	0	40	0	44	68	24	0	61	0	0
ASV_372	0	58	55	0	0	0	0	0	63	0	63	0	0	43	50	15	36	46	32	39	37	9	0	42	59	53	49	61	27	62	41	72	55	0	0
ASV_373	43	51	34	0	0	0	59	27	25	0	28	0	0	44	44	0	50	0	65	60	28	46	0	25	0	84	64	0	100	84	44	0	58	0	0
ASV_374	231	41	16	0	0	0	36	0	44	21	41	0	10	25	23	11	142	10	24	0	0	82	0	37	5	44	112	27	31	16	18	15	0	0	0
ASV_375	62	0	0	0	0	0	49	0	40	0	0	0	289	0	0	0	0	317	0	116	0	0	0	0	0	49	0	0	135	0	0	0	0	0	0
ASV_376	0	0	77	0	0	0	0	47	0	0	26	0	0	0	0	0	21	96	0	420	0	0	0	43	0	156	96	53	0	0	16	0	0	0	0
ASV_377	0	3	16	0	0	0	21	0	34	0	24	0	51	14	35	234	55	100	32	15	40	0	0	70	0	0	61	46	121	0	71	6	0	0	0
ASV_378	0	0	0	0	0	0	24	19	30	0	16	0	72	10	22	168	72	31	0	18	107	12	0	162	14	19	137	28	22	13	21	0	32	0	0
ASV_379	156	45	189	0	0	0	0	0	0	42	87	0	0	41	0	24	18	85	24	93	0	0	0	9	48	108	0	23	54	0	0	0	0	0	0
ASV_380	44	66	56	0	0	6	0	21	0	24	17	0	117	0	0	0	0	0	0	0	620	0	0	0	12	0	0	0	0	0	0	59	0	0	0
ASV_381	85	0	56	0	0	0	92	93	0	97	0	0	24	77	81	0	0	61	0	72	65	65	0	0	0	0	43	0	0	46	22	0	61	0	0
ASV_382	56	22	60	0	0	0	62	20	37	36	51	0	9	23	12	85	28	44	22	24	25	4	0	64	35	87	0	43	0	81	53	54	0	0	0
ASV_383	17	0	0	0	0	0	9	0	12	0	0	0	90	0	466	0	0	52	8	35	0	0	0	0	27	0	16	0	59	154	78	0	14	0	0
ASV_384	119	0	150	0	0	0	27	0	0	0	0	0	0	0	0	0	0	0	0	0	0	0	0	0	0	618	103	0	16	0	0	0	0	0	0
ASV_385	0	61	54	0	0	0	39	100	0	0	69	0	0	63	0	0	0	0	0	0	0	0	0	31	104	40	70	130	230	41	0	0	0	0	0
ASV_386	15	19	0	0	0	0	16	10	66	56	50	0	0	0	46	0	32	23	85	69	34	81	0	39	29	28	32	31	66	88	40	0	71	0	0
ASV_387	0	162	0	0	0	0	48	0	0	98	0	0	0	0	0	0	0	0	295	0	0	58	0	122	0	130	0	0	113	0	0	0	0	0	0
ASV_388	0	0	28	0	0	0	20	41	35	0	77	0	43	41	30	138	108	17	0	0	0	0	0	87	0	21	136	83	21	0	47	19	30	0	0
ASV_389	21	47	31	0	0	0	50	13	40	10	51	0	0	0	22	0	0	34	26	38	98	0	0	49	101	0	69	52	29	86	84	22	47	0	0
ASV_390	90	0	0	0	0	0	0	23	0	23	0	0	0	0	119	15	0	52	0	348	0	0	7	0	0	124	76	0	135	0	0	0	0	0	0
ASV_391	0	76	0	0	0	0	97	19	0	12	70	0	0	0	0	30	15	0	0	298	0	0	0	31	0	109	194	37	21	0	0	0	0	0	0
ASV_392	32	53	0	0	0	0	0	83	214	26	0	0	26	37	49	0	0	0	93	45	31	143	0	0	0	38	0	0	82	0	0	0	56	0	0
ASV_393	57	38	0	0	0	0	40	44	22	38	0	0	0	0	0	0	25	11	173	68	0	129	0	0	36	22	192	0	0	51	60	0	0	0	0
ASV_394	0	0	0	0	0	0	119	0	50	0	0	0	0	0	0	117	0	56	0	23	588	0	0	0	0	0	53	0	0	0	0	0	0	0	0
ASV_395	0	0	0	0	0	0	0	0	0	0	0	0	1000	0	0	0	0	0	0	0	0	0	0	0	0	0	0	0	0	0	0	0	0	0	0
ASV_396	52	0	39	0	0	0	15	0	76	0	0	0	0	0	91	0	59	0	0	0	0	95	0	40	50	0	0	0	175	180	53	21	45	0	0
ASV_397	28	75	51	0	0	0	26	0	0	14	20	0	50	0	0	611	0	0	26	0	0	0	0	39	0	0	0	19	0	16	0	16	0	0	0
ASV_398	0	75	39	0	0	0	53	0	335	26	0	0	0	0	0	55	0	0	34	0	0	0	0	54	0	29	72	60	155	0	0	0	0	0	0
ASV_399	34	34	23	0	0	0	154	23	0	58	33	0	0	0	55	18	79	9	165	11	11	17	0	36	71	18	7	61	7	40	0	0	21	0	0
ASV_400	0	0	21	0	0	0	15	0	14	0	45	0	55	21	53	253	96	12	0	10	0	0	0	64	13	44	0	102	61	0	78	21	7	0	0
ASV_401	0	15	85	0	0	0	40	23	0	38	139	0	0	67	0	27	0	22	0	30	43	0	0	133	53	0	77	76	0	75	0	28	0	0	0
ASV_402	299	22	0	0	0	0	62	0	0	21	24	0	15	37	0	16	18	0	0	24	14	14	0	72	0	129	0	24	0	0	39	24	114	0	0
ASV_403	0	0	0	0	0	0	26	0	20	0	0	0	0	0	0	0	688	0	0	0	0	46	0	0	0	0	0	101	69	0	18	0	0	0	0
ASV_404	21	0	0	0	0	0	163	0	0	542	0	0	0	9	0	0	0	0	0	0	124	0	0	0	0	0	0	0	0	0	0	70	36	0	0
ASV_405	0	6	214	0	0	0	270	0	0	18	0	0	0	17	105	11	31	29	0	14	0	8	0	204	0	0	0	0	11	0	0	0	25	0	0
ASV_406	0	0	0	0	0	0	164	0	0	0	104	0	255	58	34	0	157	26	0	0	0	0	0	103	0	36	0	0	26	0	0	0	0	0	0
ASV_407	36	7	46	0	0	0	245	0	53	0	16	0	0	0	0	0	41	0	99	0	0	0	0	0	42	0	31	0	303	41	0	0	0	0	0
ASV_408	42	73	25	0	0	0	0	41	35	88	0	0	19	0	26	30	20	20	29	15	15	5	4	73	7	35	63	82	59	48	25	28	52	0	0
ASV_409	46	0	0	0	0	0	176	122	56	22	47	0	0	89	31	0	0	0	0	90	0	0	0	26	39	41	22	0	0	0	0	90	53	0	0
ASV_410	0	49	0	0	0	0	0	30	0	12	21	0	0	0	0	498	0	0	104	0	0	54	0	0	0	20	41	0	67	0	18	0	35	0	0
ASV_411	68	15	38	0	0	0	26	65	106	48	9	0	56	30	83	12	29	11	25	30	39	8	0	36	10	41	38	23	38	18	7	0	38	0	0
ASV_412	62	40	26	0	0	0	28	0	0	40	50	0	19	42	29	46	57	0	0	66	29	0	0	37	72	0	41	40	41	81	38	35	28	0	0
ASV_413	0	125	34	0	0	0	25	0	0	64	0	0	0	0	86	69	0	0	0	139	40	0	0	30	0	0	0	0	96	0	54	0	185	0	0
ASV_414	0	12	62	0	0	0	100	0	57	0	0	0	0	0	60	0	0	60	0	354	0	31	0	0	0	79	57	43	30	0	0	0	0	0	0
ASV_415	52	90	152	0	0	0	24	88	35	99	0	0	0	97	0	0	66	0	40	0	0	91	0	0	0	0	0	39	0	0	0	0	69	0	0
ASV_416	0	0	157	0	0	0	39	84	40	52	0	0	51	0	0	54	0	36	0	278	0	0	0	35	0	33	0	53	25	0	0	0	0	0	0
ASV_417	0	0	0	338	43	179	0	11	0	0	0	0	0	0	0	19	0	0	0	0	34	0	288	0	0	0	0	12	0	0	11	0	0	0	0
ASV_418	0	30	0	0	0	0	92	139	42	136	34	0	0	73	0	41	0	0	55	0	0	0	0	0	44	0	99	0	0	0	145	0	0	0	0
ASV_419	0	0	175	0	0	0	22	0	107	0	82	0	0	0	95	24	0	28	61	58	0	0	0	24	108	118	13	0	0	0	0	11	0	0	0
ASV_420	20	22	27	0	0	0	53	47	8	24	57	0	13	37	22	13	41	26	75	6	27	30	0	44	15	40	55	16	43	66	21	28	49	0	0
ASV_421	0	25	24	0	0	0	46	25	0	0	42	0	64	0	130	0	0	32	54	44	0	0	0	0	0	64	135	84	32	71	26	24	0	0	0
ASV_422	39	78	64	0	0	0	32	68	10	75	22	0	0	46	18	33	14	0	31	13	10	15	0	41	64	32	25	47	12	34	33	34	28	0	0
ASV_423	13	26	20	0	0	0	59	16	47	61	29	0	22	0	0	19	56	72	17	71	32	29	0	50	0	100	34	48	31	16	0	24	25	0	0
ASV_424	52	39	0	0	0	0	23	89	18	0	0	0	0	0	0	0	87	0	225	21	0	71	0	0	66	40	18	0	20	93	16	0	38	0	0
ASV_425	23	43	0	0	0	0	19	0	0	27	0	0	20	0	105	94	78	61	79	69	80	0	0	34	32	0	47	0	26	26	0	52	0	0	0
ASV_426	74	33	0	0	0	0	0	37	20	0	47	0	0	0	0	0	85	0	70	66	0	57	0	98	53	72	125	0	12	39	0	0	26	0	0
ASV_427	0	0	0	0	0	0	0	0	8	0	0	0	0	0	0	0	298	5	0	16	0	0	0	288	0	77	137	14	71	0	0	0	0	0	0
ASV_428	310	0	189	0	0	0	0	0	53	63	0	0	0	0	0	85	0	126	0	0	86	0	0	0	0	0	0	0	0	0	0	0	0	0	0
ASV_429	29	49	84	0	0	0	93	36	0	23	46	0	0	53	0	0	20	0	0	0	0	70	0	34	46	51	45	0	0	68	0	0	161	0	0
ASV_430	0	0	0	0	0	0	67	0	29	0	0	0	0	0	84	0	0	0	0	282	0	0	0	6	0	262	25	17	134	0	0	0	0	0	0
ASV_431	0	42	0	0	0	0	7	0	53	0	14	0	0	0	24	0	61	0	131	33	7	158	0	17	0	6	4	30	44	127	42	0	103	0	0
ASV_432	169	14	0	0	0	0	22	22	19	0	71	0	0	0	30	8	33	0	151	14	14	0	0	37	105	0	31	0	54	12	21	0	73	0	0
ASV_433	22	0	81	5	0	0	91	0	46	0	34	0	0	0	0	191	0	58	9	0	196	0	0	36	0	16	56	59	0	0	0	0	0	0	0
ASV_434	49	0	0	0	0	0	73	168	0	31	0	0	0	0	0	0	0	0	0	0	0	0	0	0	67	237	30	0	0	76	0	168	0	0	0
ASV_435	427	8	28	0	0	0	0	0	0	23	0	0	0	32	0	13	15	0	0	15	50	0	3	16	21	85	58	0	0	36	14	39	12	0	0
ASV_436	0	0	103	0	0	0	0	0	0	0	0	0	0	0	0	147	0	0	0	0	0	0	0	0	0	645	0	0	0	0	0	0	0	0	0
ASV_437	0	0	0	0	0	0	57	0	0	0	0	0	0	0	0	0	0	0	76	42	0	0	0	164	150	75	28	0	0	122	58	66	52	0	0
ASV_438	54	0	27	0	0	0	0	60	0	0	0	0	18	0	0	0	0	37	0	108	25	43	0	94	0	30	282	0	36	0	36	0	38	0	0
ASV_439	67	22	97	0	0	0	14	0	0	49	64	0	39	72	71	0	27	23	0	24	109	0	0	19	61	0	26	22	14	32	0	35	0	0	0
ASV_440	7	5	83	0	0	0	176	31	15	0	29	0	0	7	0	0	50	0	15	0	44	0	0	0	50	64	86	53	16	74	5	37	35	0	0
ASV_441	22	0	0	0	0	0	53	0	37	54	19	0	11	27	23	162	50	31	0	0	12	0	0	93	0	66	0	126	74	0	0	21	0	0	0
ASV_442	36	35	0	0	0	0	24	0	0	0	47	0	0	0	0	0	67	0	422	0	0	31	0	45	0	0	77	0	0	34	0	43	19	0	0
ASV_443	0	0	64	0	0	0	19	48	20	35	0	0	23	40	0	0	84	13	0	28	101	0	0	0	74	0	0	0	0	185	37	8	101	0	0
ASV_444	0	0	52	0	0	0	27	29	0	37	43	0	0	0	36	0	0	0	77	74	35	0	0	0	0	114	0	0	0	95	77	63	119	0	0
ASV_445	0	0	0	0	0	0	84	0	0	0	0	0	0	0	7	0	224	0	0	0	0	0	0	197	0	14	0	264	53	0	34	0	0	0	0
ASV_446	17	14	33	0	0	0	13	12	29	12	50	0	21	33	0	80	96	28	89	15	8	11	0	22	38	40	41	0	46	0	55	25	48	0	0
ASV_447	0	0	0	0	0	0	0	0	0	0	0	0	52	20	0	0	0	0	0	57	0	0	0	701	0	0	46	0	0	0	0	0	0	0	0
ASV_448	0	0	0	0	0	0	0	0	59	0	0	0	0	0	207	0	0	84	0	181	0	55	0	0	0	46	241	0	0	0	0	0	0	0	0
ASV_449	0	0	0	0	0	0	102	0	16	0	0	0	0	0	11	0	424	0	0	0	0	0	0	162	0	22	75	59	0	0	0	0	0	0	0
ASV_450	0	0	0	0	0	0	0	0	0	0	0	0	18	0	0	161	0	135	0	0	0	0	0	557	0	0	0	0	0	0	0	0	0	0	0
ASV_451	49	117	32	0	0	0	0	37	0	205	12	0	25	65	0	0	0	30	0	0	67	0	0	0	62	25	0	0	0	0	31	112	0	0	0
ASV_452	9	71	45	0	0	0	0	38	0	97	22	0	0	0	16	229	43	0	0	0	22	13	0	21	24	8	0	24	67	20	99	0	0	0	0
ASV_453	136	33	25	0	0	0	0	83	13	51	0	0	24	0	0	83	0	56	18	0	85	17	0	0	0	98	39	17	0	0	0	30	57	0	0
ASV_454	0	0	0	0	0	0	0	0	0	0	0	0	241	91	0	0	0	0	0	0	0	0	0	0	31	0	0	0	0	40	0	394	68	0	0
ASV_455	0	25	0	0	0	0	29	28	86	40	29	0	0	48	65	37	0	0	0	0	0	190	0	0	0	0	169	32	85	0	0	0	0	0	0
ASV_456	36	22	50	0	0	0	98	0	34	17	47	0	0	0	46	41	58	66	0	0	52	0	0	15	36	68	53	39	36	32	0	0	14	0	0
ASV_457	0	49	0	0	0	0	0	0	0	0	0	0	0	86	0	0	0	34	0	0	0	308	0	0	0	0	0	0	0	0	0	46	278	59	0
ASV_458	72	0	18	0	0	0	54	79	61	36	0	0	96	0	38	24	0	121	0	38	0	29	0	22	0	13	20	11	33	0	56	24	0	14	0
ASV_459	0	42	0	0	0	0	66	46	48	22	0	0	0	0	85	0	31	63	66	58	73	16	0	0	0	0	59	31	61	0	47	0	41	0	0
ASV_460	121	36	73	0	0	0	43	0	0	0	0	0	0	0	0	0	0	139	72	0	0	0	0	0	0	0	240	0	0	89	0	0	38	0	0
ASV_461	60	113	28	0	0	0	0	62	0	89	38	0	0	0	20	0	13	0	24	13	0	89	0	19	0	61	70	23	59	26	0	13	30	0	0
ASV_462	17	0	0	0	0	0	0	0	0	0	0	0	0	0	0	0	0	665	0	0	119	49	0	0	0	0	0	0	0	0	0	0	0	0	0
ASV_463	31	63	15	0	0	0	0	53	35	132	17	0	24	18	18	0	73	24	16	35	9	55	0	0	10	21	42	0	51	14	35	24	31	0	0
ASV_464	19	59	39	0	0	0	15	23	17	52	22	0	0	0	0	36	36	0	158	7	22	21	0	10	21	27	24	52	47	47	41	37	13	0	0
ASV_465	0	73	367	0	0	0	0	0	0	8	32	0	0	13	19	0	0	0	0	193	0	19	0	0	0	7	79	21	0	0	0	0	13	0	0
ASV_466	0	0	0	0	0	0	0	841	0	0	0	0	0	0	0	0	0	0	0	0	0	0	0	0	0	0	0	0	0	0	0	0	0	0	0
ASV_467	0	0	0	0	0	0	0	0	0	0	0	0	435	0	0	0	0	0	0	0	0	121	0	0	164	0	55	0	0	0	0	63	0	0	0
ASV_468	24	24	22	0	0	0	31	49	26	36	24	0	14	62	40	0	32	0	101	11	0	85	0	25	24	68	28	14	41	26	11	0	19	0	0
ASV_469	13	0	35	0	0	0	0	0	0	112	55	0	93	52	0	0	0	0	0	0	0	0	0	0	25	0	0	0	0	0	450	0	0	0	0
ASV_470	0	43	0	0	0	0	0	0	0	0	0	0	0	0	128	0	0	115	35	0	0	0	0	0	0	151	0	0	0	39	60	0	260	0	0
ASV_471	0	0	0	0	0	0	0	0	0	0	0	0	0	0	0	32	0	0	0	142	0	0	0	604	0	0	0	53	0	0	0	0	0	0	0
ASV_472	0	0	0	0	0	0	34	0	0	0	63	0	41	37	0	97	51	30	31	32	0	0	0	40	0	63	0	120	100	0	32	58	0	0	0
ASV_473	184	0	0	0	0	0	0	18	39	100	0	0	0	0	0	0	0	0	0	0	0	0	0	0	0	0	0	0	0	236	0	0	251	0	0
ASV_474	36	0	45	0	0	0	29	0	18	26	0	0	21	0	45	104	0	0	0	23	114	0	0	29	51	14	48	64	35	47	32	47	0	0	0
ASV_475	0	0	0	0	0	0	0	0	77	0	0	0	57	0	46	140	109	66	0	69	85	0	3	72	0	26	0	77	0	0	0	0	0	0	0
ASV_476	267	0	0	0	0	0	0	0	0	0	0	0	123	0	0	0	0	46	0	144	245	0	0	0	0	0	0	0	0	0	0	0	0	0	0
ASV_477	32	35	0	0	0	0	57	0	0	70	42	0	0	0	53	0	69	0	46	0	0	0	0	25	0	37	48	16	0	38	74	119	63	0	0
ASV_478	83	34	18	0	0	0	15	44	12	19	17	0	0	29	41	11	10	12	62	0	8	65	0	11	16	63	63	16	47	63	10	30	23	0	0
ASV_479	93	63	0	0	0	0	0	491	0	14	0	0	18	0	0	42	0	0	0	15	0	10	0	63	0	0	0	0	0	0	0	0	0	0	0
ASV_480	0	0	0	0	0	0	0	508	0	0	0	0	0	0	0	0	0	0	0	0	0	0	0	0	8	0	58	0	0	205	29	0	0	0	0
ASV_481	39	0	0	3	0	0	30	0	0	57	57	0	20	0	21	50	60	0	24	0	21	21	0	0	118	19	0	0	12	169	0	20	66	0	0
ASV_482	67	12	0	0	0	0	139	77	0	0	32	0	0	16	59	0	34	0	25	18	0	20	0	52	0	0	0	43	110	3	45	23	29	0	0
ASV_483	0	0	9	0	0	0	59	9	0	0	11	0	21	62	29	0	0	205	0	16	0	24	0	11	0	97	11	100	89	0	48	0	0	0	0
ASV_484	0	0	0	0	0	0	0	0	91	0	0	0	0	0	0	0	40	26	0	0	451	19	0	0	0	0	92	9	11	0	0	0	58	0	0
ASV_485	5	0	43	0	0	0	88	27	22	0	12	0	17	0	0	0	227	0	24	0	2	0	0	0	38	17	36	124	16	57	10	6	22	0	0
ASV_486	21	0	0	0	0	0	0	0	0	0	0	0	0	0	646	0	0	0	36	0	57	0	0	0	0	0	0	0	0	0	0	27	0	0	0
ASV_487	22	28	0	0	0	0	13	5	8	0	24	0	135	26	0	14	9	40	19	17	254	15	0	39	0	30	0	6	0	12	11	30	24	0	0
ASV_488	0	12	13	0	0	0	11	8	54	11	0	0	0	0	35	60	235	0	31	0	17	8	0	12	0	19	28	39	98	12	77	0	0	0	0
ASV_489	59	68	0	0	0	0	44	0	18	40	0	0	155	0	21	24	17	0	10	0	0	28	0	55	17	84	8	14	46	22	11	0	31	0	0
ASV_490	30	0	29	0	0	0	64	0	112	18	7	0	0	102	0	21	0	0	0	44	0	53	0	36	15	51	0	0	66	38	54	0	31	0	0
ASV_491	0	0	54	0	0	0	69	0	64	0	0	0	37	0	33	0	81	0	0	0	44	0	0	60	0	0	0	135	84	0	110	0	0	0	0
ASV_492	0	93	52	0	0	0	16	28	20	19	57	0	0	0	0	0	18	0	0	0	0	0	0	10	54	57	70	67	40	61	71	0	36	0	0
ASV_493	0	0	0	373	0	0	0	0	0	0	0	0	0	0	0	0	0	0	0	0	0	0	0	0	389	0	0	0	0	0	0	0	0	0	0
ASV_494	0	208	0	0	0	0	0	106	0	22	0	0	0	49	0	0	0	0	0	0	0	0	0	0	0	0	24	0	35	86	187	42	0	0	0
ASV_495	0	0	0	0	0	0	107	0	8	0	0	0	0	0	0	0	175	19	0	28	0	0	0	178	0	150	93	0	0	0	0	0	0	0	0
ASV_496	0	52	0	0	0	0	24	26	34	29	0	0	0	0	104	40	21	47	76	0	32	35	0	0	0	41	39	0	85	0	0	38	34	0	0
ASV_497	0	0	0	0	0	0	22	0	37	0	85	0	51	24	0	49	0	19	0	0	33	0	0	105	0	77	89	66	0	0	0	0	100	0	0
ASV_498	42	0	100	0	0	0	24	24	33	0	25	0	19	74	0	44	24	0	0	0	54	18	0	47	0	56	48	37	0	18	37	19	11	0	0
ASV_499	2	0	0	0	0	0	35	30	7	20	4	0	0	0	0	0	0	0	95	0	16	0	0	18	23	25	42	82	207	103	4	0	41	0	0
ASV_500	0	0	0	0	0	0	29	13	0	0	0	0	0	0	0	0	0	236	0	0	0	0	0	0	0	0	476	0	0	0	0	0	0	0	0
ASV_501	50	186	0	0	0	0	0	0	43	74	16	0	0	0	0	0	13	0	0	57	94	0	0	40	0	0	0	116	0	0	0	61	0	0	0
ASV_502	31	23	3	0	0	0	0	2	75	18	54	0	35	13	18	0	24	10	114	14	21	36	0	5	17	16	0	20	141	31	6	0	19	0	0
ASV_503	0	37	61	0	0	0	13	11	39	0	69	0	0	0	0	0	0	0	0	15	121	59	0	20	26	0	49	76	0	29	21	68	25	0	0
ASV_504	11	35	17	0	0	0	30	17	28	100	5	0	0	9	2	21	6	0	13	3	2	14	0	6	62	33	0	27	16	120	35	109	16	0	0
ASV_505	25	0	33	0	0	0	11	33	16	15	0	0	0	43	10	28	29	0	0	37	44	0	2	150	81	0	48	8	23	41	27	17	14	0	0
ASV_506	0	0	0	0	0	581	0	0	0	0	0	0	0	0	0	0	0	0	0	0	0	0	0	0	0	0	0	153	0	0	0	0	0	0	0
ASV_507	44	0	11	0	0	0	0	17	0	10	31	0	78	18	0	22	10	10	8	101	93	0	0	20	39	40	43	0	7	54	0	41	36	0	0
ASV_508	33	42	32	0	0	0	0	0	71	0	41	0	0	0	0	0	12	0	0	48	0	0	0	261	0	0	0	0	0	119	0	71	0	0	0
ASV_509	9	0	0	0	0	0	20	0	44	10	0	0	59	33	62	30	67	85	0	50	42	0	0	64	0	21	0	58	65	0	0	10	0	0	0
ASV_510	57	0	0	0	0	0	0	0	0	0	0	0	40	0	35	0	0	191	76	0	0	0	0	0	0	0	0	163	58	0	0	0	107	0	0
ASV_511	0	0	0	0	0	0	215	0	0	0	0	0	70	0	0	0	0	0	0	83	0	12	0	317	0	30	0	0	0	0	0	0	0	0	0
ASV_512	46	21	0	0	0	0	55	94	16	69	101	0	0	0	90	0	0	0	49	0	0	0	0	0	0	0	41	0	56	37	51	0	0	0	0
ASV_513	53	33	0	0	0	0	0	0	0	0	0	0	0	0	0	0	38	0	0	198	131	0	0	0	15	164	0	0	0	0	60	33	0	0	0
ASV_514	0	0	39	0	0	0	16	109	69	0	0	0	0	0	0	38	90	0	0	44	0	117	0	0	0	189	12	0	0	0	0	0	0	0	0
ASV_515	50	28	0	0	0	0	57	40	21	63	0	0	45	0	66	28	0	79	0	51	46	44	0	0	0	45	0	0	0	0	0	0	54	0	0
ASV_516	13	0	0	0	0	0	0	56	24	0	0	0	0	0	0	107	0	0	215	0	0	0	0	0	17	0	13	68	77	0	37	48	40	0	0
ASV_517	0	25	47	0	0	0	39	0	0	23	70	0	0	0	102	60	0	0	0	0	0	0	0	54	0	60	40	75	75	0	42	0	0	0	0
ASV_518	138	136	0	0	0	0	0	105	0	0	0	0	0	0	0	0	0	60	0	0	239	0	0	0	0	0	0	0	0	0	0	33	0	0	0
ASV_519	18	74	0	0	0	0	23	25	16	0	43	0	0	122	0	0	26	0	22	0	16	31	8	54	72	59	0	0	0	60	38	0	0	0	0
ASV_520	0	0	0	0	0	0	0	0	0	0	0	0	707	0	0	0	0	0	0	0	0	0	0	0	0	0	0	0	0	0	0	0	0	0	0
ASV_521	0	0	0	397	0	0	0	0	0	0	0	0	0	0	0	0	0	0	0	307	0	0	0	0	0	0	0	0	0	0	0	0	0	0	0
ASV_522	0	0	0	0	0	0	120	0	0	0	0	0	0	0	0	0	0	0	0	65	0	0	0	0	65	0	0	226	54	125	49	0	0	0	0
ASV_523	17	0	47	0	0	0	0	40	0	33	162	0	42	36	0	0	0	0	0	0	0	0	0	0	0	65	0	63	81	0	62	48	0	7	0
ASV_524	0	154	0	0	0	0	0	35	0	8	0	0	0	0	0	0	26	0	0	197	0	0	0	0	0	0	281	0	0	0	0	0	0	0	0
ASV_525	0	0	37	0	0	0	40	16	40	0	47	0	20	30	52	49	0	90	0	34	143	0	0	0	0	34	23	0	46	0	0	0	0	0	0
ASV_526	0	0	20	0	0	0	47	0	18	0	0	0	15	0	31	14	200	130	0	15	0	0	0	31	0	46	13	35	84	0	0	0	0	0	0
ASV_527	0	0	0	0	0	0	21	0	0	53	35	0	0	0	0	21	0	0	335	0	0	0	0	0	0	0	0	10	167	31	0	0	25	0	0
ASV_528	192	0	0	0	0	0	60	75	33	0	20	0	0	0	0	0	14	38	0	0	0	45	0	17	0	35	0	18	0	57	38	0	54	0	0
ASV_529	0	0	0	0	0	0	0	0	61	0	0	0	0	80	0	0	0	0	376	0	0	0	0	0	0	78	101	0	0	0	0	0	0	0	0
ASV_530	0	0	152	0	0	0	0	125	0	0	248	0	0	18	0	0	0	0	0	0	0	0	0	0	0	0	65	20	0	14	0	0	53	0	0
ASV_531	0	0	0	0	0	0	0	0	0	0	28	0	0	0	32	31	44	20	146	0	46	0	0	26	0	46	0	65	47	63	65	0	36	0	0
ASV_532	0	35	77	0	0	0	0	0	0	0	64	0	0	36	0	0	0	0	0	0	40	0	0	0	70	0	0	0	0	0	0	372	0	0	0
ASV_533	189	0	0	0	0	0	0	87	57	0	62	0	0	0	0	58	0	0	0	40	0	0	0	0	0	0	0	0	0	0	0	78	121	0	0
ASV_534	48	17	29	0	0	0	0	0	0	118	125	0	0	58	0	0	0	0	0	67	0	0	0	0	192	0	0	0	0	0	0	37	0	0	0
ASV_535	0	0	0	0	0	0	18	7	22	10	0	0	12	20	108	0	10	10	0	46	0	15	0	6	47	93	47	0	0	45	14	58	92	0	0
ASV_536	19	21	13	0	0	0	13	68	14	48	23	0	0	18	10	5	24	11	28	6	7	6	0	15	26	18	43	15	59	73	32	13	51	0	0
ASV_537	63	18	25	0	0	0	31	27	18	29	13	0	128	23	0	13	0	0	0	31	0	0	0	0	17	10	66	5	0	98	38	0	24	0	0
ASV_538	0	38	0	0	0	0	0	32	0	21	21	0	0	68	0	49	139	0	0	49	24	52	0	0	0	0	41	0	0	63	0	0	77	0	0
ASV_539	0	0	266	0	0	0	14	82	0	22	0	0	0	22	0	0	0	24	0	0	0	0	0	0	0	0	118	0	0	58	15	52	0	0	0
ASV_540	164	0	0	0	0	0	18	0	0	76	51	0	0	0	0	0	16	0	0	123	42	101	0	0	0	0	0	0	0	0	0	52	25	0	0
ASV_541	6	0	0	0	0	0	0	5	9	3	0	0	0	32	44	8	0	0	0	0	0	0	3	215	0	177	0	11	145	0	0	0	10	0	0
ASV_542	11	17	39	0	0	0	0	0	14	0	0	0	0	0	0	108	0	19	40	28	28	48	0	51	113	54	0	42	24	0	0	10	22	0	0
ASV_543	0	27	62	0	0	0	48	0	27	0	25	0	23	0	0	64	35	0	0	0	0	0	0	38	40	37	82	28	81	0	17	34	0	0	0
ASV_544	0	0	0	0	0	0	100	0	0	67	70	0	41	0	0	86	0	35	0	79	55	0	0	49	0	36	0	49	0	0	0	0	0	0	0
ASV_545	186	0	0	0	0	0	271	0	7	122	0	0	16	0	0	0	0	0	0	0	0	0	0	0	0	0	0	0	0	23	40	0	0	0	0
ASV_546	0	0	0	0	0	0	53	0	0	69	0	0	0	122	76	43	0	0	0	0	0	115	0	0	0	0	0	0	91	28	0	0	68	0	0
ASV_547	63	0	0	0	0	0	0	35	0	37	51	0	0	0	59	0	36	0	52	0	0	0	0	0	0	42	82	43	107	0	0	0	57	0	0
ASV_548	0	0	0	0	0	0	42	0	18	0	0	0	0	0	59	0	0	0	35	0	0	79	0	0	18	105	65	13	116	48	37	0	29	0	0
ASV_549	0	60	0	0	0	0	0	0	0	0	0	0	0	0	105	22	0	14	38	0	110	0	0	66	0	0	0	26	47	78	0	0	94	0	0
ASV_550	0	0	0	0	0	0	0	0	20	0	0	0	246	26	0	34	0	79	0	36	35	0	0	0	0	32	152	0	0	0	0	0	0	0	0
ASV_551	45	38	0	0	0	0	13	13	25	0	0	0	0	0	88	0	0	0	33	70	0	22	0	7	0	42	40	13	60	43	11	37	59	0	0
ASV_552	0	0	14	0	0	0	40	0	35	0	0	0	19	0	0	0	0	17	0	16	0	0	0	23	0	139	209	4	143	0	0	0	0	0	0
ASV_553	0	0	0	0	0	0	0	0	0	0	0	0	33	0	81	0	0	73	0	0	0	35	0	0	0	0	222	0	0	118	0	97	0	0	0
ASV_554	87	0	57	0	0	0	0	0	0	0	0	0	17	0	23	34	0	0	0	30	0	0	0	128	0	24	88	35	21	30	0	57	27	0	0
ASV_555	38	47	33	0	0	0	0	41	27	48	0	0	13	16	0	64	18	0	17	0	69	0	0	18	30	16	11	21	16	31	31	38	15	0	0
ASV_556	0	0	0	0	0	0	0	0	389	0	0	0	0	0	85	0	0	0	0	15	0	22	0	0	0	90	34	0	12	9	0	0	0	0	0
ASV_557	22	20	0	0	0	0	10	41	128	25	11	0	0	0	0	0	98	0	0	0	0	182	0	20	12	0	43	9	0	0	0	0	34	0	0
ASV_558	28	37	22	0	0	0	88	50	12	25	0	0	0	28	26	0	24	0	0	0	0	0	0	107	25	49	0	18	36	49	17	0	13	0	0
ASV_559	24	90	32	0	0	0	31	20	0	12	24	0	0	0	0	47	0	7	8	22	10	32	6	18	17	38	24	25	56	40	31	28	12	0	0
ASV_560	63	0	0	0	0	0	96	0	35	0	62	0	0	0	42	0	0	0	65	120	27	0	0	0	0	57	0	50	0	36	0	0	0	0	0
ASV_561	51	35	65	0	0	0	46	0	16	23	57	0	0	35	0	0	28	0	16	89	0	20	0	11	24	0	25	50	61	0	0	0	0	0	0
ASV_562	0	67	0	0	0	0	0	0	0	67	0	0	105	96	94	0	0	0	0	0	134	0	0	0	0	0	0	0	0	0	0	89	0	0	0
ASV_563	0	0	71	0	0	0	10	0	33	19	24	0	29	36	0	55	0	65	0	31	101	0	0	34	0	0	34	17	40	0	0	18	34	0	0
ASV_564	0	0	0	0	0	0	0	0	255	0	0	0	0	0	90	0	63	121	0	43	0	14	0	7	0	58	0	0	0	0	0	0	0	0	0
ASV_565	0	133	0	0	0	0	0	0	0	0	0	0	110	0	0	0	0	0	0	0	0	0	0	0	0	0	270	60	0	0	77	0	0	0	0
ASV_566	37	43	35	0	0	0	0	0	0	0	0	0	0	0	0	0	0	0	0	66	61	33	0	0	105	0	54	0	0	85	80	48	0	0	0
ASV_567	0	52	0	0	0	0	0	128	0	201	122	0	0	37	0	0	0	0	0	0	0	42	0	0	0	0	0	0	0	0	0	0	65	0	0
ASV_568	124	0	0	0	0	0	0	0	0	0	0	0	17	0	0	0	0	23	0	0	0	174	0	0	0	0	0	161	0	26	0	0	121	0	0
ASV_569	0	0	145	0	0	0	69	15	0	19	26	0	135	0	62	0	0	0	0	0	83	0	0	0	0	60	0	0	0	0	0	31	0	0	0
ASV_570	131	0	0	0	0	0	0	0	56	26	23	0	0	55	0	0	0	43	0	47	0	134	0	0	0	24	17	0	0	0	0	0	88	0	0
ASV_571	33	185	0	0	0	0	14	20	0	44	0	0	0	58	0	19	0	32	0	0	30	0	0	21	25	0	0	55	37	32	0	39	0	0	0
ASV_572	57	0	33	0	0	0	44	33	0	0	10	0	5	0	23	0	28	0	14	18	8	12	0	10	37	14	74	34	0	58	47	31	52	0	0
ASV_573	0	0	0	0	0	0	0	0	0	0	0	0	0	0	0	0	0	0	0	0	0	0	641	0	0	0	0	0	0	0	0	0	0	0	0
ASV_574	0	43	68	0	0	0	0	50	0	31	42	0	0	0	0	0	0	119	0	99	71	0	0	16	0	0	50	25	0	0	0	26	0	0	0
ASV_575	0	52	0	0	0	11	0	0	0	0	0	0	0	0	0	0	0	0	0	0	0	342	0	0	0	0	0	0	0	0	13	44	139	39	0
ASV_576	54	64	0	0	0	0	41	0	0	0	17	0	12	35	0	0	39	0	33	0	0	0	0	15	21	0	0	66	72	119	39	11	0	0	0
ASV_577	0	0	0	0	0	0	0	0	0	638	0	0	0	0	0	0	0	0	0	0	0	0	0	0	0	0	0	0	0	0	0	0	0	0	0
ASV_578	0	300	0	0	0	0	60	81	0	34	29	0	0	0	0	28	0	0	0	0	0	0	0	0	0	0	0	0	0	21	0	55	27	0	0
ASV_579	0	49	0	0	0	0	0	0	65	15	0	0	58	0	76	0	220	39	0	0	0	0	0	50	0	0	0	0	0	0	43	16	0	0	0
ASV_580	86	0	0	0	0	0	0	0	0	0	0	0	0	0	130	0	0	0	0	0	65	0	0	0	0	0	0	36	122	0	0	0	191	0	0
ASV_581	18	0	49	0	0	0	11	0	0	14	23	0	18	0	37	0	0	44	0	78	157	0	0	12	10	0	25	0	0	42	37	52	0	0	0
ASV_582	61	0	29	0	0	0	0	14	11	38	31	0	0	22	0	0	43	0	0	23	0	0	0	35	69	41	30	20	10	62	29	34	24	0	0
ASV_583	23	29	0	0	0	0	44	0	0	0	8	0	0	0	0	0	0	0	158	0	0	0	0	0	15	0	65	0	0	0	158	34	88	0	0
ASV_584	71	14	48	0	0	0	0	0	0	12	0	0	6	0	23	34	80	0	0	32	0	34	0	0	0	0	9	65	90	19	2	30	52	0	0
ASV_585	0	0	0	0	0	0	0	0	0	0	0	0	0	0	0	0	0	0	0	0	621	0	0	0	0	0	0	0	0	0	0	0	0	0	0
ASV_586	21	89	80	0	0	0	0	0	68	84	0	0	0	26	40	13	0	0	0	10	0	0	0	0	0	0	0	0	52	0	0	137	0	0	0
ASV_587	0	0	26	0	0	0	112	66	0	0	0	0	0	25	0	16	12	48	0	40	0	7	0	0	0	0	103	11	154	0	0	0	0	0	0
ASV_588	169	9	35	0	0	0	40	0	0	0	0	0	150	57	0	0	0	14	0	48	78	0	2	0	0	0	12	0	0	0	0	0	0	0	0
ASV_589	0	29	25	0	0	0	23	68	11	10	50	0	15	0	15	9	17	30	21	0	0	31	0	52	32	20	19	0	28	23	36	10	39	0	0
ASV_590	0	0	0	0	0	0	143	42	0	0	14	0	0	0	12	0	0	0	274	0	0	0	0	0	0	0	0	0	13	10	13	0	92	0	0
ASV_591	96	14	50	0	0	0	19	4	0	18	9	0	7	0	25	5	13	0	10	0	98	13	0	3	37	41	23	9	30	68	0	14	5	0	0
ASV_592	0	10	39	0	0	0	35	6	17	0	61	0	0	29	0	47	46	21	0	20	0	0	0	33	0	16	0	56	48	14	66	33	14	0	0
ASV_593	26	0	88	0	0	0	0	0	0	0	0	0	0	54	0	26	0	67	0	0	40	45	0	0	64	67	0	0	0	0	0	77	55	0	0
ASV_594	0	0	50	0	0	0	0	0	30	0	0	0	84	34	32	80	77	0	0	0	15	16	0	36	0	25	57	0	71	0	0	0	0	0	0
ASV_595	37	0	0	0	0	0	17	0	17	27	65	0	0	0	151	0	102	0	0	0	49	0	0	97	0	0	0	0	0	0	20	0	22	0	0
ASV_596	0	0	0	0	0	0	69	0	0	0	46	0	0	61	111	0	0	43	0	77	0	0	0	8	0	0	120	0	42	17	10	0	0	0	0
ASV_597	0	50	19	0	0	0	12	18	40	8	42	0	0	0	37	0	22	0	0	0	0	29	0	9	0	17	82	29	132	23	22	0	11	0	0
ASV_598	0	0	131	0	0	0	11	14	0	0	36	0	0	18	25	0	41	61	29	57	0	33	0	0	17	59	18	0	24	0	0	0	26	0	0
ASV_599	126	88	0	0	0	0	16	9	0	88	0	0	0	0	28	0	0	0	40	0	0	0	0	0	24	0	0	0	9	11	0	57	103	0	0
ASV_600	56	0	0	0	0	0	0	0	0	0	0	0	0	0	339	0	0	20	0	0	7	0	0	0	23	0	0	0	0	0	0	151	0	0	0
ASV_601	66	50	29	0	0	0	44	0	68	31	0	0	0	0	0	27	0	10	0	15	12	0	0	24	0	40	51	42	0	41	12	0	34	0	0
ASV_602	0	121	48	0	0	0	0	24	0	0	0	0	0	0	217	132	0	36	0	0	0	0	0	0	0	0	0	0	0	0	0	0	0	13	0
ASV_603	0	3	7	0	0	0	0	0	20	0	0	0	0	0	95	0	0	64	0	16	0	0	0	33	64	210	26	25	0	8	0	0	20	0	0
ASV_604	0	64	0	5	3	0	0	4	0	0	0	21	9	6	0	13	0	0	156	0	17	193	0	11	9	0	0	0	18	24	19	0	11	0	7
ASV_605	0	0	0	0	0	0	19	0	0	32	0	0	0	38	0	0	0	21	37	0	0	38	0	26	0	143	40	0	170	0	26	0	0	0	0
ASV_606	23	0	51	0	0	0	18	26	0	37	12	0	0	28	21	12	27	55	0	60	40	0	0	0	32	21	32	33	0	38	8	15	0	0	0
ASV_607	0	0	0	0	0	0	0	0	0	0	0	0	0	0	0	0	0	194	0	0	395	0	0	0	0	0	0	0	0	0	0	0	0	0	0
ASV_608	206	0	0	0	0	0	0	96	0	0	0	0	47	0	0	0	0	0	0	0	52	184	0	0	0	0	0	0	0	0	0	0	0	0	0
ASV_609	32	19	44	0	0	0	34	24	18	8	24	0	8	97	49	0	12	27	0	55	0	20	0	7	0	24	11	10	4	14	0	25	15	0	0
ASV_610	0	0	0	0	0	0	0	0	25	0	0	0	78	0	25	0	0	157	0	45	113	0	0	0	0	32	74	0	32	0	0	0	0	0	0
ASV_611	40	157	0	0	0	0	69	0	64	0	0	0	0	0	42	0	0	42	0	20	0	18	0	15	0	107	0	0	0	0	0	0	0	0	0
ASV_612	0	39	0	0	0	0	29	0	0	0	25	0	0	0	0	22	17	0	64	16	10	0	0	39	32	39	37	39	0	66	48	28	23	0	0
ASV_613	0	70	0	0	0	0	0	56	65	99	0	0	0	0	7	0	0	0	0	0	76	0	0	0	46	0	0	0	0	51	18	0	85	0	0
ASV_614	31	26	0	0	0	0	0	25	20	0	0	0	0	0	0	0	0	0	0	52	14	0	0	0	51	144	66	34	53	56	0	0	0	0	0
ASV_615	0	0	0	0	0	0	16	0	0	0	0	0	0	0	0	146	87	0	0	0	0	0	0	108	0	0	0	53	45	0	67	0	50	0	0
ASV_616	16	0	172	0	0	0	37	0	0	0	0	0	0	56	0	0	0	83	0	0	0	0	0	0	75	0	0	0	53	0	0	62	16	0	0
ASV_617	38	22	15	0	0	0	15	29	19	27	22	0	0	29	13	0	39	34	15	0	16	26	0	23	0	33	22	26	29	0	0	28	49	0	0
ASV_618	0	49	33	0	0	0	45	0	15	0	37	0	0	0	0	0	0	0	28	0	0	29	0	47	44	42	35	55	0	71	38	0	0	0	0
ASV_619	50	16	34	0	0	0	5	21	6	31	20	0	40	17	15	0	15	7	14	68	8	0	0	15	16	45	9	24	37	0	11	34	9	0	0
ASV_620	7	11	10	0	0	0	42	43	3	20	11	0	14	20	17	9	9	26	15	0	26	49	0	38	13	23	45	6	24	31	29	6	20	0	0
ASV_621	22	41	42	0	0	0	24	11	0	24	52	0	0	0	0	37	11	10	26	31	41	0	0	12	0	41	0	26	28	27	36	0	25	0	0
ASV_622	0	0	22	0	0	0	45	0	31	0	45	0	0	19	0	0	0	0	80	0	0	196	0	102	0	0	0	0	14	0	0	0	12	0	0
ASV_623	45	25	34	0	0	3	26	32	27	27	8	0	5	16	5	26	12	40	0	19	23	7	0	19	11	46	41	0	9	20	0	16	22	0	0
ASV_624	45	13	0	0	0	0	0	0	42	0	0	0	71	0	0	0	8	245	0	0	0	0	0	0	0	0	0	0	0	0	0	0	138	0	0
ASV_625	0	0	41	0	0	0	0	0	111	82	166	0	0	0	0	0	0	0	0	0	68	40	0	0	0	0	0	0	54	0	0	0	0	0	0
ASV_626	64	8	48	0	0	0	0	18	72	39	0	0	0	0	17	0	14	15	0	41	11	24	0	0	20	78	11	6	0	36	0	17	20	0	0
ASV_627	0	87	0	0	0	0	0	8	14	0	8	0	19	0	0	18	39	0	80	58	0	44	0	31	44	0	0	42	0	35	12	0	0	20	0
ASV_628	26	0	0	0	0	0	32	35	27	0	0	0	0	25	37	0	0	174	0	30	0	0	0	23	0	22	0	0	127	0	0	0	0	0	0
ASV_629	102	44	74	0	0	0	56	51	0	0	44	0	0	0	0	0	0	0	0	49	30	0	0	0	0	39	0	0	0	35	0	0	32	0	0
ASV_630	18	45	14	0	0	0	8	30	7	6	45	0	8	7	11	5	53	7	44	0	14	2	0	15	29	3	41	18	27	35	8	17	39	0	0
ASV_631	19	0	0	0	0	0	0	0	0	0	0	0	0	0	0	0	0	0	0	34	7	19	0	0	0	107	64	0	255	0	20	0	31	0	0
ASV_632	34	42	55	0	0	0	81	0	19	0	0	0	0	0	21	0	51	35	0	46	0	13	0	37	0	0	47	51	23	0	0	0	0	0	0
ASV_633	281	135	0	0	0	0	0	0	0	16	0	0	0	0	43	0	0	0	0	0	0	0	0	0	0	0	0	38	39	0	0	0	0	0	0
ASV_634	84	28	0	0	0	0	0	0	0	0	43	0	0	0	0	0	0	0	0	42	0	14	0	0	52	0	32	0	0	58	21	66	112	0	0
ASV_635	0	28	50	0	0	0	96	5	0	0	0	0	0	0	56	0	0	0	9	43	29	0	0	7	25	77	29	20	0	38	0	20	19	0	0
ASV_636	0	0	0	0	0	0	16	25	18	0	0	0	132	0	13	93	82	56	0	21	50	0	0	11	0	20	0	0	13	0	0	0	0	0	0
ASV_637	0	14	22	0	0	0	7	41	0	13	56	0	0	16	16	0	0	0	15	0	0	15	0	0	26	30	4	41	46	24	10	0	153	0	0
ASV_638	0	44	16	0	0	0	23	15	0	38	42	0	0	0	0	32	17	0	17	0	17	0	0	0	27	31	20	92	27	26	33	0	28	0	0
ASV_639	0	49	0	0	0	0	0	0	0	0	0	0	0	0	0	0	0	0	77	48	0	0	0	0	0	0	87	0	0	0	90	0	194	0	0
ASV_640	0	0	0	0	0	0	45	0	0	0	0	0	53	0	0	100	36	65	0	26	114	0	0	44	0	0	20	42	0	0	0	0	0	0	0
ASV_641	49	17	24	0	0	0	18	15	12	0	42	0	0	30	0	0	17	0	0	140	0	37	0	0	17	0	24	0	56	23	0	23	0	0	0
ASV_642	87	88	0	0	0	0	64	0	0	0	0	0	0	0	0	0	0	0	0	0	0	0	0	38	0	59	0	0	0	140	0	0	68	0	0
ASV_643	0	0	0	0	0	0	0	0	0	0	0	0	511	0	0	0	0	30	0	0	0	0	0	0	0	0	0	0	0	0	0	0	0	0	0
ASV_644	7	0	12	0	0	0	30	37	24	41	0	0	31	0	69	0	0	54	0	0	33	12	0	14	0	14	44	38	0	36	19	20	5	0	0
ASV_645	0	0	0	0	0	0	34	0	217	0	0	0	0	0	0	0	129	0	0	0	0	23	0	36	0	0	0	100	0	0	0	0	0	0	0
ASV_646	40	50	77	0	0	0	0	0	0	0	0	0	56	59	0	0	0	0	0	0	42	0	0	0	0	64	60	0	0	0	49	40	0	0	0
ASV_647	0	0	28	0	0	0	52	0	25	6	0	0	0	0	33	67	26	81	0	21	0	0	0	96	0	0	0	52	23	0	20	0	7	0	0
ASV_648	0	0	5	2	0	0	5	11	0	7	9	0	65	19	0	18	21	0	0	6	259	2	0	0	12	0	0	0	0	91	0	3	2	0	0
ASV_649	0	0	0	0	0	0	0	0	0	0	0	0	0	0	0	0	0	0	0	0	0	0	533	0	0	0	0	0	0	0	0	0	0	0	0
ASV_650	188	0	18	0	0	0	0	0	0	0	0	0	26	25	0	0	25	0	44	36	0	0	4	8	0	134	0	0	0	23	0	0	0	0	0
ASV_651	14	6	0	0	0	0	21	28	16	11	0	0	66	0	31	47	21	57	15	0	0	0	0	35	13	0	28	20	28	19	22	21	12	0	0
ASV_652	135	0	0	0	0	0	0	0	0	16	0	0	37	35	0	45	0	28	0	24	15	0	0	0	121	0	0	0	0	8	0	52	13	0	0
ASV_653	27	0	74	0	0	0	22	56	0	19	0	0	0	62	0	22	0	0	0	0	0	0	0	50	75	32	0	23	0	0	30	37	0	0	0
ASV_654	16	0	0	0	0	0	0	8	0	4	0	0	16	0	0	91	121	15	0	9	0	6	0	84	0	16	15	15	22	3	32	28	26	0	0
ASV_655	0	0	34	4	0	0	0	23	0	83	0	0	0	10	0	156	0	0	15	0	0	17	0	22	29	0	0	13	30	38	40	12	0	0	0
ASV_656	0	14	0	0	0	0	124	13	0	22	16	0	0	0	36	0	0	0	75	23	0	0	0	0	0	9	23	95	0	0	0	0	75	0	0
ASV_657	35	44	43	0	0	0	27	21	0	22	10	0	0	18	6	16	41	0	15	0	9	34	0	11	0	40	15	18	26	27	0	17	18	10	0
ASV_658	0	0	18	0	0	0	18	0	23	10	0	0	0	36	0	0	112	0	0	34	8	0	0	9	37	49	44	22	10	31	60	0	0	0	0
ASV_659	0	3	0	0	0	0	0	0	0	4	0	0	0	0	7	0	333	0	0	9	0	0	0	46	0	0	20	67	24	0	0	0	6	0	0
ASV_660	61	0	0	0	0	0	0	62	0	0	0	0	0	0	150	82	51	29	0	0	0	0	0	0	0	0	0	0	83	0	0	0	0	0	0
ASV_661	0	28	0	0	0	0	11	20	0	8	0	0	0	0	0	229	34	0	0	0	0	0	0	106	0	0	57	16	0	8	0	0	0	0	0
ASV_662	0	13	52	0	0	0	0	61	0	0	0	0	0	0	0	49	0	0	0	0	63	0	0	0	69	0	0	110	100	0	0	0	0	0	0
ASV_663	187	0	0	0	0	0	25	0	68	0	0	0	0	0	0	0	0	0	0	0	0	0	99	0	34	35	0	0	0	0	68	0	0	0	0
ASV_664	111	0	52	0	0	0	0	60	0	0	0	0	0	0	66	0	0	60	0	0	0	0	0	0	0	0	94	0	0	0	0	0	73	0	0
ASV_665	40	0	50	0	0	0	20	81	0	81	36	0	0	0	0	87	0	36	0	13	0	0	0	71	0	0	0	0	0	0	0	0	0	0	0
ASV_666	47	36	25	0	0	0	41	19	0	24	0	0	52	67	0	0	0	0	0	24	23	0	0	31	0	57	20	0	27	22	0	0	0	0	0
ASV_667	19	10	225	0	0	0	0	33	28	0	0	0	27	0	0	0	0	69	0	51	0	0	0	0	0	0	0	0	0	31	0	21	0	0	0
ASV_668	38	46	45	0	0	0	0	21	0	14	0	0	16	0	39	84	0	30	0	26	20	0	0	0	0	25	0	0	57	49	0	0	0	0	0
ASV_669	0	18	22	0	0	0	0	27	0	32	0	0	0	35	83	7	17	5	7	0	0	46	0	0	0	0	51	9	0	93	14	0	43	0	0
ASV_670	0	0	0	0	0	0	0	0	489	0	0	0	0	0	0	0	0	0	0	20	0	0	0	0	0	0	0	0	0	0	0	0	0	0	0
ASV_671	84	0	46	0	0	0	24	0	0	35	0	0	34	0	0	41	0	0	0	21	0	0	0	0	44	68	0	0	0	42	34	31	0	0	0
ASV_672	0	15	41	0	0	0	0	23	0	0	0	0	0	0	0	46	49	29	42	0	0	12	0	38	32	0	40	44	0	30	32	0	31	0	0
ASV_673	0	0	0	0	0	0	21	82	0	135	0	0	43	48	100	0	0	0	0	0	0	0	0	32	0	0	0	0	0	0	0	0	43	0	0
ASV_674	82	16	15	0	0	0	0	31	0	51	27	0	73	24	0	0	0	122	0	16	0	0	0	0	0	0	0	0	0	14	0	31	0	0	0
ASV_675	0	0	0	0	0	0	0	0	0	0	0	0	142	107	0	0	0	35	0	0	0	38	0	37	0	19	38	16	0	0	70	0	0	0	0
ASV_676	33	14	17	0	0	0	33	60	0	25	42	0	0	0	0	0	14	0	41	0	0	35	0	0	0	19	48	13	25	27	22	0	32	0	0
ASV_677	0	0	0	0	0	0	0	0	0	0	0	0	0	0	0	0	0	0	0	0	0	0	500	0	0	0	0	0	0	0	0	0	0	0	0
ASV_678	0	0	0	0	0	0	0	0	0	0	0	0	0	0	0	44	93	0	0	0	0	0	0	85	0	48	0	179	0	0	50	0	0	0	0
ASV_679	119	7	0	0	0	0	12	0	0	61	0	0	0	31	0	0	0	0	0	34	17	0	0	0	30	0	31	54	0	28	18	40	16	0	0
ASV_680	181	0	0	0	0	0	0	0	0	179	0	0	0	0	0	0	0	0	0	0	0	0	0	0	0	0	0	0	0	0	0	138	0	0	0
ASV_681	22	39	21	0	0	0	34	15	0	30	0	0	0	60	20	0	0	0	0	0	0	0	0	0	33	41	0	0	97	0	33	28	25	0	0
ASV_682	27	23	37	0	0	0	69	6	0	6	21	0	17	4	0	21	0	0	43	0	0	18	0	23	26	16	0	35	8	0	0	51	46	0	0
ASV_683	38	21	16	0	0	0	42	7	0	0	0	0	19	17	29	8	17	29	0	11	29	0	0	13	15	91	25	0	0	0	7	51	11	0	0
ASV_684	47	8	13	0	0	0	45	7	11	10	0	0	14	16	45	8	0	25	0	35	17	20	0	8	20	0	43	21	0	17	34	13	18	0	0
ASV_685	0	0	0	0	0	0	0	0	0	0	0	0	39	0	0	0	0	43	0	0	355	0	0	0	0	0	58	0	0	0	0	0	0	0	0
ASV_686	37	0	24	0	0	0	16	15	18	12	0	0	0	0	0	0	17	8	22	20	43	19	0	16	11	24	60	20	26	26	0	30	30	0	0
ASV_687	12	0	35	0	0	0	0	27	37	0	16	0	0	0	0	76	0	0	23	0	0	0	0	0	0	0	23	56	89	82	18	0	0	0	0
ASV_688	7	9	0	0	0	0	17	0	9	19	0	0	0	0	22	129	0	44	0	25	122	9	0	0	0	0	0	0	7	37	21	15	0	0	0
ASV_689	0	13	0	0	0	0	50	15	13	0	0	0	0	0	44	0	0	0	0	0	21	44	0	0	0	22	38	49	27	0	113	0	43	0	0
ASV_690	10	43	11	0	0	0	11	47	0	27	0	0	0	0	58	0	0	26	0	0	0	13	0	0	0	36	17	7	120	0	0	55	10	0	0
ASV_691	22	0	0	0	0	0	11	25	68	0	30	0	0	0	14	0	0	43	0	0	14	22	0	0	0	63	144	21	0	0	0	0	12	0	0
ASV_692	0	0	0	0	0	0	0	0	0	0	0	0	0	0	0	0	0	0	0	0	487	0	0	0	0	0	0	0	0	0	0	0	0	0	0
ASV_693	12	12	0	0	0	0	15	8	42	12	13	0	0	0	30	0	36	18	0	94	29	55	0	0	0	11	0	17	0	36	0	21	25	0	0
ASV_694	17	0	123	0	0	0	156	40	0	0	0	0	36	0	0	0	0	0	0	26	0	0	0	0	0	0	44	0	42	0	0	0	0	0	0
ASV_695	0	25	0	0	0	0	21	12	14	28	33	0	0	29	0	0	37	0	14	84	67	0	0	16	31	0	0	36	0	0	0	17	20	0	0
ASV_696	0	0	0	0	0	0	10	54	0	83	0	0	0	33	0	0	0	0	84	44	0	46	0	0	0	0	0	0	63	9	57	0	0	0	0
ASV_697	17	12	34	0	0	0	29	17	0	12	0	0	21	35	40	0	0	28	19	35	0	24	0	11	24	14	35	0	0	0	35	40	0	0	0
ASV_698	0	0	0	433	0	0	0	49	0	0	0	0	0	0	0	0	0	0	0	0	0	0	0	0	0	0	0	0	0	0	0	0	0	0	0
ASV_699	0	0	0	0	0	0	325	0	0	0	0	0	0	0	0	0	0	0	0	156	0	0	0	0	0	0	0	0	0	0	0	0	0	0	0
ASV_700	0	0	0	0	0	0	0	0	226	0	0	0	0	0	23	0	0	32	0	14	12	0	0	0	0	7	41	0	77	49	0	0	0	0	0
ASV_701	28	30	24	0	0	0	24	31	15	38	33	0	0	16	11	7	5	6	14	0	9	6	0	20	24	23	10	21	16	30	7	12	20	0	0
ASV_702	43	77	0	0	0	0	0	0	0	0	41	0	0	0	0	0	0	32	0	78	71	41	0	0	0	60	0	0	36	0	0	0	0	0	0
ASV_703	0	125	0	0	0	0	0	0	0	52	0	0	0	0	0	0	0	0	0	0	0	0	0	21	66	0	44	62	0	0	0	0	106	0	0
ASV_704	0	0	0	0	0	0	22	15	14	0	0	0	0	0	0	0	26	30	75	43	13	28	0	9	16	11	91	0	10	23	17	33	0	0	0
ASV_705	78	32	0	0	0	0	0	80	29	0	0	0	186	0	0	0	0	0	0	0	0	0	0	0	0	0	0	0	0	0	0	0	69	0	0
ASV_706	0	0	0	0	0	0	0	0	0	0	0	0	0	0	0	0	0	0	94	0	0	0	0	0	130	147	0	0	0	0	0	0	103	0	0
ASV_707	28	9	0	0	0	0	0	20	0	0	96	0	0	36	37	0	0	14	10	0	0	31	0	46	8	73	0	0	0	50	0	0	15	0	0
ASV_708	18	23	19	0	0	0	23	11	13	7	32	0	42	13	15	0	21	14	15	0	0	0	0	30	42	24	12	8	16	27	22	12	13	0	0
ASV_709	70	0	0	54	0	0	0	0	0	0	0	0	20	0	21	21	0	41	0	30	9	59	32	0	0	0	0	0	0	48	0	40	27	0	0
ASV_710	48	32	27	0	0	0	10	44	0	30	43	0	0	29	0	46	0	0	0	0	0	10	0	0	0	9	0	0	58	36	29	0	20	0	0
ASV_711	38	21	32	0	0	0	30	10	19	9	0	0	9	7	16	0	14	14	0	44	24	0	0	14	29	31	15	22	0	33	11	21	7	0	0
ASV_712	74	29	45	0	0	0	0	0	0	0	0	0	0	45	0	20	0	0	0	69	52	36	0	0	0	38	0	0	0	0	0	61	0	0	0
ASV_713	0	24	0	0	0	0	25	0	29	0	22	0	0	0	18	32	68	19	0	28	40	16	0	8	0	26	46	24	0	24	0	0	20	0	0
ASV_714	0	0	0	0	0	0	0	0	63	0	0	0	0	0	72	0	0	31	0	63	17	20	0	10	0	76	0	68	0	0	0	47	0	0	0
ASV_715	0	0	0	0	0	0	0	0	0	59	0	0	0	0	0	150	0	82	0	31	0	0	0	61	0	52	0	0	0	0	0	32	0	0	0
ASV_716	125	0	0	0	0	0	30	0	0	0	0	0	159	0	0	0	0	0	0	0	0	0	0	0	0	0	18	35	0	0	0	0	99	0	0
ASV_717	0	0	0	0	0	0	15	18	23	32	0	0	19	0	20	33	0	74	0	154	0	12	0	13	0	0	0	32	0	0	0	0	17	0	0
ASV_718	0	68	0	0	0	0	0	57	90	0	0	0	0	0	0	0	0	54	0	0	41	0	0	0	0	38	0	16	36	0	0	0	61	0	0
ASV_719	23	0	42	0	0	0	0	0	22	0	0	0	40	0	54	0	105	41	0	0	0	0	0	0	0	45	0	44	43	0	0	0	0	0	0
ASV_720	174	0	23	0	0	0	0	0	0	0	0	0	39	0	0	0	0	9	0	0	49	0	0	0	0	0	55	0	0	0	0	92	17	0	0
ASV_721	15	0	0	0	0	0	0	15	81	0	0	0	0	0	16	0	27	11	9	9	0	0	0	21	40	0	93	0	24	25	9	34	28	0	0
ASV_722	0	0	0	0	0	0	25	0	0	39	0	0	0	18	40	0	0	71	0	19	45	22	0	44	0	0	0	29	40	0	19	0	45	0	0
ASV_723	28	23	0	0	0	0	8	0	14	26	0	0	0	0	32	16	8	7	30	0	20	29	0	4	28	22	17	16	49	28	39	11	0	0	0
ASV_724	0	0	0	0	0	0	0	0	0	0	0	0	0	0	0	0	0	0	0	155	0	0	0	0	0	218	0	80	0	0	0	0	0	0	0
ASV_725	22	0	19	0	0	0	0	51	0	38	0	0	23	48	0	32	0	0	0	0	130	0	0	0	45	0	0	0	0	0	0	42	0	0	0
ASV_726	0	138	58	0	0	0	0	0	0	0	81	0	0	30	0	0	0	0	0	0	0	0	0	0	0	55	0	0	0	0	0	0	88	0	0
ASV_727	82	0	0	0	0	0	0	37	0	0	70	0	0	91	27	0	0	10	0	22	9	30	0	0	0	0	0	0	15	0	0	56	0	0	0
ASV_728	57	0	27	0	0	0	10	0	0	8	56	0	0	0	95	13	0	0	24	0	0	39	0	0	31	43	0	45	0	0	0	0	0	0	0
ASV_729	0	32	0	0	0	0	32	0	11	0	0	0	50	0	7	21	44	31	0	13	17	9	0	0	11	40	87	16	0	0	0	14	13	0	0
ASV_730	5	5	6	0	0	0	53	0	0	0	2	0	0	0	0	0	0	0	8	184	6	4	0	159	0	0	0	6	4	0	5	0	0	0	0
ASV_731	0	0	53	0	0	0	45	0	0	0	24	0	41	0	0	105	72	0	0	0	0	0	0	60	0	0	0	46	0	0	0	0	0	0	0
ASV_732	0	0	12	0	0	0	21	0	0	0	0	0	0	0	28	45	19	157	0	20	0	40	0	0	0	22	35	12	11	0	7	0	16	0	0
ASV_733	21	9	19	0	0	0	0	6	14	11	13	0	12	57	25	0	0	0	8	13	29	0	0	41	7	39	0	27	0	22	32	39	0	0	0
ASV_734	49	0	0	0	0	0	0	0	0	0	0	0	0	40	24	31	45	0	0	0	0	100	0	15	0	44	41	0	53	0	0	0	0	0	0
ASV_735	0	0	0	0	0	0	0	0	0	0	0	0	0	0	50	0	0	14	0	25	0	20	0	43	0	33	257	0	0	0	0	0	0	0	0
ASV_736	0	15	0	0	0	0	0	0	165	21	0	0	7	0	0	0	0	0	0	0	0	0	0	0	64	0	108	0	0	0	47	0	14	0	0
ASV_737	17	0	16	0	0	0	0	10	0	0	19	0	0	0	0	0	7	0	0	0	0	56	0	17	25	0	0	14	149	0	6	0	104	0	0
ASV_738	0	24	0	0	0	0	20	20	0	200	0	0	0	0	11	17	0	0	0	0	0	0	0	3	33	56	0	0	0	0	11	19	26	0	0
ASV_739	0	0	0	0	0	0	21	0	14	0	0	0	38	0	62	70	31	31	0	0	44	0	0	53	0	0	76	0	0	0	0	0	0	0	0
ASV_740	0	0	0	0	0	0	0	0	17	0	0	0	0	0	24	0	241	0	0	0	0	0	0	68	0	28	20	42	0	0	0	0	0	0	0
ASV_741	20	14	28	0	0	0	32	9	19	21	13	0	47	11	18	0	0	21	10	5	13	0	0	12	40	31	13	8	12	19	0	18	5	0	0
ASV_742	0	0	11	0	0	0	39	9	0	8	7	0	30	0	0	27	76	33	0	19	83	0	0	39	0	0	28	0	6	0	9	15	0	0	0
ASV_743	0	0	0	0	0	0	85	0	23	0	0	0	0	0	11	0	0	0	0	0	0	23	0	0	0	133	95	0	56	0	0	0	12	0	0
ASV_744	19	0	0	0	0	0	0	0	0	18	0	0	0	0	0	0	59	0	0	0	0	145	0	0	0	31	0	0	55	0	0	0	109	0	0
ASV_745	0	0	0	0	0	0	177	0	0	0	0	0	0	0	0	0	259	0	0	0	0	0	0	0	0	0	0	0	0	0	0	0	0	0	0
ASV_746	8	0	0	0	0	0	12	0	0	0	0	0	12	0	13	64	34	39	0	18	22	0	0	35	0	11	114	9	28	0	16	0	0	0	0
ASV_747	0	0	16	0	0	0	0	7	11	0	16	0	58	26	13	25	35	37	0	10	0	0	0	50	0	19	10	33	33	0	30	6	0	0	0
ASV_748	12	9	29	0	0	0	20	0	0	14	15	0	21	25	0	35	6	0	41	15	0	0	0	0	31	25	0	5	0	46	15	46	24	0	0
ASV_749	0	0	0	0	0	0	0	0	0	0	0	0	0	47	0	0	0	0	0	101	0	0	0	0	0	143	143	0	0	0	0	0	0	0	0
ASV_750	8	35	0	0	0	0	0	24	0	19	6	0	0	0	0	0	9	0	114	0	9	21	0	7	55	13	0	15	41	29	27	0	0	0	0
ASV_751	0	0	0	0	0	0	0	0	0	0	0	0	0	0	84	0	0	0	0	0	31	0	0	0	0	56	148	0	51	0	0	0	61	0	0
ASV_752	38	57	75	0	0	0	0	14	29	0	0	0	0	0	0	28	24	0	25	0	52	43	0	0	0	0	0	7	0	0	0	0	37	0	0
ASV_753	0	0	14	0	0	0	0	0	0	26	0	0	0	40	0	0	139	0	14	0	71	24	0	0	0	0	0	0	0	101	0	0	0	0	0
ASV_754	0	0	0	0	0	0	0	0	11	0	0	0	0	0	0	0	9	12	0	0	330	0	0	0	0	0	6	7	27	27	0	0	0	0	0
ASV_755	0	0	0	0	0	0	0	0	0	0	0	0	0	0	0	9	141	42	0	33	0	0	0	52	0	56	0	14	36	0	46	0	0	0	0
ASV_756	54	0	0	0	0	0	0	0	0	0	41	0	0	0	0	50	29	34	0	17	76	12	0	30	0	20	0	16	0	23	23	0	0	0	0
ASV_757	0	0	0	0	0	0	0	0	0	0	0	0	18	0	0	0	0	0	0	0	0	0	0	0	0	0	0	0	0	29	0	316	62	0	0
ASV_758	22	15	17	0	0	0	0	0	0	19	0	0	0	42	0	18	0	0	0	22	0	0	0	45	69	43	0	0	0	31	33	48	0	0	0
ASV_759	22	0	0	0	0	0	28	0	0	0	52	0	42	82	0	17	0	8	22	0	13	16	0	0	0	26	0	72	0	0	0	22	0	0	0
ASV_760	36	10	17	0	0	0	13	20	6	13	13	0	8	7	0	0	8	0	25	0	0	0	0	5	10	35	27	18	23	38	32	23	34	0	0
ASV_761	24	23	10	0	0	0	14	27	12	32	46	0	0	0	25	0	13	0	22	0	0	17	0	6	4	25	33	16	35	25	4	0	8	0	0
ASV_762	0	0	0	0	0	0	26	0	0	0	0	0	0	0	0	0	0	0	0	295	0	0	0	0	0	0	45	55	0	0	0	0	0	0	0
ASV_763	0	0	29	0	0	0	0	0	0	0	143	0	0	0	0	14	80	0	0	0	0	0	0	82	19	0	0	0	0	0	27	26	0	0	0
ASV_764	22	34	0	0	0	0	21	86	20	0	0	0	45	0	59	0	0	89	0	0	17	0	0	0	0	0	24	0	0	0	0	0	0	0	0
ASV_765	0	83	0	0	0	0	9	0	0	0	0	0	0	53	13	12	19	0	31	33	12	0	0	19	36	0	0	0	0	0	41	56	0	0	0
ASV_766	0	0	0	0	0	0	58	0	0	81	0	0	0	0	45	0	0	0	0	0	0	36	0	0	0	0	0	172	0	0	25	0	0	0	0
ASV_767	0	0	26	0	0	0	16	0	44	13	0	0	0	0	37	103	34	49	0	22	0	0	0	37	0	13	22	0	0	0	0	0	0	0	0
ASV_768	73	42	0	0	0	0	6	40	14	26	37	0	0	0	0	0	0	0	0	6	0	0	0	0	11	47	39	0	11	44	11	0	8	0	0
ASV_769	20	0	0	0	0	0	0	0	0	0	0	0	7	0	11	0	8	0	19	23	210	8	0	48	0	13	21	0	0	4	14	0	9	0	0
ASV_770	36	46	37	0	0	0	13	0	32	0	24	0	12	0	0	0	17	0	12	10	20	0	0	10	20	39	25	0	29	24	0	0	8	0	0
ASV_771	26	5	9	0	0	0	12	40	20	14	11	0	0	0	0	8	24	9	50	6	54	5	0	15	0	6	25	16	20	14	9	0	16	0	0
ASV_772	24	15	0	0	0	0	44	39	0	0	29	0	14	18	54	0	0	14	0	19	0	0	0	11	15	55	0	13	19	0	0	30	0	0	0
ASV_773	28	8	28	0	0	0	10	5	5	33	14	0	0	0	29	10	4	7	11	10	0	7	0	9	15	35	17	12	18	27	28	29	14	0	0
ASV_774	0	0	0	0	0	0	0	0	0	35	0	0	0	0	0	0	0	0	0	152	0	58	0	0	0	0	0	0	108	0	60	0	0	0	0
ASV_775	6	0	0	0	0	0	22	8	11	0	0	0	27	0	18	66	22	16	0	15	108	0	0	61	0	0	0	32	0	0	0	0	0	0	0
ASV_776	0	0	12	0	0	0	37	0	51	0	0	0	0	0	20	35	51	59	0	0	0	13	0	0	3	22	14	34	45	0	16	0	0	0	0
ASV_777	0	64	24	0	0	0	22	10	0	16	28	0	0	19	13	14	0	0	0	37	49	0	0	0	33	0	0	21	26	20	0	14	0	0	0
ASV_778	0	0	0	0	0	0	0	0	0	0	0	0	0	89	45	0	0	0	0	0	0	0	0	0	26	0	0	0	53	0	32	123	42	0	0
ASV_779	0	0	0	0	0	0	0	0	0	221	0	0	0	98	0	0	0	0	0	0	0	0	0	0	0	0	0	0	0	0	0	90	0	0	0
ASV_780	42	0	45	0	0	14	0	0	0	0	0	0	0	0	0	0	0	0	0	0	0	0	0	0	31	0	0	0	0	78	0	134	50	0	14
ASV_781	0	9	0	0	0	0	19	0	0	70	0	0	0	0	0	0	0	0	0	42	0	0	0	15	0	151	37	33	0	0	0	32	0	0	0
ASV_782	0	144	0	0	0	0	55	0	64	0	0	0	0	0	41	0	0	0	0	24	0	0	4	21	0	0	0	0	52	0	0	0	0	0	0
ASV_783	0	26	0	0	0	0	17	0	0	6	15	0	0	0	22	46	0	0	36	13	0	12	0	17	26	8	0	24	17	32	62	0	26	0	0
ASV_784	0	0	0	0	0	0	85	0	0	10	0	0	29	53	48	12	0	40	0	0	12	0	0	0	0	0	75	0	18	23	0	0	0	0	0
ASV_785	50	49	18	0	0	0	0	17	0	0	0	0	0	0	10	31	0	0	0	0	10	0	0	0	33	23	17	34	27	40	31	13	0	0	0
ASV_786	15	9	10	0	0	0	0	13	0	6	18	0	244	0	32	0	0	0	0	0	0	20	0	0	0	0	0	0	0	0	0	28	7	0	0
ASV_787	10	31	26	0	0	0	0	0	27	0	42	0	21	71	0	0	0	0	12	44	0	0	0	27	44	19	0	27	0	0	0	0	0	0	0
ASV_788	0	0	73	0	0	0	29	0	0	14	16	0	0	80	45	19	0	0	0	0	27	0	0	28	0	0	0	0	70	0	0	0	0	0	0
ASV_789	0	0	26	0	0	0	0	0	0	3	0	0	105	110	0	0	0	0	0	0	0	0	0	0	50	0	0	0	0	0	8	96	0	0	0
ASV_790	0	0	38	0	0	0	0	0	26	0	0	0	0	0	0	54	8	0	0	0	69	62	0	0	30	46	0	0	0	0	43	22	0	0	0
ASV_791	0	0	0	0	0	0	0	0	13	0	0	0	0	0	0	0	0	0	0	31	0	0	0	0	0	0	0	0	0	215	124	14	0	0	0
ASV_792	0	0	0	0	0	0	0	0	0	0	0	0	397	0	0	0	0	0	0	0	0	0	0	0	0	0	0	0	0	0	0	0	0	0	0
ASV_793	48	33	40	0	0	0	0	0	0	0	0	0	0	0	0	26	14	0	0	0	47	0	0	23	0	0	93	0	0	71	0	0	0	0	0
ASV_794	14	0	49	0	0	0	0	0	18	0	0	0	28	0	129	0	0	0	0	83	43	0	0	0	0	0	0	31	0	0	0	0	0	0	0
ASV_795	10	27	59	0	0	0	34	0	7	0	0	0	0	87	27	0	8	0	26	8	0	24	0	0	0	22	0	0	0	0	0	0	53	0	0
ASV_796	35	7	23	0	0	0	11	70	0	9	12	0	82	31	24	18	0	0	0	0	0	0	0	13	7	5	19	0	0	0	4	16	5	0	0
ASV_797	38	53	0	0	0	0	61	0	0	0	0	0	0	0	0	0	0	0	0	0	0	0	0	13	0	48	163	0	15	0	0	0	0	0	0
ASV_798	44	0	15	0	0	0	28	61	10	16	12	0	18	0	13	34	8	0	0	10	0	13	0	0	0	0	44	6	14	13	23	9	0	0	0
ASV_799	0	0	0	0	0	0	11	0	5	0	0	0	33	0	0	10	14	35	0	0	33	20	0	11	0	33	21	0	0	31	16	84	32	0	0
ASV_800	36	7	73	0	0	0	16	13	7	36	9	0	8	5	8	0	0	31	0	22	7	0	0	7	5	31	13	8	10	14	0	13	9	0	0
ASV_801	19	0	0	0	0	0	0	28	0	53	0	0	0	0	0	0	21	19	33	13	0	0	0	0	14	0	79	0	13	0	43	0	51	0	0
ASV_802	0	0	0	0	0	0	0	0	38	0	0	0	0	36	54	0	34	0	0	0	0	0	0	0	0	0	0	150	73	0	0	0	0	0	0
ASV_803	21	27	24	0	0	0	27	31	0	13	26	0	0	0	0	0	10	0	32	0	0	0	0	0	25	33	26	0	18	0	20	34	17	0	0
ASV_804	41	15	0	0	0	0	0	16	0	0	0	0	0	20	0	43	0	0	20	63	0	0	0	0	42	0	0	0	0	30	29	64	0	0	0
ASV_805	0	0	0	0	0	0	49	0	0	0	0	0	0	0	34	0	28	0	0	0	17	0	0	0	0	89	56	10	24	0	75	0	0	0	0
ASV_806	71	0	0	0	0	0	43	0	0	20	0	0	0	155	0	0	0	40	0	0	0	0	0	0	0	0	52	0	0	0	0	0	0	0	0
ASV_807	12	9	58	0	0	0	9	0	0	9	11	0	0	0	0	0	18	0	19	27	0	0	0	0	13	0	12	0	0	62	0	83	39	0	0
ASV_808	45	0	0	0	0	0	0	96	0	0	0	0	0	0	0	0	0	0	75	0	56	0	0	0	28	0	0	0	0	62	0	0	18	0	0
ASV_809	0	0	0	0	0	0	0	0	0	0	0	0	0	0	0	0	0	0	0	0	0	210	0	0	0	0	0	0	170	0	0	0	0	0	0
ASV_810	26	13	15	0	0	0	9	5	9	13	0	0	0	10	5	20	0	0	10	52	31	11	2	10	10	28	19	8	18	8	9	38	0	0	0
ASV_811	19	0	0	0	0	0	21	12	38	8	0	0	0	0	62	29	0	14	15	27	26	23	0	7	28	0	0	0	32	0	11	7	0	0	0
ASV_812	45	13	31	0	0	0	8	69	0	0	10	0	0	16	0	0	0	0	0	14	0	0	0	8	16	23	47	0	0	37	0	0	41	0	0
ASV_813	62	30	0	0	0	0	8	0	20	0	0	0	0	0	0	0	49	24	0	45	0	45	0	16	0	35	0	23	0	21	0	0	0	0	0
ASV_814	8	9	26	0	0	0	14	10	19	0	27	0	0	13	0	10	0	6	8	0	0	13	0	14	21	20	27	19	23	40	8	12	30	0	0
ASV_815	0	0	104	0	0	0	0	24	19	28	100	0	0	30	0	0	0	17	0	0	0	0	0	0	0	0	0	0	0	0	0	26	26	0	0
ASV_816	25	0	54	0	0	0	19	15	7	32	36	0	0	0	14	0	11	0	0	56	0	0	0	36	0	25	23	0	0	20	0	0	0	0	0
ASV_817	26	0	0	0	0	0	0	0	0	0	0	0	127	0	66	0	0	0	0	0	0	0	0	40	0	0	0	0	0	92	0	22	0	0	0
ASV_818	0	0	0	0	0	0	184	0	0	0	189	0	0	0	0	0	0	0	0	0	0	0	0	0	0	0	0	0	0	0	0	0	0	0	0
ASV_819	101	0	0	0	0	0	0	0	0	0	0	0	0	0	121	0	0	0	0	0	0	0	0	0	149	0	0	0	0	0	0	0	0	0	0
ASV_820	0	0	0	0	0	0	11	57	0	0	0	0	0	0	0	9	0	0	68	0	0	0	0	24	17	0	0	0	0	0	143	11	30	0	0
ASV_821	0	28	27	0	0	0	0	0	0	0	42	0	0	0	68	0	34	0	0	0	0	0	0	0	36	0	0	35	0	0	0	99	0	0	0
ASV_822	10	18	7	0	0	0	0	12	25	17	9	0	5	9	7	0	0	15	24	0	0	8	0	0	29	0	60	0	16	41	14	12	29	0	0
ASV_823	0	0	22	0	0	0	9	0	12	0	6	0	15	0	22	46	16	41	0	22	10	0	4	30	0	12	27	9	33	0	22	0	8	0	0
ASV_824	63	29	0	0	0	0	0	0	0	20	0	0	0	0	0	0	36	0	46	0	0	0	0	0	0	26	0	0	0	145	0	0	0	0	0
ASV_825	39	44	0	0	0	0	0	0	0	0	0	0	0	0	0	0	7	0	6	34	0	0	0	18	28	22	0	14	0	71	40	18	22	0	0
ASV_826	29	0	0	0	0	0	0	0	0	0	0	0	26	0	0	0	0	0	0	75	0	26	0	0	8	0	0	138	0	0	61	0	0	0	0
ASV_827	144	44	68	0	0	0	0	0	0	4	0	0	0	23	0	2	0	77	0	0	0	0	0	0	0	0	0	0	0	0	0	0	0	0	0
ASV_828	0	0	66	0	0	0	0	0	0	11	135	0	0	0	0	16	25	0	0	66	0	20	0	23	0	0	0	0	0	0	0	0	0	0	0
ASV_829	171	47	0	0	0	0	0	0	0	0	0	0	0	0	0	0	0	0	0	40	0	0	0	0	0	76	0	0	26	0	0	0	0	0	0
ASV_830	21	12	28	0	0	0	12	9	0	11	16	0	0	0	18	46	0	0	0	0	26	13	0	11	9	13	23	13	34	16	12	0	17	0	0
ASV_831	0	0	0	0	0	0	104	0	0	0	0	0	0	0	0	0	0	0	0	27	9	0	0	0	0	22	111	0	28	46	0	0	13	0	0
ASV_832	0	0	0	0	0	0	0	0	0	0	0	0	0	0	0	0	0	0	0	360	0	0	0	0	0	0	0	0	0	0	0	0	0	0	0
ASV_833	22	0	0	0	0	0	0	0	0	0	0	0	41	0	0	68	0	27	0	69	42	0	0	0	0	90	0	0	0	0	0	0	0	0	0
ASV_834	72	23	0	0	0	0	16	0	0	186	0	0	0	0	0	0	0	0	0	0	0	0	0	0	0	51	0	0	0	0	0	0	0	9	0
ASV_835	8	0	0	0	0	0	0	9	0	0	0	0	19	32	0	28	0	30	0	31	0	0	0	24	0	40	70	22	26	0	0	0	18	0	0
ASV_836	0	0	0	0	0	0	0	0	0	0	0	0	357	0	0	0	0	0	0	0	0	0	0	0	0	0	0	0	0	0	0	0	0	0	0
ASV_837	49	39	0	0	0	0	120	0	0	65	0	0	0	0	0	0	0	0	22	0	0	0	0	0	0	0	0	34	26	0	0	0	0	0	0
ASV_838	5	12	4	0	0	0	9	4	0	0	14	0	16	0	10	0	34	0	112	28	5	15	0	0	0	29	14	0	6	3	26	0	9	0	0
ASV_839	7	66	21	0	0	0	0	35	0	10	28	0	10	0	0	0	0	7	0	38	25	19	0	0	19	0	0	0	0	0	59	0	11	0	0
ASV_840	17	132	0	0	0	0	0	0	0	48	0	0	0	0	0	0	0	0	0	0	111	0	2	0	0	0	0	0	0	43	0	0	0	0	0
ASV_841	2	0	11	0	0	0	33	0	6	0	0	0	10	16	0	29	4	45	0	17	4	0	0	30	0	12	20	27	43	0	38	6	0	0	0
ASV_842	0	37	0	0	0	0	49	19	13	40	0	0	0	30	0	0	0	0	0	26	7	0	0	0	0	53	17	0	17	16	0	0	29	0	0
ASV_843	0	15	0	0	0	0	0	0	0	0	0	0	0	0	0	0	0	88	0	34	31	0	0	26	0	0	0	40	0	0	57	41	21	0	0
ASV_844	194	0	0	0	0	0	0	0	0	158	0	0	0	0	0	0	0	0	0	0	0	0	0	0	0	0	0	0	0	0	0	0	0	0	0
ASV_845	21	49	14	0	0	0	4	25	7	6	0	0	13	0	16	10	0	50	0	23	8	8	0	0	18	12	10	0	11	9	25	0	12	0	0
ASV_846	19	0	44	0	0	0	0	0	17	0	0	0	19	0	25	0	0	11	0	24	19	0	0	0	0	49	0	39	0	0	18	35	32	0	0
ASV_847	0	0	0	0	0	0	24	0	0	54	18	0	0	0	0	0	0	0	45	47	0	25	0	11	0	0	0	18	67	42	0	0	0	0	0
ASV_848	10	0	6	0	0	0	8	0	51	5	0	0	11	0	12	0	0	20	0	13	0	96	0	8	0	0	66	29	0	0	15	0	0	0	0
ASV_849	0	20	21	0	0	0	16	23	14	24	18	0	0	0	18	13	0	0	29	0	10	0	0	9	15	11	31	21	32	0	25	0	0	0	0
ASV_850	15	59	13	0	0	0	0	0	0	53	70	0	18	0	0	11	0	0	0	0	0	0	0	0	24	0	0	24	0	0	0	62	0	0	0
ASV_851	0	10	27	0	0	0	0	57	0	15	27	0	0	10	0	0	18	0	0	7	0	25	0	0	35	0	0	30	10	40	0	9	29	0	0
ASV_852	0	0	0	0	0	0	0	0	48	0	0	0	0	0	0	0	0	0	0	144	0	75	0	0	0	0	0	39	0	0	43	0	0	0	0
ASV_853	0	0	0	0	0	0	0	0	0	0	0	0	0	0	0	0	0	86	0	123	0	0	0	0	0	0	0	0	0	0	0	139	0	0	0
ASV_854	0	9	0	0	0	0	150	0	0	0	0	0	0	0	0	0	42	0	68	0	11	0	0	28	0	14	0	13	12	0	0	0	0	0	0
ASV_855	27	0	28	0	0	0	85	0	0	0	0	0	82	0	47	0	0	0	0	18	26	0	0	0	13	19	0	0	0	0	0	0	0	0	0
ASV_856	0	0	79	0	0	0	0	0	0	0	0	0	0	0	0	0	0	0	0	0	266	0	0	0	0	0	0	0	0	0	0	0	0	0	0
ASV_857	0	0	50	0	0	0	0	0	0	0	0	0	0	0	0	0	48	0	0	40	149	58	0	0	0	0	0	0	0	0	0	0	0	0	0
ASV_858	62	17	0	0	0	0	0	0	0	0	83	0	0	0	0	0	0	0	16	0	0	0	0	85	0	8	7	19	47	0	0	0	0	0	0
ASV_859	41	18	31	0	0	0	43	0	21	7	0	0	0	11	69	0	0	0	0	49	0	0	0	0	0	7	46	0	0	0	0	0	0	0	0
ASV_860	17	0	0	0	0	0	0	0	11	0	0	0	0	61	0	0	0	42	0	0	0	0	0	0	0	0	156	0	22	0	0	33	0	0	0
ASV_861	0	0	63	0	0	0	0	76	0	34	83	0	0	0	0	0	0	0	0	0	0	0	0	0	0	0	35	0	0	0	0	51	0	0	0
ASV_862	0	101	0	0	0	0	0	0	38	22	34	0	0	0	0	0	16	0	0	61	0	0	8	32	0	0	0	0	0	29	0	0	0	0	0
ASV_863	0	0	16	0	0	0	27	0	37	0	0	0	23	10	12	61	38	24	0	0	7	0	0	24	0	14	0	19	8	0	21	0	0	0	0
ASV_864	22	11	10	0	0	0	16	26	11	11	20	0	0	11	0	22	15	0	0	0	0	0	0	12	0	57	34	16	13	24	0	0	9	0	0
ASV_865	20	0	24	0	0	0	0	8	0	23	15	0	0	6	0	0	0	0	0	38	0	0	0	0	0	12	0	61	101	7	6	14	0	0	5
ASV_866	0	0	0	0	0	0	0	47	62	0	0	0	0	0	0	0	0	0	0	0	0	47	0	0	0	54	0	0	0	53	0	77	0	0	0
ASV_867	115	0	0	0	0	0	0	42	73	0	0	0	0	0	0	0	0	0	0	109	0	0	0	0	0	0	0	0	0	0	0	0	0	0	0
ASV_868	0	0	0	0	0	0	32	64	0	0	54	0	0	0	32	0	0	0	0	0	0	0	0	0	0	0	42	0	0	0	114	0	0	0	0
ASV_869	0	0	0	0	0	0	0	0	0	0	0	0	249	0	0	0	0	0	0	0	75	0	0	0	0	0	0	0	0	0	0	14	0	0	0
ASV_870	0	0	23	0	0	0	29	0	0	13	0	0	0	0	0	150	0	73	0	0	0	0	0	49	0	0	0	0	0	0	0	0	0	0	0
ASV_871	0	0	0	0	0	0	0	0	0	0	0	0	0	0	0	0	0	0	0	0	0	0	337	0	0	0	0	0	0	0	0	0	0	0	0
ASV_872	0	95	0	0	0	0	0	0	0	0	0	0	0	0	0	0	0	0	0	0	0	230	0	0	3	0	0	8	0	0	0	0	0	0	0
ASV_873	0	0	0	0	0	0	0	0	0	14	0	0	147	0	0	0	0	25	0	0	150	0	0	0	0	0	0	0	0	0	0	0	0	0	0
ASV_874	43	29	29	0	0	0	5	15	9	0	40	0	0	0	28	0	0	7	20	8	0	0	0	9	0	0	0	13	47	0	12	0	21	0	0
ASV_875	7	10	27	0	0	0	0	40	9	17	11	0	34	11	0	70	0	0	0	0	69	0	0	19	0	0	11	0	0	0	0	0	0	0	0
ASV_876	0	0	0	0	0	0	149	0	0	0	0	0	0	0	0	0	0	0	0	0	0	0	0	0	36	0	0	0	0	150	0	0	0	0	0
ASV_877	21	82	0	0	0	0	8	0	0	21	0	0	0	21	20	0	0	0	0	18	9	0	0	0	0	22	53	41	0	0	14	4	0	0	0
ASV_878	22	6	0	0	0	0	15	0	8	33	14	0	0	11	0	0	13	0	22	15	0	12	7	24	0	21	16	14	26	25	0	19	11	0	0
ASV_879	0	26	0	0	0	0	24	13	0	21	33	0	0	44	0	0	0	19	0	15	0	21	0	14	0	31	0	23	0	50	0	0	0	0	0
ASV_880	0	0	0	0	0	0	0	0	0	0	56	0	0	0	0	0	44	0	37	6	0	20	0	10	32	18	0	42	65	0	0	0	0	0	0
ASV_881	0	0	0	0	0	0	0	0	0	0	31	0	25	0	34	0	0	171	0	28	0	0	0	0	0	0	0	20	21	0	0	0	0	0	0
ASV_882	0	36	0	0	0	0	0	11	8	0	0	0	0	0	0	25	0	12	27	0	0	34	0	13	0	0	29	0	87	27	7	0	13	0	0
ASV_883	39	11	0	0	0	0	0	17	25	23	18	0	0	0	10	8	7	0	16	0	41	0	0	0	0	17	21	0	19	22	0	14	19	0	0
ASV_884	20	42	37	0	0	0	7	0	0	0	0	0	15	0	14	0	0	16	0	32	18	0	0	19	0	0	16	0	6	15	24	30	16	0	0
ASV_885	0	0	0	0	0	0	0	0	0	0	77	0	0	41	0	0	0	0	0	0	0	0	0	0	59	51	32	0	0	0	0	0	67	0	0
ASV_886	0	29	0	0	0	0	0	0	0	0	0	0	0	0	51	22	0	0	0	0	0	0	0	9	27	0	0	0	13	0	22	109	44	0	0
ASV_887	0	0	5	0	0	0	0	0	51	0	69	0	10	0	0	0	13	0	0	35	11	0	0	0	17	0	0	0	0	115	0	0	0	0	0
ASV_888	0	0	0	0	0	0	0	24	0	0	0	0	0	87	0	55	53	0	0	60	0	0	0	47	0	0	0	0	0	0	0	0	0	0	0
ASV_889	24	0	0	0	0	0	12	21	0	0	0	0	0	0	0	0	0	0	0	246	0	0	0	0	0	0	0	0	10	0	0	0	12	0	0
ASV_890	0	0	0	0	0	0	0	0	0	0	0	0	0	0	0	0	37	81	0	0	207	0	0	0	0	0	0	0	0	0	0	0	0	0	0
ASV_891	0	0	0	0	0	0	40	25	0	0	0	0	0	17	0	18	40	27	0	28	0	0	0	0	0	77	16	0	0	0	14	0	22	0	0
ASV_892	0	0	53	0	0	0	0	0	0	0	0	0	0	0	0	126	0	0	17	0	0	0	0	81	0	0	45	0	0	0	0	0	0	0	0
ASV_893	17	25	19	0	0	0	11	38	0	9	32	0	19	0	29	7	0	0	0	0	0	0	0	7	12	38	0	0	0	0	0	45	12	0	0
ASV_894	0	0	0	0	0	0	0	0	0	0	0	0	0	0	0	0	0	0	0	130	0	0	0	0	0	0	0	0	0	75	53	62	0	0	0
ASV_895	0	12	17	0	0	0	19	0	0	10	0	0	0	0	25	24	13	0	0	36	0	13	0	7	14	24	0	11	14	0	21	40	19	0	0
ASV_896	0	0	0	0	0	0	62	0	0	0	0	0	82	0	0	0	36	67	0	0	0	0	0	0	0	0	0	0	71	0	0	0	0	0	0
ASV_897	0	0	0	0	0	0	0	0	0	0	0	0	0	0	0	113	0	41	0	0	163	0	0	0	0	0	0	0	0	0	0	0	0	0	0
ASV_898	39	11	13	0	0	0	0	20	0	0	0	0	0	15	58	0	27	6	16	8	0	0	0	10	0	29	0	0	21	14	17	0	12	0	0
ASV_899	23	0	0	0	0	0	18	0	12	0	0	0	0	0	24	0	9	10	0	0	21	0	0	23	0	26	38	0	35	41	0	9	27	0	0
ASV_900	0	0	31	0	0	0	0	0	0	0	0	0	0	0	32	36	38	0	0	0	25	0	0	0	0	70	0	0	0	0	0	51	33	0	0
ASV_901	0	0	0	0	0	0	8	5	0	0	0	0	0	24	0	23	23	32	15	0	64	14	0	10	0	18	17	0	8	0	17	38	0	0	0
ASV_902	0	0	0	0	0	0	0	0	0	10	0	0	306	0	0	0	0	0	0	0	0	0	0	0	0	0	0	0	0	0	0	0	0	0	0
ASV_903	57	39	0	0	0	0	59	0	0	0	0	0	0	0	0	0	0	0	0	58	0	0	0	25	0	29	38	0	0	0	0	0	10	0	0
ASV_904	0	0	0	0	0	0	63	0	0	0	0	0	20	47	0	0	0	26	0	0	0	0	0	39	0	0	39	0	52	0	0	0	28	0	0
ASV_905	20	0	51	0	0	0	0	49	0	13	0	0	0	0	0	26	0	0	0	0	23	0	0	0	41	0	0	0	0	0	0	90	0	0	0
ASV_906	9	0	0	0	0	0	9	5	9	5	18	0	0	39	0	5	17	0	28	9	21	26	0	6	11	40	24	0	8	20	0	0	4	0	0
ASV_907	22	0	21	0	0	0	8	11	31	15	11	0	6	34	15	0	6	0	0	85	0	18	2	0	18	0	9	0	0	0	0	0	0	0	0
ASV_908	0	14	0	0	0	0	67	0	36	0	0	0	0	0	0	0	0	0	0	0	0	0	0	3	0	105	41	0	0	44	0	0	0	0	0
ASV_909	0	0	0	0	0	0	126	0	0	0	0	0	37	70	0	22	0	18	0	0	0	0	0	0	0	37	0	0	0	0	0	0	0	0	0
ASV_910	0	0	0	0	0	0	34	0	126	0	0	0	0	0	0	0	0	0	0	0	0	0	0	0	0	0	0	0	55	0	0	0	95	0	0
ASV_911	0	0	0	0	0	0	0	0	15	0	0	0	0	0	47	0	57	31	0	58	0	0	0	34	0	28	28	0	0	12	0	0	0	0	0
ASV_912	0	0	19	0	0	0	34	0	0	0	20	0	0	0	41	39	66	0	0	17	15	0	0	9	0	34	0	0	0	0	0	0	15	0	0
ASV_913	0	0	0	0	0	0	2	0	0	3	0	0	0	0	302	0	0	0	0	0	0	0	0	0	0	0	0	0	0	0	0	0	0	0	0
ASV_914	19	8	9	0	0	0	15	0	31	0	28	0	19	0	39	8	35	0	0	5	12	7	0	20	0	9	7	4	0	23	0	0	8	0	0
ASV_915	0	17	0	0	0	0	33	41	11	15	0	0	0	24	23	0	0	0	20	16	0	0	0	0	0	26	18	17	0	30	14	0	0	0	0
ASV_916	0	0	64	0	0	0	51	0	14	28	0	0	0	0	0	0	11	0	0	32	0	0	0	0	45	0	38	13	0	0	9	0	0	0	0
ASV_917	0	0	0	0	0	0	25	0	9	0	0	0	0	0	31	33	8	0	0	0	0	0	0	0	0	0	99	0	0	98	0	0	0	0	0
ASV_918	0	50	0	0	0	0	60	0	0	42	0	0	0	0	0	0	23	0	32	0	0	0	0	0	0	0	0	0	0	0	0	95	0	0	0
ASV_919	0	0	0	0	0	0	0	0	89	0	0	0	0	0	0	18	0	0	0	109	0	0	0	0	0	0	86	0	0	0	0	0	0	0	0
ASV_920	41	0	43	0	0	0	17	0	0	5	11	0	0	0	0	0	0	0	0	0	0	0	0	0	113	8	41	0	0	10	0	11	0	0	0
ASV_921	0	38	34	0	0	0	20	63	19	35	0	0	0	0	0	0	0	0	0	0	0	0	0	19	0	0	0	37	0	0	0	0	35	0	0
ASV_922	0	15	0	0	0	0	0	18	0	32	62	0	0	0	0	0	28	0	45	0	0	0	0	24	0	50	26	0	0	0	0	0	0	0	0
ASV_923	0	0	42	0	0	0	0	0	0	0	0	0	0	0	0	0	54	0	121	0	0	0	0	0	0	0	0	0	0	83	0	0	0	0	0
ASV_924	14	0	20	0	0	0	0	29	0	3	0	0	68	16	0	0	0	94	0	0	31	0	0	0	0	8	0	0	0	3	0	13	0	0	0
ASV_925	0	0	0	7	0	0	0	0	76	0	0	0	0	0	0	0	0	0	85	0	131	0	0	0	0	0	0	0	0	0	0	0	0	0	0
ASV_926	0	0	0	0	0	0	0	0	0	0	0	0	0	0	250	0	0	0	0	0	0	0	0	0	0	49	0	0	0	0	0	0	0	0	0
ASV_927	0	0	0	0	0	0	0	28	0	0	0	0	0	0	0	0	0	0	13	146	35	0	0	0	0	0	37	0	0	8	0	31	0	0	0
ASV_928	0	0	0	0	0	0	0	0	0	0	0	0	0	0	0	0	32	0	0	32	0	7	0	0	0	0	0	0	227	0	0	0	0	0	0
ASV_929	143	0	0	0	0	0	0	11	24	0	0	0	0	0	0	33	0	14	0	0	0	0	0	18	0	0	54	0	0	0	0	0	0	0	0
ASV_930	0	0	0	0	0	0	0	0	83	22	0	0	27	0	0	19	0	20	0	11	0	0	0	73	0	0	0	39	0	0	0	0	0	0	0
ASV_931	14	23	0	0	0	0	0	0	11	0	0	0	5	26	12	0	0	0	14	61	58	17	0	9	17	15	9	0	0	0	0	0	0	0	0
ASV_932	0	29	0	0	0	0	28	0	22	21	0	0	0	0	179	0	0	0	0	0	0	0	0	0	0	0	0	0	12	0	0	0	0	0	0
ASV_933	25	6	9	0	0	0	2	0	3	14	0	4	0	13	4	0	20	9	0	24	7	0	0	7	19	22	21	0	0	35	5	34	7	0	0
ASV_934	0	0	0	0	0	0	71	0	45	0	0	0	34	0	33	0	0	0	0	0	0	5	0	34	24	0	0	0	43	0	0	0	0	0	0
ASV_935	12	0	0	0	0	0	0	0	0	0	0	0	0	0	13	0	14	0	0	126	0	0	0	5	0	100	0	9	9	0	0	0	0	0	0
ASV_936	0	61	35	0	0	0	0	0	0	79	0	0	0	0	0	0	0	0	0	0	0	0	0	0	0	0	0	0	0	0	0	0	113	0	0
ASV_937	34	91	0	0	0	0	0	0	0	0	17	0	0	0	12	0	10	0	47	6	0	0	0	0	36	0	0	0	20	0	0	0	0	14	0
ASV_938	34	21	3	0	0	0	15	8	14	13	18	0	0	15	6	0	16	0	6	11	11	13	0	5	0	19	13	0	10	26	0	0	9	0	0
ASV_939	44	0	24	0	0	0	0	0	0	0	0	0	25	0	0	0	0	0	0	36	0	0	0	0	0	0	0	0	0	0	0	157	0	0	0
ASV_940	34	0	19	0	0	0	0	46	0	19	0	0	41	0	0	0	0	0	0	63	0	0	0	0	37	0	0	0	0	0	0	27	0	0	0
ASV_941	139	0	0	0	0	0	25	0	0	24	0	0	0	95	0	0	0	0	0	0	0	0	0	0	0	0	0	0	0	0	0	0	0	0	0
ASV_942	0	0	0	0	0	0	0	0	0	0	0	0	0	0	0	0	0	0	0	0	0	283	0	0	0	0	0	0	0	0	0	0	0	0	0
ASV_943	0	0	35	0	0	0	34	0	13	16	0	0	0	0	0	0	28	58	0	44	17	0	0	0	0	37	0	0	0	0	0	0	0	0	0
ASV_944	0	0	0	0	0	0	13	0	0	0	0	0	0	0	0	9	114	0	0	0	0	0	0	29	0	56	0	23	18	0	20	0	0	0	0
ASV_945	0	0	0	0	0	0	26	0	0	0	0	0	27	0	0	0	0	0	0	54	0	22	0	0	0	0	0	33	117	0	0	0	0	3	0
ASV_946	0	0	0	0	0	0	0	0	0	0	0	0	0	0	0	0	0	47	0	0	0	0	0	0	0	0	105	46	84	0	0	0	0	0	0
ASV_947	0	0	0	0	0	0	0	0	0	0	0	0	0	0	0	0	0	0	0	0	0	0	282	0	0	0	0	0	0	0	0	0	0	0	0
ASV_948	48	0	0	0	0	0	0	0	0	0	0	0	0	0	0	30	0	9	0	42	19	0	0	0	18	0	35	0	0	49	0	0	31	0	0
ASV_949	78	0	0	0	0	0	0	0	0	0	0	0	0	0	0	0	0	25	0	0	177	0	0	0	0	0	0	0	0	0	0	0	0	0	0
ASV_950	0	41	0	0	0	0	0	9	0	0	0	0	0	0	0	0	0	0	0	27	15	26	0	63	0	78	21	0	0	0	0	0	0	0	0
ASV_951	0	8	0	0	0	0	0	0	0	15	14	0	0	0	19	14	0	0	23	21	24	6	0	0	21	9	19	9	0	17	21	15	24	0	0
ASV_952	0	17	0	0	0	0	49	0	0	45	82	0	0	19	0	0	0	0	0	29	13	0	0	0	0	14	0	10	0	0	0	0	0	0	0
ASV_953	0	0	0	0	0	0	0	0	55	0	0	0	0	0	0	68	36	0	0	0	0	0	0	119	0	0	0	0	0	0	0	0	0	0	0
ASV_954	0	13	15	0	0	0	0	0	22	11	0	0	0	0	0	16	0	0	0	0	7	0	0	14	0	10	0	0	0	109	7	0	53	0	0
ASV_955	0	17	0	0	0	0	67	0	0	0	0	0	0	0	132	0	0	61	0	0	0	0	0	0	0	0	0	0	0	0	0	0	0	0	0
ASV_956	0	0	18	0	0	0	15	20	27	0	0	0	0	0	0	57	0	26	0	10	0	0	0	0	0	0	13	11	34	0	18	10	18	0	0
ASV_957	137	0	0	0	0	0	0	0	0	0	0	0	0	0	0	7	42	0	0	0	0	0	0	0	0	11	0	0	0	0	0	23	56	0	0
ASV_958	27	10	0	0	0	0	25	35	0	18	14	0	0	0	0	0	6	0	0	0	8	0	0	19	10	25	0	0	15	26	0	16	22	0	0
ASV_959	0	0	23	0	0	0	25	13	32	0	35	0	0	0	0	0	0	23	0	43	0	0	0	14	0	0	28	0	0	0	0	0	39	0	0
ASV_960	48	0	0	0	0	0	19	32	0	22	33	0	0	0	0	0	0	0	0	26	0	0	0	0	0	94	0	0	0	0	0	0	0	0	0
ASV_961	23	0	0	0	0	0	11	7	10	6	8	0	9	4	7	10	0	0	4	60	6	8	0	3	8	33	16	2	2	9	7	0	19	0	0
ASV_962	0	0	0	0	0	0	12	0	4	0	0	0	135	0	38	0	0	0	0	0	21	0	0	0	0	0	7	0	12	0	0	42	0	0	0
ASV_963	0	0	0	0	0	0	0	0	48	0	0	0	0	63	0	0	0	0	0	56	0	0	0	0	0	50	0	0	0	0	0	53	0	0	0
ASV_964	0	0	0	0	0	0	0	0	0	0	0	0	0	0	55	0	0	0	0	0	0	0	0	0	0	96	0	0	80	0	39	0	0	0	0
ASV_965	10	16	6	0	0	0	8	16	8	32	14	0	0	14	9	0	11	5	0	6	0	11	0	4	4	29	10	0	19	14	7	7	9	0	0
ASV_966	22	6	7	0	0	0	9	0	0	0	0	0	0	0	15	18	21	13	0	0	0	0	0	5	0	11	52	14	7	0	38	20	11	0	0
ASV_967	0	10	4	18	0	5	0	13	2	7	0	12	0	3	0	9	0	6	13	4	14	12	3	0	2	0	7	0	0	3	7	2	9	104	0
ASV_968	0	0	46	0	0	0	0	20	0	0	22	0	0	0	80	0	0	7	15	0	0	0	0	0	0	0	51	0	0	0	28	0	0	0	0
ASV_969	0	0	0	0	0	0	0	0	0	0	0	0	0	0	0	0	0	0	0	0	202	0	0	32	0	0	33	0	0	0	0	0	0	0	0
ASV_970	0	24	14	0	0	0	33	0	23	0	0	0	0	0	39	0	37	0	0	0	0	52	0	0	23	7	0	14	0	0	0	0	0	0	0
ASV_971	0	0	12	0	0	0	4	11	0	0	9	0	0	0	0	0	156	0	0	0	0	0	0	0	7	0	0	0	0	9	0	23	35	0	0
ASV_972	0	0	0	0	0	0	0	0	0	18	0	0	0	0	25	51	19	15	15	0	0	0	0	0	0	0	0	0	123	0	0	0	0	0	0
ASV_973	0	3	0	0	0	0	0	0	0	0	16	0	33	20	0	0	72	0	0	0	49	0	0	0	0	11	61	0	0	0	0	0	0	0	0
ASV_974	0	0	0	0	0	0	177	0	0	0	0	0	0	0	0	0	0	0	0	88	0	0	0	0	0	0	0	0	0	0	0	0	0	0	0
ASV_975	0	0	0	0	0	0	0	30	0	0	0	0	68	0	0	17	0	45	0	0	0	0	0	0	0	0	22	0	0	25	27	31	0	0	0
ASV_976	0	0	0	0	0	0	0	0	0	0	0	0	0	0	0	0	0	0	0	0	0	0	0	67	0	134	64	0	0	0	0	0	0	0	0
ASV_977	27	0	0	0	0	0	0	0	0	0	0	0	0	34	0	0	0	32	0	0	116	0	0	0	0	31	23	0	0	0	0	0	0	0	0
ASV_978	0	0	0	0	0	0	0	0	0	0	0	0	215	0	48	0	0	0	0	0	0	0	0	0	0	0	0	0	0	0	0	0	0	0	0
ASV_979	0	0	0	0	0	0	0	0	0	0	0	0	0	0	0	24	87	37	0	0	0	0	0	76	0	0	0	39	0	0	0	0	0	0	0
ASV_980	6	66	11	0	0	0	0	13	0	9	26	0	0	0	5	0	2	4	21	0	0	0	0	8	4	18	12	9	19	9	5	0	15	0	0
ASV_981	0	0	0	0	0	0	0	0	0	0	0	0	0	0	0	0	135	0	0	98	0	0	0	0	0	0	0	17	0	0	12	0	0	0	0
ASV_982	6	0	15	0	0	0	0	5	2	9	5	0	51	17	2	5	40	20	0	5	11	10	0	3	0	4	0	0	37	5	8	0	0	0	0
ASV_983	8	0	0	0	0	0	17	17	0	35	8	0	0	9	16	7	0	0	89	0	0	21	0	0	5	5	5	0	0	14	3	0	0	0	0
ASV_984	15	0	0	0	0	0	0	0	0	0	0	0	0	0	0	0	91	0	11	81	0	0	0	0	0	15	0	23	23	0	0	0	0	0	0
ASV_985	0	24	48	0	0	0	0	0	0	0	0	0	0	53	0	0	26	0	0	66	0	26	0	0	0	0	15	0	0	0	0	0	0	0	0
ASV_986	0	16	0	0	0	0	0	43	0	20	9	0	0	16	0	0	7	4	17	10	3	14	0	10	0	34	6	0	19	20	0	0	8	0	0
ASV_987	0	3	0	0	0	0	19	0	14	0	3	0	0	0	14	63	32	0	0	0	0	0	0	29	7	0	0	16	33	0	18	0	5	0	0
ASV_988	18	12	0	0	0	0	5	13	0	9	21	0	5	0	0	0	6	0	14	0	7	7	0	5	8	26	15	7	13	24	13	7	20	0	0
ASV_989	0	0	0	0	0	0	0	9	0	13	23	0	32	6	0	85	10	25	0	0	0	0	0	32	0	0	10	0	0	0	0	10	0	0	0
ASV_990	0	0	0	0	0	0	0	0	0	0	119	0	0	0	0	0	0	0	0	0	0	0	0	0	0	28	0	0	0	108	0	0	0	0	0
ASV_991	17	0	0	0	0	0	0	0	0	0	0	0	132	0	29	0	0	0	0	25	0	0	0	0	0	6	0	0	0	0	0	44	0	0	0
ASV_992	0	0	0	0	0	0	0	0	0	0	0	0	86	0	0	0	0	17	0	0	147	0	0	0	0	0	0	0	0	0	0	0	0	0	0
ASV_993	0	0	0	0	0	0	0	0	0	0	0	0	78	172	0	0	0	0	0	0	0	0	0	0	0	0	0	0	0	0	0	0	0	0	0
ASV_994	0	0	0	0	0	0	0	0	0	0	0	0	0	0	0	0	0	0	0	0	0	0	0	0	0	65	0	0	0	185	0	0	0	0	0
ASV_995	5	20	0	0	0	0	8	13	6	0	0	0	0	0	0	0	0	5	0	4	0	0	0	0	0	26	78	0	0	7	0	3	74	0	0
ASV_996	29	0	0	0	0	0	14	18	0	13	0	0	0	0	0	9	13	0	0	0	0	0	0	24	16	16	0	0	0	43	0	13	41	0	0
ASV_997	17	27	0	0	0	0	14	13	0	17	16	0	0	0	0	8	0	0	26	0	0	0	0	9	0	0	20	21	17	17	0	12	15	0	0
ASV_998	16	12	0	0	0	0	0	28	0	11	0	0	0	0	0	0	52	0	61	0	0	17	0	0	0	0	0	0	0	33	18	0	0	0	0
ASV_999	16	0	0	0	0	0	0	0	0	44	11	0	0	0	32	0	0	18	0	0	0	0	0	18	0	38	0	0	0	13	32	0	26	0	0
ASV_1000	0	12	0	0	0	0	0	0	18	16	56	0	0	0	30	0	6	8	0	0	0	0	0	0	0	25	14	21	42	0	0	0	0	0	0
ASV_1001	0	0	0	0	0	0	0	5	0	0	7	0	0	5	0	46	0	0	10	13	0	0	0	17	0	64	20	0	8	0	21	9	23	0	0
ASV_1002	0	0	0	0	0	0	0	0	0	0	0	0	0	0	73	0	0	0	103	0	0	72	0	0	0	0	0	0	0	0	0	0	0	0	0
ASV_1003	0	0	0	0	0	0	0	0	0	0	0	0	0	0	0	0	0	0	0	0	0	0	0	0	0	0	0	248	0	0	0	0	0	0	0
ASV_1004	63	0	0	0	0	0	0	0	0	0	0	0	0	0	0	0	0	84	0	0	0	100	0	0	0	0	0	0	0	0	0	0	0	0	0
ASV_1005	15	12	21	0	0	0	0	0	0	12	14	0	0	28	0	0	0	0	15	19	11	19	0	0	0	28	41	0	0	0	0	0	12	0	0
ASV_1006	0	31	8	0	0	0	8	0	0	13	7	0	0	0	28	0	11	0	37	0	3	17	0	8	0	0	0	15	29	10	0	11	11	0	0
ASV_1007	0	0	0	0	0	0	29	56	29	0	0	0	0	0	49	0	0	0	53	0	0	0	0	0	0	0	15	0	0	16	0	0	0	0	0
ASV_1008	28	0	0	0	0	0	0	0	23	0	0	0	0	0	51	0	0	0	0	0	0	0	0	0	0	0	34	0	110	0	0	0	0	0	0
ASV_1009	0	0	0	0	0	0	71	0	0	0	0	0	0	0	0	59	54	0	0	0	0	0	0	15	0	0	0	26	0	0	0	21	0	0	0
ASV_1010	12	0	15	0	0	0	0	15	15	10	37	0	0	0	0	14	17	12	12	0	37	0	0	0	0	0	0	0	18	10	5	0	15	0	0
ASV_1011	0	19	0	0	0	0	0	0	0	0	0	0	0	0	0	40	0	0	0	0	0	0	0	24	19	0	0	0	0	17	23	71	31	0	0
ASV_1012	10	0	0	0	0	0	11	8	0	0	18	0	0	23	26	0	0	12	0	8	0	11	0	16	0	0	31	7	23	39	0	0	0	0	0
ASV_1013	11	12	9	0	0	0	14	0	13	0	0	0	0	0	23	0	0	41	0	0	5	0	0	0	20	49	0	0	0	0	11	23	12	0	0
ASV_1014	0	0	0	0	0	0	91	0	0	0	0	0	0	0	0	0	0	49	0	41	0	23	0	13	0	26	0	0	0	0	0	0	0	0	0
ASV_1015	9	15	0	0	0	0	10	30	16	18	19	0	0	0	0	0	0	0	0	0	0	10	0	11	27	31	14	0	17	0	0	15	0	0	0
ASV_1016	7	0	12	0	0	0	19	14	0	7	20	0	0	0	0	6	7	5	6	0	23	0	0	15	12	8	11	0	12	15	16	21	6	0	0
ASV_1017	0	0	42	0	0	0	71	0	0	0	0	0	0	0	0	0	0	0	0	101	0	0	0	7	0	20	0	0	0	0	0	0	0	0	0
ASV_1018	0	0	25	0	0	0	0	0	0	0	0	0	65	0	0	0	0	0	0	0	0	0	0	0	0	0	0	0	0	0	0	151	0	0	0
ASV_1019	0	0	187	0	0	0	0	0	0	0	53	0	0	0	0	0	0	0	0	0	0	0	0	0	0	0	0	0	0	0	0	0	0	0	0
ASV_1020	0	0	17	0	0	0	0	24	0	16	0	0	0	0	0	0	0	0	0	0	0	43	0	0	0	0	0	24	0	73	0	0	43	0	0
ASV_1021	17	27	0	0	0	0	7	12	17	9	45	0	0	0	14	14	0	0	13	0	0	0	0	14	0	0	0	15	0	24	11	0	0	0	0
ASV_1022	4	22	10	0	0	0	33	12	5	8	10	0	0	0	0	0	11	0	0	8	0	7	0	6	17	29	10	18	6	15	0	0	8	0	0
ASV_1023	0	0	0	0	0	0	0	62	0	106	0	0	0	0	0	0	0	0	0	11	0	0	0	0	0	0	0	0	0	60	0	0	0	0	0
ASV_1024	0	0	0	0	0	0	0	0	0	0	0	0	0	0	0	0	0	0	0	0	209	0	0	0	0	0	0	0	30	0	0	0	0	0	0
ASV_1025	15	6	31	0	0	0	0	0	0	6	0	0	0	0	0	16	12	0	12	10	70	9	0	0	6	7	0	5	18	15	0	0	0	0	0
ASV_1026	0	0	9	0	0	0	23	0	0	0	0	0	0	16	12	29	28	13	0	0	0	0	0	18	7	21	22	11	0	0	29	0	0	0	0
ASV_1027	0	0	0	0	0	0	162	0	0	0	0	0	0	0	0	0	0	16	0	59	0	0	0	0	0	0	0	0	0	0	0	0	0	0	0
ASV_1028	0	0	0	0	0	0	0	0	0	0	0	0	0	0	0	0	0	0	169	25	0	0	0	15	0	0	28	0	0	0	0	0	0	0	0
ASV_1029	0	0	15	0	0	0	0	0	0	0	16	0	0	0	0	20	31	0	0	0	0	0	0	18	12	40	23	0	61	0	0	0	0	0	0
ASV_1030	0	0	0	0	0	0	0	0	189	0	0	0	0	0	0	0	0	0	0	47	0	0	0	0	0	0	0	0	0	0	0	0	0	0	0
ASV_1031	0	0	0	0	0	0	0	0	0	0	0	0	18	0	0	0	0	46	0	26	85	0	0	0	31	0	0	0	0	0	12	0	18	0	0
ASV_1032	0	0	0	0	0	0	0	0	15	0	0	0	0	37	0	0	0	0	0	0	0	88	0	0	0	0	0	0	42	0	0	0	53	0	0
ASV_1033	0	0	0	0	0	0	0	0	0	0	0	0	144	0	0	0	0	34	0	24	33	0	0	0	0	0	0	0	0	0	0	0	0	0	0
ASV_1034	0	74	0	0	0	0	35	0	0	39	29	0	4	0	34	0	0	0	0	0	0	0	0	0	0	8	0	0	11	0	0	0	0	0	0
ASV_1035	0	23	0	0	0	0	17	0	0	38	11	0	0	0	10	55	0	0	0	0	0	0	0	0	0	0	0	0	0	80	0	0	0	0	0
ASV_1036	0	0	0	0	0	0	31	0	8	0	0	0	0	0	0	0	23	0	0	0	0	0	0	151	0	0	0	9	12	0	0	0	0	0	0
ASV_1037	58	35	0	0	0	0	0	0	0	0	0	0	0	0	0	19	0	0	0	0	0	0	0	0	0	0	0	0	0	0	0	0	121	0	0
ASV_1038	0	26	0	0	0	0	0	54	0	78	0	0	0	0	0	0	0	26	0	0	0	0	0	0	0	0	0	0	49	0	0	0	0	0	0
ASV_1039	0	0	0	0	0	0	15	0	0	0	0	0	0	0	0	16	55	0	0	0	0	0	0	19	0	22	0	64	42	0	0	0	0	0	0
ASV_1040	21	10	0	0	0	0	9	0	4	20	0	0	0	15	14	0	20	5	15	0	4	23	0	15	6	22	12	0	0	12	5	0	0	0	0
ASV_1041	5	3	0	0	0	0	10	5	0	5	0	0	13	0	0	0	2	22	0	3	33	6	0	21	21	0	12	12	0	31	8	0	20	0	0
ASV_1042	9	11	7	0	0	0	32	0	7	16	0	0	0	0	8	6	0	24	13	16	8	13	0	14	0	0	9	0	11	19	0	0	8	0	0
ASV_1043	30	0	0	0	0	0	0	22	0	21	15	0	0	0	0	0	4	0	11	0	22	9	0	14	16	0	26	0	15	25	0	0	0	0	0
ASV_1044	13	20	14	0	0	0	0	0	0	12	0	0	9	13	11	0	15	0	0	15	0	11	0	5	6	22	20	0	0	15	0	20	9	0	0
ASV_1045	0	0	0	0	0	0	20	0	0	0	0	0	33	0	0	0	0	17	0	0	160	0	0	0	0	0	0	0	0	0	0	0	0	0	0
ASV_1046	0	0	0	0	0	0	0	0	0	0	0	0	0	0	0	183	0	0	0	30	0	0	0	0	0	0	17	0	0	0	0	0	0	0	0
ASV_1047	0	0	34	0	0	0	0	18	0	0	0	0	0	35	0	0	0	0	30	0	0	0	0	0	0	23	0	0	46	25	18	0	0	0	0
ASV_1048	0	0	0	0	0	0	0	0	0	0	0	0	0	0	0	0	0	0	0	0	0	0	229	0	0	0	0	0	0	0	0	0	0	0	0
ASV_1049	0	0	0	0	0	0	0	0	0	0	0	0	0	0	0	0	48	0	0	0	0	119	0	0	0	0	0	61	0	0	0	0	0	0	0
ASV_1050	0	31	0	0	0	0	0	10	16	21	27	0	0	40	15	0	9	0	0	0	0	21	0	27	0	0	0	0	0	0	10	0	0	0	0
ASV_1051	0	0	0	0	0	0	0	55	0	12	39	0	0	23	0	0	0	26	0	0	0	0	0	0	0	33	0	0	0	0	0	39	0	0	0
ASV_1052	0	0	0	0	0	0	0	0	0	0	0	0	0	0	77	0	0	0	0	0	0	0	0	0	0	71	0	0	0	0	0	79	0	0	0
ASV_1053	25	12	33	0	0	0	0	17	15	14	0	0	0	0	0	0	0	0	0	23	0	23	4	15	0	26	0	0	0	0	0	0	19	0	0
ASV_1054	20	0	0	0	0	0	22	23	0	37	0	0	0	0	0	0	0	15	0	71	0	0	0	0	0	0	0	0	0	38	0	0	0	0	0
ASV_1055	0	0	27	0	0	0	0	0	0	0	42	0	0	0	0	0	0	0	0	26	0	0	0	0	23	24	0	39	0	30	0	15	0	0	0
ASV_1056	0	0	46	0	0	0	0	0	0	0	0	0	0	0	0	112	45	0	0	0	0	0	0	0	0	0	0	23	0	0	0	0	0	0	0
ASV_1057	0	0	0	0	0	0	0	0	0	0	0	0	0	102	63	0	0	0	0	0	0	0	0	0	0	61	0	0	0	0	0	0	0	0	0
ASV_1058	39	0	13	0	0	0	25	20	15	0	0	0	0	18	0	0	0	0	0	13	0	0	0	17	0	16	0	0	0	37	0	0	12	0	0
ASV_1059	0	0	0	0	0	0	45	0	0	137	0	0	0	0	0	0	0	0	0	0	0	0	0	0	0	0	0	0	42	0	0	0	0	0	0
ASV_1060	102	0	0	0	0	0	12	0	0	0	0	0	0	0	0	0	0	0	0	73	0	0	0	0	0	0	0	0	0	36	0	0	0	0	0
ASV_1061	19	0	0	0	0	0	9	71	0	43	9	0	8	28	0	0	0	16	0	13	0	0	0	0	0	0	0	0	7	0	0	0	0	0	0
ASV_1062	0	0	0	0	0	0	32	0	47	8	0	0	0	90	0	0	0	0	0	0	14	0	0	0	0	0	32	0	0	0	0	0	0	0	0
ASV_1063	60	0	0	0	0	0	6	0	0	0	0	0	0	0	0	0	0	0	41	0	0	0	0	0	0	25	13	0	0	0	19	47	11	0	0
ASV_1064	24	29	0	0	0	0	0	0	0	11	0	0	0	7	0	0	89	46	0	0	0	0	0	0	0	0	0	0	0	0	0	0	16	0	0
ASV_1065	0	0	0	0	0	0	20	0	0	0	0	0	0	27	0	0	0	87	0	49	39	0	0	0	0	0	0	0	0	0	0	0	0	0	0
ASV_1066	0	0	0	0	0	0	19	16	0	0	0	0	0	0	0	82	23	13	11	0	44	0	0	14	0	0	0	0	0	0	0	0	0	0	0
ASV_1067	0	0	0	0	0	0	0	0	0	0	31	0	127	0	30	0	0	0	0	0	0	0	0	0	0	0	0	14	0	0	0	0	20	0	0
ASV_1068	37	24	0	0	0	0	0	65	0	0	0	0	0	21	0	0	0	0	0	0	0	0	0	0	46	0	28	0	0	0	0	0	0	0	0
ASV_1069	0	0	0	0	0	0	0	0	0	0	0	0	0	0	0	44	0	30	0	0	0	0	0	0	0	0	0	50	97	0	0	0	0	0	0
ASV_1070	51	0	0	0	0	0	0	0	67	14	0	0	0	0	0	0	0	0	0	38	0	0	0	0	0	0	28	0	0	0	0	0	22	0	0
ASV_1071	0	0	0	0	0	0	0	0	15	0	0	0	0	0	0	0	17	47	0	53	0	0	0	43	0	0	25	0	20	0	0	0	0	0	0
ASV_1072	18	0	9	0	0	0	11	32	5	10	3	0	11	0	11	6	0	0	0	3	43	0	0	24	6	0	11	0	0	14	0	2	0	0	0
ASV_1073	0	0	0	0	0	0	0	0	0	0	0	0	0	0	0	0	0	0	0	0	0	0	0	0	0	0	0	219	0	0	0	0	0	0	0
ASV_1074	0	14	0	0	0	0	0	0	10	0	12	0	0	0	0	84	9	0	0	27	0	0	0	28	0	0	0	0	34	0	0	0	0	0	0
ASV_1075	0	0	0	0	0	0	0	0	0	0	0	0	0	0	0	0	0	0	0	0	0	0	0	0	217	0	0	0	0	0	0	0	0	0	0
ASV_1076	64	36	0	0	0	0	0	0	0	0	0	0	0	20	0	0	0	0	0	0	0	0	0	0	21	0	0	0	0	0	0	41	34	0	0
ASV_1077	20	0	0	3	0	0	20	0	0	0	14	0	0	12	0	18	0	30	0	23	12	0	0	36	28	0	0	0	0	0	0	0	0	0	0
ASV_1078	37	0	0	0	0	0	0	0	12	0	0	0	23	0	0	8	0	21	0	40	19	0	0	0	0	32	24	0	0	0	0	0	0	0	0
ASV_1079	8	10	7	0	0	0	10	0	0	21	0	0	0	0	0	23	22	0	0	7	19	0	0	0	0	8	58	0	7	0	0	0	16	0	0
ASV_1080	0	0	9	0	0	0	34	0	20	0	0	0	0	0	0	0	0	25	0	14	0	5	0	0	0	38	27	22	10	0	0	0	12	0	0
ASV_1081	0	0	0	0	0	0	0	0	0	0	0	0	15	0	10	36	22	29	0	15	14	0	0	18	0	0	37	5	0	0	9	0	6	0	0
ASV_1082	36	17	16	0	0	0	0	0	0	55	0	0	0	0	0	0	0	0	0	36	0	0	0	0	0	0	28	0	27	0	0	0	0	0	0
ASV_1083	0	0	0	0	0	0	61	0	0	15	0	0	0	0	0	0	25	0	0	40	0	0	0	0	0	0	42	32	0	0	0	0	0	0	0
ASV_1084	0	0	0	0	0	0	0	0	90	0	0	0	43	0	0	27	18	0	0	0	0	0	0	19	0	0	0	0	18	0	0	0	0	0	0
ASV_1085	20	14	0	0	0	0	8	0	0	19	0	0	0	0	0	4	14	0	39	15	0	13	0	5	0	35	14	8	0	0	0	0	5	0	0
ASV_1086	15	9	10	0	0	0	9	0	6	0	0	0	21	0	13	0	0	10	0	25	9	0	0	6	0	40	10	4	0	0	0	14	11	0	0
ASV_1087	36	14	0	0	0	0	0	43	0	0	0	0	13	0	25	0	0	0	0	34	0	0	0	0	0	0	0	0	0	21	0	26	0	0	0
ASV_1088	0	0	32	0	0	0	0	0	0	0	0	0	121	0	0	0	0	0	0	10	0	0	0	0	0	0	0	49	0	0	0	0	0	0	0
ASV_1089	0	0	0	0	0	0	0	0	0	0	0	0	0	54	0	0	0	0	0	0	0	0	46	0	18	0	0	0	0	0	0	0	94	0	0
ASV_1090	85	0	16	0	0	0	0	26	0	15	25	0	0	0	0	0	0	0	0	0	0	11	0	0	0	0	0	0	0	0	0	19	14	0	0
ASV_1091	91	0	0	0	0	0	0	0	45	0	0	0	0	0	0	0	0	33	0	42	0	0	0	0	0	0	0	0	0	0	0	0	0	0	0
ASV_1092	0	0	0	0	0	0	0	0	0	0	0	0	0	0	40	42	0	0	0	30	0	0	0	0	0	41	0	0	58	0	0	0	0	0	0
ASV_1093	11	12	0	0	0	0	0	10	7	9	0	0	0	7	26	0	7	0	5	38	31	28	0	4	0	0	7	0	0	8	0	0	0	0	0
ASV_1094	0	8	0	0	0	0	0	4	0	18	15	0	0	4	5	0	9	0	46	0	0	0	0	0	0	7	11	18	63	0	0	0	0	0	0
ASV_1095	0	0	0	0	0	0	0	0	18	24	0	0	16	0	0	37	0	0	0	0	0	0	0	22	16	0	0	0	31	0	18	0	26	0	0
ASV_1096	0	0	0	0	0	0	0	0	0	0	0	0	0	0	0	74	0	0	0	0	29	0	0	0	0	0	44	61	0	0	0	0	0	0	0
ASV_1097	0	0	0	0	0	0	0	0	0	0	0	0	0	0	0	0	0	64	0	0	144	0	0	0	0	0	0	0	0	0	0	0	0	0	0
ASV_1098	111	0	0	0	0	0	0	0	0	0	0	0	0	0	0	0	0	0	0	0	0	0	0	0	0	0	0	0	0	26	0	0	70	0	0
ASV_1099	0	18	17	0	0	0	42	0	0	0	13	0	0	10	0	21	0	0	0	0	0	0	0	0	0	0	56	0	0	30	0	0	0	0	0
ASV_1100	0	0	31	0	0	0	0	0	0	0	0	0	0	0	0	0	57	0	0	0	0	73	0	0	0	0	25	0	0	0	0	21	0	0	0
ASV_1101	0	0	0	0	0	0	0	21	0	21	0	0	0	120	0	0	0	43	0	0	0	0	0	0	0	0	2	0	0	0	0	0	0	0	0
ASV_1102	0	0	9	0	0	0	21	0	0	0	0	0	0	0	8	20	37	19	0	17	0	0	0	43	0	0	0	13	12	0	7	0	0	0	0
ASV_1103	0	0	0	0	0	0	0	0	0	20	0	0	0	50	0	0	0	0	0	0	0	0	0	0	0	0	0	0	0	39	37	60	0	0	0
ASV_1104	77	0	0	0	0	0	0	35	0	0	0	0	49	0	0	0	0	0	0	44	0	0	0	0	0	0	0	0	0	0	0	0	0	0	0
ASV_1105	0	0	0	0	0	0	0	0	0	0	0	0	0	0	0	0	0	0	0	40	0	0	0	141	0	24	0	0	0	0	0	0	0	0	0
ASV_1106	35	0	0	0	0	0	0	0	0	22	0	0	8	0	0	0	0	26	0	50	21	0	0	0	0	11	9	0	0	0	0	22	0	0	0
ASV_1107	16	0	0	0	0	0	34	0	25	0	0	0	0	0	36	0	0	0	0	0	0	0	0	0	0	0	54	15	0	0	0	0	24	0	0
ASV_1108	0	14	0	0	0	0	0	0	0	7	21	0	0	0	0	0	0	0	33	74	0	0	0	44	0	0	0	11	0	0	0	0	0	0	0
ASV_1109	0	32	62	0	0	0	0	0	0	96	0	0	0	0	0	0	0	0	0	0	0	0	0	0	0	0	0	0	0	0	0	14	0	0	0
ASV_1110	0	0	0	0	0	0	0	0	0	60	0	0	0	0	121	0	0	0	0	23	0	0	0	0	0	0	0	0	0	0	0	0	0	0	0
ASV_1111	0	66	13	0	0	0	0	11	0	0	0	0	56	0	0	0	0	0	0	0	6	0	0	0	0	13	7	0	0	13	0	11	0	7	0
ASV_1112	0	13	0	0	0	0	0	0	0	0	0	0	52	6	0	4	0	0	20	0	23	0	0	18	0	25	0	10	0	25	0	0	7	0	0
ASV_1113	15	9	22	0	0	0	4	6	4	5	0	0	0	8	13	0	6	0	0	0	8	11	0	8	4	12	0	5	24	17	0	7	14	0	0
ASV_1114	24	25	0	0	0	0	0	0	0	23	27	0	0	0	38	0	10	13	0	0	0	0	0	0	0	0	15	0	27	0	0	0	0	0	0
ASV_1115	0	0	0	0	0	0	24	0	0	0	0	0	0	0	0	0	0	0	0	0	0	31	0	0	0	147	0	0	0	0	0	0	0	0	0
ASV_1116	0	0	102	0	0	0	0	0	0	0	0	0	0	99	0	0	0	0	0	0	0	0	0	0	0	0	0	0	0	0	0	0	0	0	0
ASV_1117	0	0	29	0	0	0	10	0	0	0	162	0	0	0	0	0	0	0	0	0	0	0	0	0	0	0	0	0	0	0	0	0	0	0	0
ASV_1118	0	0	0	0	0	0	0	0	22	0	0	0	0	0	0	24	0	0	0	0	0	0	0	76	0	0	79	0	0	0	0	0	0	0	0
ASV_1119	0	0	0	0	0	0	0	0	0	15	0	0	14	58	0	0	0	0	0	0	0	0	0	0	9	0	0	0	0	0	0	105	0	0	0
ASV_1120	0	0	0	0	0	0	0	0	0	0	0	0	0	0	0	0	0	0	0	0	0	0	0	0	0	0	201	0	0	0	0	0	0	0	0
ASV_1121	0	53	0	0	0	0	17	0	0	24	0	0	0	0	12	0	0	0	15	0	0	0	0	0	0	0	0	44	35	0	0	0	0	0	0
ASV_1122	0	0	0	0	0	0	0	0	13	0	0	0	0	0	0	84	0	70	0	0	0	0	0	0	0	0	0	0	33	0	0	0	0	0	0
ASV_1123	13	0	0	0	0	0	0	0	0	13	0	0	0	53	0	0	0	0	0	0	0	0	0	0	0	0	0	0	0	73	0	18	28	0	0
ASV_1124	0	0	0	0	0	0	0	0	0	0	0	0	198	0	0	0	0	0	0	0	0	0	0	0	0	0	0	0	0	0	0	0	0	0	0
ASV_1125	73	0	0	0	0	0	0	0	30	9	0	0	0	14	71	0	0	0	0	0	0	0	0	0	0	0	0	0	0	0	0	0	0	0	0
ASV_1126	22	55	0	0	0	0	28	13	13	0	0	0	0	0	0	0	0	0	0	0	0	0	0	0	0	66	0	0	0	0	0	0	0	0	0
ASV_1127	0	0	41	0	0	0	19	0	9	16	0	0	0	0	0	0	9	12	0	18	0	0	0	0	0	0	0	0	15	0	42	0	16	0	0
ASV_1128	0	0	0	0	0	0	0	0	0	0	0	0	125	64	0	0	0	0	0	8	0	0	0	0	0	0	0	0	0	0	0	0	0	0	0
ASV_1129	142	0	0	0	0	0	0	0	0	0	0	0	0	0	0	0	0	0	0	0	50	0	4	0	0	0	0	0	0	0	0	0	0	0	0
ASV_1130	54	27	0	0	0	0	0	18	0	0	29	0	15	0	0	0	0	0	0	0	18	0	0	0	0	0	0	0	0	20	0	15	0	0	0
ASV_1131	0	0	0	0	0	0	0	150	0	0	0	0	24	0	0	0	0	0	0	0	0	0	0	0	0	0	0	0	22	0	0	0	0	0	0
ASV_1132	0	0	0	0	0	0	0	0	38	0	0	0	0	0	0	0	0	84	0	0	0	0	0	0	0	0	0	0	74	0	0	0	0	0	0
ASV_1133	10	0	0	0	0	0	43	0	0	0	0	0	0	0	0	0	0	0	0	0	0	0	0	34	28	0	0	0	0	27	0	53	0	0	0
ASV_1134	10	47	0	0	0	0	14	0	0	17	0	0	10	21	0	0	0	0	22	0	0	0	0	0	0	0	33	0	21	0	0	0	0	0	0
ASV_1135	14	7	25	0	0	0	30	0	0	0	0	0	0	15	5	8	23	0	0	0	6	0	0	0	9	13	17	0	0	0	0	23	0	0	0
ASV_1136	0	0	25	0	0	0	8	13	4	39	0	0	0	20	0	0	0	11	22	7	0	0	0	0	11	0	0	0	0	0	0	23	12	0	0
ASV_1137	0	0	0	0	0	0	0	0	0	0	0	0	0	0	0	195	0	0	0	0	0	0	0	0	0	0	0	0	0	0	0	0	0	0	0
ASV_1138	0	0	0	0	0	0	0	0	0	0	0	0	0	0	0	0	0	0	0	51	15	0	0	0	0	0	129	0	0	0	0	0	0	0	0
ASV_1139	0	0	0	0	0	0	0	31	0	20	0	0	0	27	0	0	0	26	0	0	0	0	0	0	0	52	38	0	0	0	0	0	0	0	0
ASV_1140	0	0	0	0	0	0	0	0	0	0	0	0	0	0	22	0	0	0	0	0	0	0	0	31	4	0	64	0	16	31	0	0	26	0	0
ASV_1141	33	0	0	0	0	0	0	7	0	0	0	0	0	0	0	0	0	43	0	0	0	0	0	0	0	0	10	0	18	0	18	38	26	0	0
ASV_1142	7	2	0	0	0	0	0	0	0	0	0	0	29	11	0	0	0	0	0	0	36	4	0	15	0	0	19	12	0	0	31	15	12	0	0
ASV_1143	0	78	0	0	0	0	0	0	0	0	0	0	0	0	0	0	0	0	0	0	0	115	0	0	0	0	0	0	0	0	0	0	0	0	0
ASV_1144	26	23	0	0	0	0	0	0	0	0	0	0	0	0	0	0	0	0	0	40	0	0	0	0	24	0	22	0	0	0	0	40	17	0	0
ASV_1145	0	0	0	0	0	0	7	0	0	0	0	0	0	9	5	18	30	0	8	53	0	9	0	13	0	11	0	9	12	8	0	0	0	0	0
ASV_1146	26	31	0	0	0	0	0	0	0	8	0	0	0	25	0	0	0	0	0	14	0	0	0	27	0	0	27	0	19	0	0	0	14	0	0
ASV_1147	16	4	2	0	0	0	16	2	7	0	3	0	0	0	0	0	0	20	0	0	68	0	0	0	0	16	29	6	0	0	0	2	0	0	0
ASV_1148	27	0	0	3	0	0	0	16	0	0	0	0	0	0	24	25	0	0	0	0	46	10	0	0	0	0	33	0	0	0	7	0	0	0	0
ASV_1149	0	5	6	0	0	0	13	8	19	0	0	0	0	0	0	9	26	0	6	13	10	0	0	18	0	0	6	41	8	0	3	0	0	0	0
ASV_1150	0	14	0	0	0	0	0	0	0	0	0	0	36	16	0	0	0	0	0	58	28	0	0	0	0	0	0	0	0	0	0	39	0	0	0
ASV_1151	16	0	18	0	0	0	0	5	6	0	0	0	0	16	0	21	0	0	6	0	0	13	0	0	0	0	0	0	21	11	40	6	11	0	0
ASV_1152	86	0	0	0	0	0	0	10	0	0	0	0	0	0	0	0	0	0	0	0	0	0	0	0	0	0	0	42	16	0	0	0	35	0	0
ASV_1153	12	23	0	0	0	0	0	0	0	10	0	0	0	0	0	46	24	0	9	0	10	0	0	0	22	0	0	12	10	0	0	0	11	0	0
ASV_1154	0	0	0	0	0	0	0	0	49	0	0	0	0	0	0	0	0	0	0	0	0	0	0	11	22	107	0	0	0	0	0	0	0	0	0
ASV_1155	19	9	31	0	0	0	12	10	0	21	0	0	0	17	0	13	0	0	0	0	0	0	0	0	0	25	0	0	0	0	0	31	0	0	0
ASV_1156	7	7	20	0	0	0	0	14	0	0	15	0	10	0	58	0	0	0	0	0	0	19	0	0	0	0	14	9	0	0	0	9	6	0	0
ASV_1157	0	0	0	0	0	0	87	0	0	0	0	0	0	0	0	0	0	51	0	0	0	0	0	0	0	0	0	18	32	0	0	0	0	0	0
ASV_1158	0	0	0	0	0	0	3	6	0	0	0	0	0	8	0	0	30	53	0	0	0	0	0	0	0	0	53	27	8	0	0	0	0	0	0
ASV_1159	0	81	0	0	0	0	0	0	0	0	0	0	0	22	0	0	0	0	0	0	0	84	0	0	0	0	0	0	0	0	0	0	0	0	0
ASV_1160	0	0	0	0	0	0	11	18	0	11	0	0	0	0	17	0	23	35	0	0	12	0	0	18	9	0	0	0	0	19	0	0	14	0	0
ASV_1161	0	0	0	0	0	0	0	0	0	0	0	0	187	0	0	0	0	0	0	0	0	0	0	0	0	0	0	0	0	0	0	0	0	0	0
ASV_1162	0	0	0	0	0	0	0	0	0	0	0	0	0	0	0	0	0	0	0	0	82	0	0	0	0	74	31	0	0	0	0	0	0	0	0
ASV_1163	26	0	36	0	0	0	19	0	0	0	9	0	0	0	0	19	0	0	0	36	27	0	0	0	0	0	0	14	0	0	0	0	0	0	0
ASV_1164	6	0	19	0	0	0	3	2	0	0	0	0	19	0	92	0	0	6	0	14	11	0	0	0	0	0	0	14	0	0	0	0	0	0	0
ASV_1165	0	0	0	0	0	0	0	0	0	0	0	0	0	21	0	0	29	0	0	26	0	0	0	0	0	0	0	23	43	0	35	0	9	0	0
ASV_1166	9	6	0	0	0	0	0	18	0	18	11	0	0	0	9	0	0	0	19	0	0	37	0	0	0	23	0	0	15	0	0	0	20	0	0
ASV_1167	56	0	0	0	0	0	0	0	0	37	0	0	0	0	0	0	0	0	0	0	0	0	0	7	0	0	0	13	0	0	0	0	72	0	0
ASV_1168	0	0	0	7	0	0	0	0	0	0	0	0	0	0	0	9	0	4	0	7	58	81	0	5	0	0	0	0	0	0	0	0	0	14	0
ASV_1169	42	57	14	0	0	0	0	0	0	0	0	0	0	0	0	0	0	0	0	9	40	0	0	0	0	0	0	0	0	0	0	22	0	0	0
ASV_1170	6	0	8	0	0	0	31	0	0	10	0	0	0	22	16	0	5	0	0	0	22	0	0	17	0	26	13	0	0	8	0	0	0	0	0
ASV_1171	0	0	0	0	0	0	17	0	0	0	0	0	0	0	9	0	43	0	0	0	0	0	0	22	0	0	0	10	49	0	34	0	0	0	0
ASV_1172	0	0	0	0	0	0	0	0	17	36	0	0	0	0	0	0	27	0	104	0	0	0	0	0	0	0	0	0	0	0	0	0	0	0	0
ASV_1173	0	0	0	0	0	0	0	0	0	0	0	0	0	184	0	0	0	0	0	0	0	0	0	0	0	0	0	0	0	0	0	0	0	0	0
ASV_1174	34	0	0	0	0	0	45	0	43	0	0	0	0	0	49	12	0	0	0	0	0	0	0	0	0	0	0	0	0	0	0	0	0	0	0
ASV_1175	12	0	0	0	0	0	0	46	0	18	0	0	0	0	8	6	0	0	0	0	0	0	0	29	5	0	14	0	0	18	0	9	18	0	0
ASV_1176	0	0	13	0	0	0	0	0	0	0	0	0	0	0	0	98	0	0	0	0	0	0	0	0	0	0	0	10	62	0	0	0	0	0	0
ASV_1177	0	0	0	0	0	0	0	0	0	0	0	0	0	0	0	0	0	25	0	129	0	29	0	0	0	0	0	0	0	0	0	0	0	0	0
ASV_1178	9	10	0	0	0	0	4	24	5	20	0	0	0	0	17	0	8	0	0	0	0	13	0	0	9	0	0	0	8	25	8	0	22	0	0
ASV_1179	13	0	0	0	0	0	0	0	14	0	23	0	0	0	18	0	0	31	9	0	0	15	0	0	19	0	25	0	0	0	0	15	0	0	0
ASV_1180	10	20	0	0	0	0	7	0	0	13	15	0	0	0	0	0	13	0	10	0	14	15	0	0	0	11	4	11	8	0	10	21	0	0	0
ASV_1181	0	0	0	0	0	0	0	3	0	0	0	0	0	0	0	0	0	0	0	0	0	0	0	3	0	174	0	0	0	0	0	0	2	0	0
ASV_1182	0	0	0	0	0	0	0	0	0	0	0	0	22	0	0	62	0	0	0	0	98	0	0	0	0	0	0	0	0	0	0	0	0	0	0
ASV_1183	0	0	0	0	0	0	0	0	0	0	0	0	0	0	0	0	0	0	0	0	0	182	0	0	0	0	0	0	0	0	0	0	0	0	0
ASV_1184	0	0	0	0	0	0	0	0	0	0	0	0	0	0	0	0	0	0	0	0	0	0	0	0	0	0	0	0	0	182	0	0	0	0	0
ASV_1185	30	0	0	0	0	0	11	0	0	70	0	0	0	70	0	0	0	0	0	0	0	0	0	0	0	0	0	0	0	0	0	0	0	0	0
ASV_1186	0	0	12	0	0	0	0	0	10	0	15	0	18	0	0	0	0	0	0	0	0	0	0	0	0	0	30	0	19	0	0	77	0	0	0
ASV_1187	8	16	0	0	0	0	7	0	31	0	10	0	0	0	0	10	0	0	13	0	0	36	0	0	0	0	0	8	15	12	0	0	14	0	0
ASV_1188	0	4	0	0	0	0	16	0	0	45	0	0	0	0	0	0	0	16	0	42	22	0	0	0	0	0	0	35	0	0	0	0	0	0	0
ASV_1189	0	0	28	0	0	0	0	14	0	13	13	0	0	0	0	0	0	0	14	18	0	0	0	4	0	21	0	0	0	37	0	0	18	0	0
ASV_1190	0	0	0	0	0	0	0	0	0	0	0	0	0	39	0	0	40	0	68	0	0	0	0	0	33	0	0	0	0	0	0	0	0	0	0
ASV_1191	0	0	0	0	0	0	0	0	0	14	0	0	0	0	22	0	0	0	0	45	0	14	0	0	0	0	0	0	84	0	0	0	0	0	0
ASV_1192	0	0	0	0	0	0	0	0	0	0	0	0	0	0	0	29	45	0	0	0	0	0	0	52	0	0	0	53	0	0	0	0	0	0	0
ASV_1193	18	27	20	0	0	0	0	15	0	20	0	0	0	25	0	0	0	0	0	27	0	0	0	0	5	6	0	0	0	6	0	0	9	0	0
ASV_1194	55	0	0	0	0	0	33	0	0	0	0	0	0	0	30	11	0	0	0	0	0	0	0	0	0	0	0	0	0	0	0	49	0	0	0
ASV_1195	0	18	0	0	0	0	0	79	0	0	81	0	0	0	0	0	0	0	0	0	0	0	0	0	0	0	0	0	0	0	0	0	0	0	0
ASV_1196	0	11	0	0	0	0	0	0	6	0	0	8	7	0	0	17	0	0	16	0	34	67	0	12	0	0	0	0	0	0	0	0	0	0	0
ASV_1197	3	6	0	7	0	0	0	0	0	0	0	0	0	0	0	0	0	0	20	0	12	101	0	0	0	0	0	0	0	0	4	0	0	17	7
ASV_1198	29	34	0	0	0	0	0	0	0	0	73	0	0	24	0	0	0	0	0	0	0	0	0	0	17	0	0	0	0	0	0	0	0	0	0
ASV_1199	0	0	0	0	0	0	20	0	0	0	0	0	12	0	0	0	0	55	0	18	57	0	0	0	0	0	15	0	0	0	0	0	0	0	0
ASV_1200	0	0	0	0	0	0	0	0	0	0	0	0	0	0	0	0	0	0	0	0	177	0	0	0	0	0	0	0	0	0	0	0	0	0	0
ASV_1201	0	0	0	0	0	0	14	0	0	0	0	0	0	6	0	0	21	8	0	22	0	0	0	18	0	0	77	0	10	0	0	0	0	0	0
ASV_1202	0	0	0	0	0	0	0	0	2	0	0	0	0	0	0	0	7	0	141	0	0	10	0	0	0	0	0	16	0	0	0	0	0	0	0
ASV_1203	0	0	0	0	0	0	0	0	0	0	0	0	0	0	0	60	0	0	0	0	0	0	0	0	0	0	0	0	0	0	0	0	116	0	0
ASV_1204	17	0	8	0	0	0	0	0	0	7	0	0	26	11	0	0	8	0	0	17	9	6	0	0	0	34	0	0	0	0	3	29	0	0	0
ASV_1205	46	0	0	0	0	0	0	0	0	28	0	0	0	0	0	0	38	0	0	0	0	0	0	0	0	0	0	0	0	0	0	20	42	0	0
ASV_1206	0	12	0	0	0	0	0	0	0	0	0	0	0	0	41	0	0	8	0	0	0	0	0	0	0	87	26	0	0	0	0	0	0	0	0
ASV_1207	0	0	13	0	0	0	17	20	0	0	0	0	0	13	19	0	0	48	0	0	0	0	0	0	0	0	32	0	0	0	12	0	0	0	0
ASV_1208	19	0	0	0	0	0	0	16	0	0	0	0	0	0	0	0	0	0	31	0	0	0	0	0	0	0	0	26	18	0	23	15	25	0	0
ASV_1209	0	22	0	0	0	0	0	151	0	0	0	0	0	0	0	0	0	0	0	0	0	0	0	0	0	0	0	0	0	0	0	0	0	0	0
ASV_1210	0	0	0	0	0	0	0	0	0	0	0	0	16	35	0	0	0	11	0	0	26	0	0	0	0	0	15	0	0	0	0	70	0	0	0
ASV_1211	0	0	0	0	0	0	0	0	0	0	0	0	0	0	0	9	0	0	0	0	0	0	0	0	0	62	0	0	102	0	0	0	0	0	0
ASV_1212	0	2	6	0	0	0	10	31	10	6	0	0	0	0	11	13	0	8	5	3	14	0	0	10	0	3	11	2	3	12	5	0	7	0	0
ASV_1213	0	0	0	0	0	0	0	0	0	0	0	0	0	0	37	15	0	0	54	0	0	43	0	0	0	0	0	0	0	0	0	0	23	0	0
ASV_1214	0	0	0	0	0	0	0	0	0	0	0	0	0	0	0	21	0	27	0	25	29	0	0	0	0	0	35	0	35	0	0	0	0	0	0
ASV_1215	0	0	0	0	0	0	0	0	0	0	0	0	0	0	0	0	0	13	0	0	0	0	0	0	0	16	75	0	28	0	0	0	40	0	0
ASV_1216	30	0	12	0	0	0	0	0	0	0	0	0	0	9	0	0	0	0	20	35	0	0	0	5	0	16	0	0	44	0	0	0	0	0	0
ASV_1217	18	0	0	0	0	0	0	0	0	13	0	0	72	0	0	0	0	22	0	46	0	0	0	0	0	0	0	0	0	0	0	0	0	0	0
ASV_1218	0	14	0	0	0	0	22	0	0	0	0	0	0	0	0	0	0	0	0	0	0	0	0	0	0	0	22	82	0	0	0	0	31	0	0
ASV_1219	0	0	0	0	0	0	0	0	0	0	0	0	0	0	0	0	87	0	0	0	0	0	0	0	0	84	0	0	0	0	0	0	0	0	0
ASV_1220	9	0	27	0	0	0	4	10	0	14	0	0	0	9	8	0	0	4	0	10	0	0	0	0	17	26	0	0	0	24	0	8	0	0	0
ASV_1221	0	26	11	0	0	0	9	0	0	21	0	0	0	0	0	0	0	0	31	0	0	0	0	0	0	47	0	0	0	0	10	15	0	0	0
ASV_1222	0	0	119	0	0	0	0	51	0	0	0	0	0	0	0	0	0	0	0	0	0	0	0	0	0	0	0	0	0	0	0	0	0	0	0
ASV_1223	0	0	0	0	0	0	88	0	0	0	0	0	0	0	11	0	0	0	0	0	0	0	0	0	0	71	0	0	0	0	0	0	0	0	0
ASV_1224	0	0	0	0	0	0	0	0	0	0	38	0	0	0	0	0	0	0	0	0	0	0	0	0	0	0	0	0	0	0	0	36	96	0	0
ASV_1225	13	34	0	0	0	0	0	30	0	62	0	0	0	0	7	0	0	0	0	0	0	0	0	0	0	0	0	0	0	0	0	23	0	0	0
ASV_1226	0	8	6	0	0	0	6	10	0	0	0	0	0	8	0	0	8	0	36	0	0	0	0	23	0	0	13	5	6	23	0	8	9	0	0
ASV_1227	0	0	0	0	0	0	39	0	0	0	0	0	0	0	19	0	0	42	0	0	0	0	0	0	0	69	0	0	0	0	0	0	0	0	0
ASV_1228	0	0	0	0	0	0	17	9	19	0	0	0	10	0	0	12	0	0	0	0	7	0	0	9	0	30	0	19	20	0	0	0	17	0	0
ASV_1229	0	0	0	0	0	0	38	0	0	0	0	0	0	0	14	0	0	0	0	0	0	0	0	0	0	0	61	0	56	0	0	0	0	0	0
ASV_1230	0	0	0	0	0	0	0	0	0	42	0	0	0	0	0	0	0	0	0	0	0	0	0	0	0	0	0	0	127	0	0	0	0	0	0
ASV_1231	0	0	0	0	0	0	0	0	0	0	0	0	169	0	0	0	0	0	0	0	0	0	0	0	0	0	0	0	0	0	0	0	0	0	0
ASV_1232	0	0	0	0	0	0	0	0	0	0	0	0	0	0	0	169	0	0	0	0	0	0	0	0	0	0	0	0	0	0	0	0	0	0	0
ASV_1233	20	0	25	0	0	0	0	0	0	0	0	0	17	0	0	0	0	25	0	0	24	0	0	0	0	10	0	0	0	0	0	17	30	0	0
ASV_1234	26	0	0	0	0	0	0	0	20	25	10	0	0	0	0	0	0	0	0	26	0	61	0	0	0	0	0	0	0	0	0	0	0	0	0
ASV_1235	0	0	0	0	0	0	19	9	0	0	0	0	0	0	0	10	0	7	17	5	0	0	0	7	10	0	6	13	11	24	10	8	12	0	0
ASV_1236	52	0	18	0	0	0	0	0	0	4	0	0	14	0	0	13	18	13	0	0	35	0	0	0	0	0	0	0	0	0	0	0	0	0	0
ASV_1237	13	9	6	0	0	0	7	14	0	0	3	0	14	0	0	0	0	8	0	12	6	0	0	7	7	0	13	0	7	14	11	7	9	0	0
ASV_1238	15	31	0	0	0	0	0	0	0	0	0	0	0	0	0	0	9	0	23	0	0	0	0	18	14	0	0	22	0	24	0	11	0	0	0
ASV_1239	0	0	16	0	0	0	0	0	0	0	0	0	0	0	0	70	10	0	0	0	0	0	0	33	0	0	0	0	38	0	0	0	0	0	0
ASV_1240	30	7	0	0	0	0	15	0	0	0	0	0	0	0	0	0	0	0	0	0	55	5	0	0	0	21	12	0	7	0	0	14	0	0	0
ASV_1241	0	29	0	0	0	0	0	0	0	0	0	0	0	14	0	0	0	0	0	0	58	0	0	0	49	0	0	0	0	0	0	15	0	0	0
ASV_1242	0	0	0	0	0	0	0	60	14	46	0	0	0	0	0	0	0	0	28	0	0	0	0	0	0	0	0	0	0	7	10	0	0	0	0
ASV_1243	0	0	0	0	0	0	0	0	8	0	0	0	0	0	0	0	0	0	56	0	0	28	0	0	0	17	0	0	34	22	0	0	0	0	0
ASV_1244	0	0	0	0	0	0	0	0	0	0	0	0	165	0	0	0	0	0	0	0	0	0	0	0	0	0	0	0	0	0	0	0	0	0	0
ASV_1245	0	22	0	0	0	0	0	0	0	0	0	0	0	33	0	0	0	0	0	0	0	0	0	0	18	0	0	0	0	0	50	0	41	0	0
ASV_1246	0	0	0	0	78	57	0	0	5	0	0	0	0	0	0	0	0	0	0	0	0	0	0	0	0	0	0	0	0	0	24	0	0	0	0
ASV_1247	0	0	0	0	0	0	0	90	0	0	0	0	0	0	0	0	0	0	0	0	0	0	0	0	0	0	0	20	21	0	33	0	0	0	0
ASV_1248	0	0	0	0	0	0	0	0	0	0	0	0	0	0	11	0	0	15	0	0	0	0	0	28	16	33	0	0	36	0	0	0	25	0	0
ASV_1249	49	18	16	0	0	0	13	20	0	0	31	0	0	0	0	0	0	0	0	0	0	0	0	16	0	0	0	0	0	0	0	0	0	0	0
ASV_1250	18	0	53	0	0	0	0	19	0	0	0	0	0	0	0	0	0	0	0	0	0	0	0	0	0	18	25	0	0	0	0	0	30	0	0
ASV_1251	6	0	10	0	0	0	0	0	0	0	0	0	0	0	27	0	26	0	0	0	31	0	0	0	0	0	5	0	0	0	48	0	10	0	0
ASV_1252	33	0	0	0	0	0	0	0	0	0	0	0	73	0	0	0	0	57	0	0	0	0	0	0	0	0	0	0	0	0	0	0	0	0	0
ASV_1253	0	5	0	0	0	0	0	20	0	16	0	0	0	0	0	0	0	0	0	0	0	0	0	0	0	60	0	7	0	0	0	0	55	0	0
ASV_1254	0	0	0	0	0	0	64	0	0	0	0	0	0	0	0	0	0	15	0	5	0	0	0	0	0	0	57	17	5	0	0	0	0	0	0
ASV_1255	0	0	0	0	0	0	42	0	0	64	0	0	0	0	0	0	0	0	0	0	0	0	0	0	0	57	0	0	0	0	0	0	0	0	0
ASV_1256	0	0	0	0	0	0	0	17	0	0	29	0	0	66	0	10	0	11	0	22	0	0	0	8	0	0	0	0	0	0	0	0	0	0	0
ASV_1257	0	0	0	0	0	0	0	0	0	0	0	0	0	16	0	48	0	0	0	0	99	0	0	0	0	0	0	0	0	0	0	0	0	0	0
ASV_1258	41	0	0	0	0	0	0	0	0	0	0	0	0	0	0	0	0	0	0	0	0	0	0	0	0	0	55	0	66	0	0	0	0	0	0
ASV_1259	9	5	0	0	0	0	10	16	0	0	10	0	13	25	0	0	0	8	0	0	5	0	0	18	0	13	4	0	0	0	0	0	6	20	0
ASV_1260	0	0	21	0	0	0	32	0	15	14	0	0	0	0	29	0	0	0	0	0	0	0	0	0	0	0	0	0	30	0	21	0	0	0	0
ASV_1261	0	0	0	0	0	0	162	0	0	0	0	0	0	0	0	0	0	0	0	0	0	0	0	0	0	0	0	0	0	0	0	0	0	0	0
ASV_1262	0	0	0	0	0	0	38	0	15	0	0	0	0	0	41	0	0	0	0	0	0	0	0	0	0	26	0	8	0	0	0	0	34	0	0
ASV_1263	0	0	0	0	0	0	0	0	9	0	0	0	6	0	0	0	72	0	0	0	0	0	0	65	0	0	0	0	0	0	0	10	0	0	0
ASV_1264	0	0	0	0	0	0	0	0	0	0	0	0	0	0	0	0	0	0	0	0	0	0	0	0	101	0	0	61	0	0	0	0	0	0	0
ASV_1265	0	0	0	0	0	0	0	0	0	0	0	0	0	0	0	0	0	0	0	0	0	0	0	0	0	0	0	0	0	0	0	162	0	0	0
ASV_1266	20	19	11	0	0	0	8	7	0	9	23	0	0	0	0	0	0	0	0	0	0	12	0	0	0	0	37	0	15	0	0	0	0	0	0
ASV_1267	0	0	0	0	0	0	0	0	11	0	0	0	0	0	0	0	0	28	0	0	0	0	0	122	0	0	0	0	0	0	0	0	0	0	0
ASV_1268	42	0	0	0	0	0	0	37	0	0	0	0	0	0	0	0	0	0	0	0	0	0	0	0	81	0	0	0	0	0	0	0	0	0	0
ASV_1269	0	0	0	0	0	0	32	0	0	0	0	0	0	0	27	0	0	0	0	0	0	0	0	0	0	0	0	54	47	0	0	0	0	0	0
ASV_1270	0	0	0	0	0	0	0	0	19	0	0	0	0	0	0	0	35	0	0	0	0	0	0	0	0	22	54	30	0	0	0	0	0	0	0
ASV_1271	0	0	0	0	0	0	20	0	11	0	0	0	0	0	0	28	0	0	0	0	14	0	0	0	0	28	46	0	12	0	0	0	0	0	0
ASV_1272	0	0	0	0	0	0	0	0	0	0	0	0	0	0	0	0	0	0	0	0	0	0	0	0	42	0	0	0	0	41	0	75	0	0	0
ASV_1273	16	0	15	2	0	0	0	0	11	0	0	0	0	0	8	10	0	0	22	0	17	7	0	10	0	0	0	6	13	13	7	0	0	0	0
ASV_1274	0	81	0	0	0	0	0	0	0	0	0	0	0	76	0	0	0	0	0	0	0	0	0	0	0	0	0	0	0	0	0	0	0	0	0
ASV_1275	0	0	11	0	0	0	9	42	0	10	0	0	0	10	17	4	0	0	0	0	10	0	0	5	0	7	12	0	10	0	0	0	10	0	0
ASV_1276	0	0	14	0	0	0	0	0	0	0	0	0	0	0	0	0	0	0	0	0	11	0	0	0	0	0	23	0	0	25	0	0	84	0	0
ASV_1277	12	6	21	0	0	0	0	0	0	0	0	0	5	26	24	0	0	0	0	0	0	13	0	0	0	0	37	0	0	6	0	4	0	2	0
ASV_1278	0	17	0	0	0	0	6	13	6	5	6	0	0	3	13	0	0	6	12	14	0	11	0	0	4	8	20	0	0	0	12	0	0	0	0
ASV_1279	0	0	0	0	0	0	36	0	0	41	0	0	0	0	0	0	0	0	0	0	0	0	0	0	0	0	46	0	0	33	0	0	0	0	0
ASV_1280	0	0	0	0	0	0	0	0	0	0	0	0	51	0	0	0	0	0	0	0	0	0	0	0	0	0	55	0	50	0	0	0	0	0	0
ASV_1281	0	0	0	0	0	0	0	0	0	0	0	0	0	0	0	74	0	0	0	0	0	0	0	0	0	0	0	10	53	19	0	0	0	0	0
ASV_1282	0	0	0	0	0	0	0	0	0	0	0	0	0	0	0	0	0	156	0	0	0	0	0	0	0	0	0	0	0	0	0	0	0	0	0
ASV_1283	7	17	5	0	0	0	8	0	9	0	12	0	0	12	20	0	0	0	0	0	0	16	0	9	0	8	14	0	18	0	0	0	0	0	0
ASV_1284	0	0	22	0	0	0	0	20	0	37	29	0	0	0	0	0	0	0	28	0	0	0	0	0	13	0	0	6	0	0	0	0	0	0	0
ASV_1285	0	0	0	0	0	0	0	0	0	0	0	0	0	64	0	0	0	86	0	0	0	0	0	0	0	5	0	0	0	0	0	0	0	0	0
ASV_1286	0	0	0	0	0	0	0	0	0	0	0	0	0	0	0	0	0	0	0	0	0	0	0	0	0	0	0	0	0	0	0	155	0	0	0
ASV_1287	0	17	21	0	0	0	31	10	0	26	0	0	0	17	0	0	0	0	0	0	0	0	0	9	0	23	0	0	0	0	0	0	0	0	0
ASV_1288	0	0	0	0	0	0	34	0	0	0	0	0	0	0	0	29	0	0	45	0	0	0	0	0	0	0	0	0	46	0	0	0	0	0	0
ASV_1289	0	0	0	0	0	0	0	0	0	0	0	0	0	0	15	33	24	0	0	0	0	0	0	31	0	0	30	21	0	0	0	0	0	0	0
ASV_1290	18	8	23	0	0	0	14	16	0	0	0	0	16	0	0	7	0	0	0	8	0	0	0	0	14	20	9	0	0	0	0	0	0	0	0
ASV_1291	0	0	0	0	0	0	37	0	0	0	0	0	0	0	0	0	0	0	0	37	0	0	0	0	0	27	0	0	0	0	0	52	0	0	0
ASV_1292	0	0	0	0	0	0	0	0	0	0	0	0	0	0	0	85	68	0	0	0	0	0	0	0	0	0	0	0	0	0	0	0	0	0	0
ASV_1293	13	6	0	0	0	0	0	17	12	15	0	0	0	0	10	0	0	0	7	0	0	0	0	7	8	6	15	0	12	11	13	0	0	0	0
ASV_1294	7	4	0	0	0	0	19	0	0	0	0	0	8	0	12	43	0	0	5	0	0	0	0	0	11	5	0	0	12	13	0	10	3	0	0
ASV_1295	0	0	0	0	0	0	44	0	0	0	32	0	0	26	0	0	0	0	0	0	0	0	0	0	0	41	9	0	0	0	0	0	0	0	0
ASV_1296	0	0	0	0	0	0	0	16	0	0	0	0	0	0	18	0	0	0	25	0	0	22	0	0	0	0	0	17	13	0	30	11	0	0	0
ASV_1297	0	0	0	0	0	0	0	0	23	0	0	0	0	0	0	0	0	0	0	0	0	0	0	20	0	29	41	11	27	0	0	0	0	0	0
ASV_1298	0	0	0	0	0	0	0	0	0	0	7	0	38	12	9	0	0	0	0	0	0	0	0	40	10	5	0	0	0	0	0	9	21	0	0
ASV_1299	0	0	0	0	0	0	0	0	0	0	0	0	0	0	0	144	0	0	0	0	0	0	0	0	0	0	0	0	0	0	0	7	0	0	0
ASV_1300	20	0	0	0	0	0	0	0	0	0	0	0	119	0	0	0	0	11	0	0	0	0	0	0	0	0	0	0	0	0	0	0	0	0	0
ASV_1301	0	25	15	0	0	0	0	11	0	0	0	0	11	38	0	0	0	0	0	0	0	0	0	0	13	0	0	0	0	0	27	10	0	0	0
ASV_1302	0	6	0	0	0	0	0	0	0	25	0	0	4	0	0	0	0	0	0	9	0	86	0	0	10	0	3	0	7	0	0	0	0	0	0
ASV_1303	0	0	7	0	0	0	0	0	9	0	0	0	0	0	0	0	0	0	50	0	0	0	0	0	18	33	0	0	0	0	0	33	0	0	0
ASV_1304	0	0	0	0	0	0	0	0	0	0	0	0	0	0	0	57	0	30	0	0	0	0	0	20	0	43	0	0	0	0	0	0	0	0	0
ASV_1305	0	0	10	0	0	0	14	0	0	0	0	0	0	0	0	37	0	13	0	13	0	0	0	0	21	0	0	28	0	13	0	0	0	0	0
ASV_1306	0	0	0	0	0	0	15	0	0	0	24	0	18	0	0	0	10	0	0	41	15	0	0	0	18	0	0	0	0	8	0	0	0	0	0
ASV_1307	48	16	8	0	0	0	0	12	0	12	18	0	0	0	0	0	16	0	8	0	0	0	0	0	0	0	0	0	0	10	0	0	0	0	0
ASV_1308	14	12	0	0	0	0	7	12	0	14	0	0	0	32	0	0	27	0	7	0	0	10	0	0	5	0	0	0	0	0	8	0	0	0	0
ASV_1309	9	0	0	0	0	0	0	0	0	0	0	0	0	54	0	0	0	65	0	0	0	0	0	0	0	10	0	0	9	0	0	0	0	0	0
ASV_1310	13	10	0	0	0	0	14	12	13	9	0	0	0	0	0	0	0	0	0	0	36	0	0	11	0	16	0	0	0	0	0	0	13	0	0
ASV_1311	0	15	0	0	0	0	0	0	0	22	0	0	16	0	0	0	13	0	14	0	20	0	0	0	14	0	0	0	0	0	0	21	12	0	0
ASV_1312	0	0	0	0	0	0	31	0	0	0	0	0	0	0	0	0	102	0	0	0	0	0	0	0	0	14	0	0	0	0	0	0	0	0	0
ASV_1313	0	0	0	0	0	0	0	0	34	0	0	0	0	0	0	0	0	0	0	0	0	0	0	0	0	113	0	0	0	0	0	0	0	0	0
ASV_1314	0	0	0	0	0	0	0	0	7	0	0	0	0	20	0	24	17	0	0	0	0	0	0	35	0	0	0	19	25	0	0	0	0	0	0
ASV_1315	0	0	0	0	0	0	0	0	0	0	0	0	147	0	0	0	0	0	0	0	0	0	0	0	0	0	0	0	0	0	0	0	0	0	0
ASV_1316	10	0	0	0	0	0	0	0	0	12	0	0	0	16	0	0	0	0	0	0	0	0	0	0	18	0	15	0	0	31	13	31	0	0	0
ASV_1317	0	19	0	0	0	0	0	0	0	0	26	0	0	0	0	0	12	19	70	0	0	0	0	0	0	0	0	0	0	0	0	0	0	0	0
ASV_1318	0	0	0	0	0	0	0	0	0	0	146	0	0	0	0	0	0	0	0	0	0	0	0	0	0	0	0	0	0	0	0	0	0	0	0
ASV_1319	22	8	0	0	0	0	0	7	10	0	0	0	0	0	0	0	0	0	0	32	14	12	0	11	0	0	0	0	29	0	0	0	0	0	0
ASV_1320	0	0	0	0	0	0	0	35	0	60	0	0	12	0	0	0	8	0	0	0	7	0	0	0	0	0	0	0	22	0	0	0	0	0	0
ASV_1321	0	0	0	0	0	0	0	0	59	0	0	0	0	0	46	0	39	0	0	0	0	0	0	0	0	0	0	0	0	0	0	0	0	0	0
ASV_1322	0	0	0	0	0	0	0	0	0	38	0	0	0	0	11	0	0	0	0	45	23	0	0	0	0	0	0	0	0	0	0	27	0	0	0
ASV_1323	0	0	0	0	0	0	0	0	0	0	0	0	26	0	7	49	0	0	0	5	48	0	0	0	0	0	0	7	0	0	0	0	2	0	0
ASV_1324	0	0	0	0	0	0	0	0	0	0	0	0	0	0	0	0	0	0	31	38	0	0	0	0	20	0	0	0	0	0	0	55	0	0	0
ASV_1325	0	0	4	0	0	0	0	0	0	0	0	0	0	15	0	5	27	0	16	11	0	7	0	0	0	0	0	0	0	0	43	0	15	0	0
ASV_1326	0	0	0	0	0	0	0	17	9	17	14	0	0	24	34	6	0	0	0	0	0	22	0	0	0	0	0	0	0	0	0	0	0	0	0
ASV_1327	0	0	0	0	0	0	0	0	0	0	0	0	0	0	67	0	0	76	0	0	0	0	0	0	0	0	0	0	0	0	0	0	0	0	0
ASV_1328	16	0	0	0	0	0	0	0	0	0	0	0	56	0	0	0	0	22	0	0	5	30	0	0	0	0	0	0	0	0	13	0	0	0	0
ASV_1329	23	0	0	0	0	0	0	0	0	0	0	0	0	28	0	0	0	29	0	0	0	0	0	0	0	0	0	0	62	0	0	0	0	0	0
ASV_1330	0	0	10	0	0	0	0	0	3	5	0	0	97	0	0	2	0	2	0	0	0	0	0	0	0	0	0	0	18	0	5	0	0	0	0
ASV_1331	0	0	14	0	0	0	18	0	0	0	0	0	0	0	0	0	0	0	0	11	0	0	0	7	0	35	25	9	0	0	0	10	13	0	0
ASV_1332	38	0	0	0	0	0	0	0	27	0	0	0	0	0	0	0	0	45	0	0	0	31	0	0	0	0	0	0	0	0	0	0	0	0	0
ASV_1333	0	0	0	0	0	0	0	35	0	0	0	0	0	12	0	0	0	0	0	0	22	0	0	0	0	0	0	0	0	0	0	41	31	0	0
ASV_1334	0	0	0	0	0	0	0	5	0	0	0	0	16	6	0	45	8	10	0	0	7	0	0	7	0	4	6	0	18	0	7	2	0	0	0
ASV_1335	0	0	0	0	0	0	0	0	3	0	41	0	0	0	5	0	16	17	4	18	0	3	0	0	13	11	0	0	0	0	0	10	0	0	0
ASV_1336	0	0	0	0	0	0	0	0	0	47	0	0	0	0	0	94	0	0	0	0	0	0	0	0	0	0	0	0	0	0	0	0	0	0	0
ASV_1337	0	0	7	0	0	0	52	0	0	15	0	0	0	0	0	0	11	0	0	0	0	0	0	0	10	0	0	0	0	0	17	8	20	0	0
ASV_1338	0	0	0	0	0	0	0	39	0	0	0	0	0	0	0	0	0	0	0	0	0	81	0	10	0	0	0	0	0	0	10	0	0	0	0
ASV_1339	0	0	0	0	0	0	0	0	0	0	0	0	0	0	6	0	0	0	102	0	0	16	0	0	0	0	0	16	0	0	0	0	0	0	0
ASV_1340	18	13	0	0	0	0	25	0	0	0	0	0	0	0	0	0	27	0	0	20	0	0	0	0	0	0	0	0	0	36	0	0	0	0	0
ASV_1341	20	0	0	0	0	0	0	0	0	0	0	0	0	0	0	0	0	0	0	0	0	0	0	0	0	5	0	33	0	81	0	0	0	0	0
ASV_1342	16	0	0	0	0	0	11	0	25	10	0	0	0	0	0	0	0	15	0	21	0	9	0	0	0	0	20	0	0	0	12	0	0	0	0
ASV_1343	0	0	15	0	0	0	0	0	0	20	0	0	0	37	0	0	0	0	0	0	0	0	0	0	0	19	0	0	48	0	0	0	0	0	0
ASV_1344	0	0	0	0	0	0	0	0	8	0	0	0	0	105	0	0	0	14	0	0	12	0	0	0	0	0	0	0	0	0	0	0	0	0	0
ASV_1345	5	6	0	0	0	0	3	26	0	4	0	0	0	3	0	0	5	0	30	0	0	10	0	16	0	6	0	0	4	8	0	5	7	0	0
ASV_1346	0	0	0	0	0	0	0	0	0	0	0	0	12	0	0	0	23	14	0	0	48	0	0	21	0	0	7	6	0	0	7	0	0	0	0
ASV_1347	0	0	0	0	0	0	0	0	0	0	0	0	0	0	0	0	0	0	0	0	0	0	0	0	79	59	0	0	0	0	0	0	0	0	0
ASV_1348	22	0	0	0	0	0	0	0	16	25	0	0	0	0	0	0	0	0	0	0	0	15	0	0	0	0	0	0	14	0	12	0	33	0	0
ASV_1349	7	0	0	0	0	0	15	9	0	0	14	0	20	0	9	0	0	0	0	20	15	0	0	0	0	0	10	0	0	9	0	9	0	0	0
ASV_1350	0	26	0	0	0	0	0	0	0	0	0	0	0	40	0	0	0	0	0	23	0	0	0	0	23	0	0	0	25	0	0	0	0	0	0
ASV_1351	0	9	6	0	0	0	0	0	0	0	13	0	0	14	7	0	5	0	0	0	26	8	0	0	0	14	12	0	10	5	0	0	8	0	0
ASV_1352	7	0	4	0	0	0	11	4	5	15	9	0	0	0	5	4	5	0	9	0	0	0	0	7	9	6	6	0	10	8	6	0	6	0	0
ASV_1353	0	0	0	0	0	0	101	0	7	0	0	0	0	19	0	0	0	0	0	0	0	0	0	0	0	9	0	0	0	0	0	0	0	0	0
ASV_1354	0	0	0	0	0	0	0	0	0	0	0	0	0	0	0	0	0	136	0	0	0	0	0	0	0	0	0	0	0	0	0	0	0	0	0
ASV_1355	0	0	0	0	0	0	0	0	0	0	0	0	0	0	0	0	0	0	0	128	0	0	0	0	0	8	0	0	0	0	0	0	0	0	0
ASV_1356	13	0	0	0	0	0	0	0	6	14	0	0	0	6	0	5	7	4	0	0	11	0	0	12	17	0	15	5	0	11	9	0	0	0	0
ASV_1357	0	0	0	0	0	0	0	7	3	0	8	0	0	14	9	0	18	0	9	0	11	0	0	22	0	8	0	0	0	9	0	12	5	0	0
ASV_1358	0	0	0	0	0	0	0	0	0	13	0	0	0	0	0	0	0	0	0	42	0	0	0	0	0	65	0	0	0	0	15	0	0	0	0
ASV_1359	45	5	0	0	0	0	0	0	0	10	16	0	0	0	16	0	0	0	11	0	0	5	0	8	3	0	8	0	0	2	0	0	5	0	0
ASV_1360	0	0	43	0	0	0	53	0	13	0	0	0	0	0	0	0	0	0	0	25	0	0	0	0	0	0	0	0	0	0	0	0	0	0	0
ASV_1361	0	0	0	0	0	0	5	11	0	0	0	0	0	0	0	0	11	0	39	6	18	0	0	0	0	10	25	0	0	0	0	9	0	0	0
ASV_1362	0	0	0	0	0	0	0	0	17	0	0	0	0	0	0	0	0	0	0	52	0	0	0	0	0	0	0	0	0	65	0	0	0	0	0
ASV_1363	0	0	0	0	0	0	0	0	0	0	0	0	21	113	0	0	0	0	0	0	0	0	0	0	0	0	0	0	0	0	0	0	0	0	0
ASV_1364	0	0	0	0	0	0	0	0	0	0	0	0	0	0	0	63	0	0	0	0	0	0	0	31	0	0	0	40	0	0	0	0	0	0	0
ASV_1365	0	2	3	0	0	0	0	8	0	6	0	0	0	0	0	26	0	0	0	7	0	6	0	0	0	54	0	0	7	8	6	0	0	0	0
ASV_1366	0	0	0	0	0	0	0	112	21	0	0	0	0	0	0	0	0	0	0	0	0	0	0	0	0	0	0	0	0	0	0	0	0	0	0
ASV_1367	0	0	0	0	0	0	0	0	0	0	0	0	0	0	0	0	0	0	133	0	0	0	0	0	0	0	0	0	0	0	0	0	0	0	0
ASV_1368	0	0	0	0	0	0	0	0	0	0	0	0	0	0	0	0	0	0	0	0	124	0	0	9	0	0	0	0	0	0	0	0	0	0	0
ASV_1369	0	39	0	0	0	0	0	0	0	16	0	0	0	0	0	0	0	0	22	0	0	0	0	0	0	0	0	55	0	0	0	0	0	0	0
ASV_1370	0	0	26	0	0	0	8	0	0	0	13	0	10	0	0	0	0	0	0	42	0	0	0	0	24	0	0	0	0	0	0	9	0	0	0
ASV_1371	0	0	0	0	0	0	0	0	0	0	0	0	0	132	0	0	0	0	0	0	0	0	0	0	0	0	0	0	0	0	0	0	0	0	0
ASV_1372	0	0	0	0	0	0	0	0	0	0	0	0	0	0	0	0	0	0	0	0	132	0	0	0	0	0	0	0	0	0	0	0	0	0	0
ASV_1373	53	0	0	0	0	0	0	0	0	31	0	0	0	39	0	0	0	0	0	0	0	0	8	0	0	0	0	0	0	0	0	0	0	0	0
ASV_1374	33	0	10	0	0	0	0	0	0	0	0	0	0	12	0	0	0	0	0	6	0	0	0	0	11	0	0	0	0	0	0	38	21	0	0
ASV_1375	23	0	0	0	0	0	0	29	0	20	0	0	0	0	0	0	0	0	0	0	0	0	0	0	0	0	0	0	29	0	0	0	30	0	0
ASV_1376	0	0	0	0	0	0	0	6	13	0	0	0	0	0	0	0	0	0	20	0	0	13	0	0	5	17	0	0	0	32	25	0	0	0	0
ASV_1377	0	0	0	0	0	0	0	0	0	0	0	0	0	0	0	0	0	0	92	0	0	0	0	0	0	0	0	0	39	0	0	0	0	0	0
ASV_1378	7	0	0	0	0	0	4	0	8	3	0	0	0	6	7	10	6	0	0	17	0	9	0	9	0	15	0	7	0	22	0	0	0	0	0
ASV_1379	0	31	0	0	0	0	0	20	0	0	12	0	0	0	0	0	0	0	0	0	0	0	0	0	21	0	0	0	0	0	0	20	26	0	0
ASV_1380	0	0	20	0	0	0	47	0	0	0	0	0	0	0	0	0	0	0	0	15	0	0	0	21	0	27	0	0	0	0	0	0	0	0	0
ASV_1381	0	0	0	0	0	0	18	0	0	0	0	0	0	0	0	12	30	0	0	9	0	0	0	30	0	0	0	31	0	0	0	0	0	0	0
ASV_1382	0	0	0	0	0	0	19	0	0	17	0	0	0	0	0	0	0	0	26	0	0	0	0	0	0	0	0	0	47	21	0	0	0	0	0
ASV_1383	0	0	0	0	0	0	0	0	0	0	0	0	0	0	0	0	24	26	0	21	0	0	0	21	0	0	38	0	0	0	0	0	0	0	0
ASV_1384	0	0	0	0	0	0	0	0	0	0	0	0	0	0	0	0	0	0	0	0	0	0	0	0	0	0	0	130	0	0	0	0	0	0	0
ASV_1385	63	0	0	0	0	0	0	0	0	0	0	0	0	0	0	0	0	0	0	0	0	66	0	0	0	0	0	0	0	0	0	0	0	0	0
ASV_1386	36	0	0	0	0	0	0	0	0	11	0	0	0	72	0	10	0	0	0	0	0	0	0	0	0	0	0	0	0	0	0	0	0	0	0
ASV_1387	82	0	0	0	0	0	0	0	0	0	0	0	0	0	0	0	15	32	0	0	0	0	0	0	0	0	0	0	0	0	0	0	0	0	0
ASV_1388	14	0	8	0	0	0	0	17	0	14	0	0	0	0	0	5	0	0	0	0	0	0	0	0	0	29	19	13	0	0	10	0	0	0	0
ASV_1389	11	14	0	0	0	0	12	0	0	26	0	0	0	0	0	0	0	0	0	10	0	16	0	0	0	40	0	0	0	0	0	0	0	0	0
ASV_1390	0	0	0	0	0	0	0	0	65	0	0	0	0	0	0	0	0	0	0	0	0	0	0	0	0	0	64	0	0	0	0	0	0	0	0
ASV_1391	0	0	0	0	0	0	0	0	0	0	19	0	0	0	0	0	0	0	0	0	0	16	0	0	0	0	24	0	70	0	0	0	0	0	0
ASV_1392	0	0	0	0	0	0	0	0	0	0	0	0	29	61	0	0	0	39	0	0	0	0	0	0	0	0	0	0	0	0	0	0	0	0	0
ASV_1393	128	0	0	0	0	0	0	0	0	0	0	0	0	0	0	0	0	0	0	0	0	0	0	0	0	0	0	0	0	0	0	0	0	0	0
ASV_1394	0	12	0	0	0	0	0	22	0	8	0	0	6	0	0	0	0	15	0	0	0	6	0	0	0	14	0	7	19	0	6	0	13	0	0
ASV_1395	0	0	0	0	0	0	0	0	0	0	0	0	0	0	25	0	22	10	0	0	0	0	0	12	0	16	0	43	0	0	0	0	0	0	0
ASV_1396	8	0	0	0	0	0	9	7	6	10	11	0	0	0	0	0	0	0	5	0	10	18	0	0	0	17	0	0	19	7	0	0	0	0	0
ASV_1397	5	11	0	0	0	0	0	0	0	0	13	0	9	0	0	0	0	0	0	26	0	0	0	0	0	63	0	0	0	0	0	0	0	0	0
ASV_1398	0	0	26	0	0	0	7	8	0	7	0	0	19	17	0	0	0	0	0	0	0	0	0	10	0	27	0	6	0	0	0	0	0	0	0
ASV_1399	0	0	0	0	0	0	0	18	0	25	0	0	0	0	0	14	0	0	0	0	9	0	0	17	0	0	19	0	18	0	0	7	0	0	0
ASV_1400	11	4	3	0	0	0	4	9	5	12	5	0	3	0	3	10	0	0	3	0	11	2	0	8	3	0	10	5	7	8	0	0	0	0	0
ASV_1401	0	12	6	0	0	0	46	0	0	19	0	0	0	0	0	0	0	0	10	0	0	0	0	0	12	0	0	13	0	0	8	0	0	0	0
ASV_1402	0	0	26	0	0	0	0	0	0	0	0	0	0	0	0	32	0	0	0	25	0	0	0	0	7	28	0	0	8	0	0	0	0	0	0
ASV_1403	0	0	0	0	0	0	21	0	0	12	0	0	0	19	0	0	0	0	0	0	0	0	0	12	9	0	18	12	0	23	0	0	0	0	0
ASV_1404	0	0	0	0	0	0	0	98	0	0	0	0	0	0	0	0	0	0	0	0	0	0	0	0	0	28	0	0	0	0	0	0	0	0	0
ASV_1405	0	0	0	0	0	0	0	0	0	0	0	0	0	0	0	0	0	0	0	0	0	0	0	19	0	0	0	107	0	0	0	0	0	0	0
ASV_1406	18	0	7	0	0	0	0	34	0	0	0	0	0	19	0	0	5	0	0	0	0	17	0	0	0	18	0	0	7	0	0	0	0	0	0
ASV_1407	0	64	0	0	0	0	0	16	15	30	0	0	0	0	0	0	0	0	0	0	0	0	0	0	0	0	0	0	0	0	0	0	0	0	0
ASV_1408	0	0	125	0	0	0	0	0	0	0	0	0	0	0	0	0	0	0	0	0	0	0	0	0	0	0	0	0	0	0	0	0	0	0	0
ASV_1409	0	0	19	0	0	0	0	0	0	32	0	0	0	0	0	0	0	0	0	0	41	0	0	0	0	0	0	20	0	0	0	13	0	0	0
ASV_1410	0	0	10	0	0	0	0	0	14	0	0	0	19	0	0	0	0	35	0	0	0	0	0	27	0	0	20	0	0	0	0	0	0	0	0
ASV_1411	0	0	0	0	0	0	0	0	0	8	0	0	8	0	0	15	0	0	0	6	39	0	0	0	17	0	0	0	0	0	18	14	0	0	0
ASV_1412	0	0	0	0	0	0	68	0	10	0	0	0	0	0	0	0	23	0	0	0	0	0	0	23	0	0	0	0	0	0	0	0	0	0	0
ASV_1413	0	0	0	0	0	0	37	0	0	0	0	0	0	45	0	0	42	0	0	0	0	0	0	0	0	0	0	0	0	0	0	0	0	0	0
ASV_1414	0	0	0	0	0	0	0	42	0	13	0	0	0	0	0	0	0	0	0	14	0	0	0	0	0	24	0	0	0	0	0	10	21	0	0
ASV_1415	0	123	0	0	0	0	0	0	0	0	0	0	0	0	0	0	0	0	0	0	0	0	0	0	0	0	0	0	0	0	0	0	0	0	0
ASV_1416	0	0	123	0	0	0	0	0	0	0	0	0	0	0	0	0	0	0	0	0	0	0	0	0	0	0	0	0	0	0	0	0	0	0	0
ASV_1417	0	0	0	0	0	0	0	0	0	0	0	0	58	0	0	0	0	65	0	0	0	0	0	0	0	0	0	0	0	0	0	0	0	0	0
ASV_1418	0	0	0	0	0	0	0	0	0	0	0	0	0	0	0	0	0	0	0	123	0	0	0	0	0	0	0	0	0	0	0	0	0	0	0
ASV_1419	18	0	11	0	0	0	26	0	11	6	16	0	0	11	0	0	0	13	0	0	0	0	0	0	0	10	0	0	0	0	0	0	0	0	0
ASV_1420	14	0	0	0	0	0	0	0	0	29	0	0	0	0	24	0	0	0	0	0	0	0	0	0	0	0	0	0	0	0	0	55	0	0	0
ASV_1421	0	17	0	0	0	0	0	20	0	12	0	0	0	0	0	0	0	0	0	0	0	0	0	0	27	0	0	0	0	46	0	0	0	0	0
ASV_1422	0	0	0	0	0	0	0	26	0	0	20	0	0	0	0	0	0	0	19	0	0	0	0	0	0	0	0	29	28	0	0	0	0	0	0
ASV_1423	0	0	0	0	0	0	0	0	0	0	0	0	14	0	13	0	45	0	0	0	0	34	0	0	0	0	16	0	0	0	0	0	0	0	0
ASV_1424	0	0	0	0	0	0	0	0	0	0	0	0	0	0	0	0	0	12	0	81	0	0	0	0	0	0	29	0	0	0	0	0	0	0	0
ASV_1425	18	0	56	0	0	0	0	7	7	0	0	0	0	0	0	0	6	0	0	0	0	0	0	0	0	27	0	0	0	0	0	0	0	0	0
ASV_1426	0	37	18	0	0	0	0	0	0	0	0	0	0	0	0	0	8	0	0	0	0	19	0	0	28	0	0	0	11	0	0	0	0	0	0
ASV_1427	0	8	0	0	0	0	6	5	6	19	2	0	0	0	0	3	4	0	18	0	0	0	0	6	0	12	0	6	7	19	0	0	0	0	0
ASV_1428	0	0	74	0	0	0	0	0	0	0	0	0	0	0	0	0	0	0	0	0	0	4	0	0	0	0	0	0	22	0	0	0	21	0	0
ASV_1429	0	0	28	0	0	0	0	0	0	0	0	0	0	0	0	0	0	0	0	0	0	0	0	0	0	0	28	19	0	46	0	0	0	0	0
ASV_1430	0	0	0	0	0	0	54	0	0	0	0	0	0	34	0	0	0	0	0	0	0	0	0	0	0	33	0	0	0	0	0	0	0	0	0
ASV_1431	0	0	0	0	0	0	0	0	0	0	0	0	0	0	0	0	0	0	0	0	0	0	0	0	0	0	0	0	0	0	0	0	121	0	0
ASV_1432	100	0	0	0	0	0	13	0	0	0	0	0	0	0	0	0	0	0	0	7	0	0	0	0	0	0	0	0	0	0	0	0	0	0	0
ASV_1433	0	11	0	0	0	0	6	6	0	0	0	0	0	0	45	0	0	0	0	0	0	15	0	0	0	18	0	8	0	0	0	0	11	0	0
ASV_1434	0	0	0	0	0	0	10	0	0	0	0	0	36	0	0	0	0	0	0	0	74	0	0	0	0	0	0	0	0	0	0	0	0	0	0
ASV_1435	0	0	0	0	0	0	0	0	0	0	0	0	0	0	0	0	0	120	0	0	0	0	0	0	0	0	0	0	0	0	0	0	0	0	0
ASV_1436	0	0	0	0	0	0	0	0	0	0	0	0	0	0	0	0	0	0	0	120	0	0	0	0	0	0	0	0	0	0	0	0	0	0	0
ASV_1437	0	7	0	0	0	0	5	4	9	0	0	0	0	0	11	0	6	0	0	12	0	38	0	0	0	9	18	0	0	0	0	0	0	0	0
ASV_1438	0	0	31	0	0	0	11	0	0	5	0	0	15	0	0	0	0	0	0	0	0	0	0	0	3	0	0	0	7	17	0	0	30	0	0
ASV_1439	0	0	12	0	0	0	0	0	0	0	0	0	0	0	0	53	0	17	0	0	0	0	0	0	0	0	16	10	0	0	0	0	11	0	0
ASV_1440	0	0	0	0	0	0	119	0	0	0	0	0	0	0	0	0	0	0	0	0	0	0	0	0	0	0	0	0	0	0	0	0	0	0	0
ASV_1441	0	0	0	0	0	0	0	0	0	0	0	0	0	0	0	0	0	0	0	0	0	0	0	0	0	61	0	0	0	0	0	0	58	0	0
ASV_1442	42	0	0	0	0	0	14	0	0	0	9	0	0	7	0	0	0	0	0	0	0	41	5	0	0	0	0	0	0	0	0	0	0	0	0
ASV_1443	0	0	0	0	0	0	20	17	0	0	12	0	0	0	0	0	7	0	37	0	0	0	0	10	0	0	0	0	0	15	0	0	0	0	0
ASV_1444	5	0	0	0	0	0	35	11	0	0	0	0	25	0	0	13	0	0	0	0	28	0	0	0	0	0	0	0	0	0	0	0	0	0	0
ASV_1445	0	0	0	0	0	0	6	0	21	0	0	0	0	0	0	57	0	0	0	0	0	0	0	0	0	0	13	15	5	0	0	0	0	0	0
ASV_1446	0	0	0	0	0	0	0	79	38	0	0	0	0	0	0	0	0	0	0	0	0	0	0	0	0	0	0	0	0	0	0	0	0	0	0
ASV_1447	0	0	0	0	0	0	0	17	0	41	59	0	0	0	0	0	0	0	0	0	0	0	0	0	0	0	0	0	0	0	0	0	0	0	0
ASV_1448	0	0	0	0	0	0	0	0	0	0	0	0	51	0	0	0	0	66	0	0	0	0	0	0	0	0	0	0	0	0	0	0	0	0	0
ASV_1449	0	0	0	0	0	0	0	0	0	0	0	0	0	0	0	0	0	0	0	58	0	0	0	0	0	0	0	59	0	0	0	0	0	0	0
ASV_1450	0	0	0	0	0	0	0	0	0	0	0	0	0	0	0	0	0	0	0	0	63	17	0	0	0	0	37	0	0	0	0	0	0	0	0
ASV_1451	12	30	0	0	0	0	22	0	0	14	0	0	0	27	0	0	11	0	0	0	0	0	0	0	0	0	0	0	0	0	0	0	0	0	0
ASV_1452	11	0	5	0	0	0	0	0	3	0	0	0	0	0	23	0	0	0	0	18	0	0	0	0	13	20	0	0	0	0	0	12	11	0	0
ASV_1453	0	22	0	0	0	0	0	37	0	0	0	0	0	0	0	0	0	0	19	0	0	0	0	16	0	22	0	0	0	0	0	0	0	0	0
ASV_1454	0	0	0	0	0	0	0	0	0	0	0	0	0	0	116	0	0	0	0	0	0	0	0	0	0	0	0	0	0	0	0	0	0	0	0
ASV_1455	0	0	0	0	0	0	0	0	0	0	0	0	0	0	0	37	0	4	0	8	26	0	0	30	0	0	0	0	0	0	0	0	0	0	11
ASV_1456	0	7	7	0	0	0	24	0	0	0	0	0	0	0	0	6	0	0	0	0	9	0	0	0	14	0	0	11	6	7	0	9	15	0	0
ASV_1457	0	0	0	0	0	0	0	37	0	0	0	0	19	0	0	0	0	0	0	0	0	21	0	0	0	0	0	0	22	0	0	16	0	0	0
ASV_1458	0	0	0	0	0	0	0	0	0	0	0	0	0	0	0	0	0	0	0	0	0	115	0	0	0	0	0	0	0	0	0	0	0	0	0
ASV_1459	35	0	0	0	0	0	0	0	0	0	0	0	0	43	0	0	0	36	0	0	0	0	0	0	0	0	0	0	0	0	0	0	0	0	0
ASV_1460	0	0	11	0	0	0	32	0	0	0	7	0	7	0	0	0	0	17	0	14	0	0	0	0	0	0	26	0	0	0	0	0	0	0	0
ASV_1461	0	0	0	0	0	0	33	15	0	0	0	0	0	0	21	0	0	0	0	0	0	26	0	0	0	0	0	0	19	0	0	0	0	0	0
ASV_1462	0	0	0	0	0	0	0	0	0	0	0	0	0	0	0	0	0	0	114	0	0	0	0	0	0	0	0	0	0	0	0	0	0	0	0
ASV_1463	0	0	0	0	0	0	0	0	0	0	0	0	0	0	0	0	0	0	0	0	0	0	0	0	0	0	0	0	114	0	0	0	0	0	0
ASV_1464	16	0	0	0	0	0	12	13	0	0	0	0	0	0	0	9	12	0	0	25	0	0	0	0	0	13	0	0	0	0	13	0	0	0	0
ASV_1465	0	30	0	0	0	0	0	38	0	0	0	0	0	0	0	0	0	0	0	0	0	0	0	0	9	0	0	0	0	0	0	15	21	0	0
ASV_1466	0	0	73	0	0	0	0	0	0	40	0	0	0	0	0	0	0	0	0	0	0	0	0	0	0	0	0	0	0	0	0	0	0	0	0
ASV_1467	0	0	0	0	0	0	0	21	0	0	0	0	0	17	0	0	0	0	0	30	0	0	0	0	0	0	10	0	0	0	0	0	35	0	0
ASV_1468	0	0	0	0	0	0	0	0	0	0	113	0	0	0	0	0	0	0	0	0	0	0	0	0	0	0	0	0	0	0	0	0	0	0	0
ASV_1469	0	0	0	0	0	0	0	0	0	0	0	0	0	0	0	0	0	0	0	113	0	0	0	0	0	0	0	0	0	0	0	0	0	0	0
ASV_1470	0	0	0	0	0	0	0	0	0	0	0	0	0	0	0	0	0	0	0	0	0	0	0	0	82	0	0	0	0	0	0	31	0	0	0
ASV_1471	0	0	0	0	0	0	13	6	6	20	0	0	21	0	0	0	0	29	0	0	0	0	0	0	0	17	0	0	0	0	0	0	0	0	0
ASV_1472	0	0	0	0	0	0	0	0	0	0	0	0	0	0	0	0	0	0	0	0	0	0	0	0	0	0	0	0	0	112	0	0	0	0	0
ASV_1473	0	6	0	0	0	0	15	0	0	14	0	0	0	0	0	0	0	32	0	0	0	10	0	0	0	16	0	0	0	0	0	0	18	0	0
ASV_1474	0	0	0	0	0	0	0	0	0	0	0	0	0	111	0	0	0	0	0	0	0	0	0	0	0	0	0	0	0	0	0	0	0	0	0
ASV_1475	34	0	19	0	0	0	0	0	0	0	0	0	0	0	0	0	0	0	0	0	0	26	0	0	11	0	0	0	0	14	6	0	0	0	0
ASV_1476	10	0	16	0	0	0	0	0	0	16	19	0	0	38	0	0	0	0	0	0	0	0	0	0	0	0	0	0	11	0	0	0	0	0	0
ASV_1477	0	49	19	0	0	0	0	0	0	0	0	0	0	0	0	0	0	0	0	0	0	0	0	0	0	0	14	0	0	0	0	28	0	0	0
ASV_1478	0	23	0	0	0	0	0	0	0	0	23	0	0	0	0	0	0	0	0	28	5	0	0	0	0	0	31	0	0	0	0	0	0	0	0
ASV_1479	0	0	16	0	0	0	0	0	0	0	0	0	0	94	0	0	0	0	0	0	0	0	0	0	0	0	0	0	0	0	0	0	0	0	0
ASV_1480	0	0	0	0	0	0	0	0	0	56	0	0	0	0	0	0	0	0	0	0	0	0	0	0	0	0	54	0	0	0	0	0	0	0	0
ASV_1481	0	0	0	0	0	0	0	0	0	0	0	0	0	0	0	0	0	57	0	0	0	0	0	0	0	0	0	0	31	22	0	0	0	0	0
ASV_1482	12	9	11	0	0	0	0	17	5	0	15	0	0	0	5	0	0	0	0	26	0	0	0	6	3	0	0	0	0	0	0	0	0	0	0
ASV_1483	16	27	0	0	0	0	21	0	0	0	0	0	0	5	0	0	0	0	0	0	7	0	0	0	0	0	21	0	0	0	0	0	12	0	0
ASV_1484	21	0	0	0	0	0	25	0	0	0	0	0	0	0	0	0	0	0	27	0	0	0	0	0	0	0	24	0	12	0	0	0	0	0	0
ASV_1485	0	17	0	0	0	0	0	0	0	0	0	0	0	0	0	0	0	0	0	0	0	0	0	0	0	0	0	0	0	0	0	92	0	0	0
ASV_1486	0	0	0	0	0	0	0	0	0	0	0	0	0	0	0	0	109	0	0	0	0	0	0	0	0	0	0	0	0	0	0	0	0	0	0
ASV_1487	0	0	0	0	0	0	0	0	0	0	0	0	0	0	0	0	0	15	0	94	0	0	0	0	0	0	0	0	0	0	0	0	0	0	0
ASV_1488	0	0	0	0	0	0	0	0	0	0	0	0	0	0	0	0	0	30	0	0	0	0	0	79	0	0	0	0	0	0	0	0	0	0	0
ASV_1489	9	6	16	0	0	0	0	8	0	21	0	0	0	5	0	12	0	0	4	9	0	0	0	0	0	4	3	0	0	0	8	0	3	0	0
ASV_1490	17	0	8	0	0	0	26	0	0	0	0	0	0	0	33	0	0	0	0	0	0	0	0	0	0	0	6	0	0	0	0	18	0	0	0
ASV_1491	0	0	51	0	0	0	0	34	0	0	0	0	0	0	0	0	0	0	0	0	0	0	0	0	0	0	0	0	0	0	0	0	23	0	0
ASV_1492	0	0	0	0	0	0	13	0	0	0	10	0	0	0	0	4	0	0	7	0	0	0	0	49	0	4	0	0	4	0	17	0	0	0	0
ASV_1493	0	0	0	0	0	0	0	0	0	0	0	0	0	0	0	68	0	0	0	0	0	0	0	40	0	0	0	0	0	0	0	0	0	0	0
ASV_1494	47	5	0	0	0	0	12	14	0	0	0	0	0	9	0	0	0	0	0	0	0	0	0	0	0	0	8	4	0	8	0	0	0	0	0
ASV_1495	26	12	0	0	0	0	0	0	0	0	69	0	0	0	0	0	0	0	0	0	0	0	0	0	0	0	0	0	0	0	0	0	0	0	0
ASV_1496	0	0	0	0	0	0	74	0	0	8	0	0	0	0	0	0	0	0	0	9	16	0	0	0	0	0	0	0	0	0	0	0	0	0	0
ASV_1497	0	0	0	0	0	0	0	0	13	0	0	0	0	0	0	0	0	0	0	37	0	0	0	0	0	28	0	0	0	0	0	29	0	0	0
ASV_1498	0	0	0	0	0	0	0	0	0	0	0	0	0	0	0	107	0	0	0	0	0	0	0	0	0	0	0	0	0	0	0	0	0	0	0
ASV_1499	0	0	0	0	0	0	0	0	0	0	0	0	0	0	0	0	0	0	0	0	0	0	0	0	0	0	0	0	0	0	0	107	0	0	0
ASV_1500	0	0	0	0	0	0	0	0	0	0	0	0	0	0	0	0	0	0	0	0	0	0	0	0	0	0	0	0	0	0	0	0	107	0	0
ASV_1501	94	0	0	0	0	0	0	0	0	0	0	0	12	0	0	0	0	0	0	0	0	0	0	0	0	0	0	0	0	0	0	0	0	0	0
ASV_1502	24	0	0	0	0	0	0	0	0	0	0	0	0	0	0	0	0	0	11	0	0	12	0	13	0	0	0	0	13	0	0	0	33	0	0
ASV_1503	69	0	0	0	0	0	0	0	11	0	0	0	0	0	0	0	0	0	0	26	0	0	0	0	0	0	0	0	0	0	0	0	0	0	0
ASV_1504	11	0	0	0	0	0	0	0	0	9	0	0	22	0	22	0	0	10	0	9	0	0	0	0	0	10	0	0	0	13	0	0	0	0	0
ASV_1505	0	0	0	0	0	0	34	0	0	0	47	0	0	25	0	0	0	0	0	0	0	0	0	0	0	0	0	0	0	0	0	0	0	0	0
ASV_1506	0	0	0	0	0	0	0	0	0	0	0	0	0	0	0	0	0	0	0	0	0	0	0	0	0	0	0	0	105	0	0	0	0	0	0
ASV_1507	12	14	0	0	0	0	3	0	0	0	0	0	0	5	0	0	0	4	0	34	0	0	0	0	11	17	0	0	0	4	0	0	0	0	0
ASV_1508	7	0	0	0	0	0	4	0	7	0	0	0	16	0	0	0	0	16	0	11	29	0	0	0	0	14	0	0	0	0	0	0	0	0	0
ASV_1509	0	0	0	0	0	0	26	0	0	8	0	0	0	0	0	0	0	0	0	43	0	0	0	9	0	0	0	18	0	0	0	0	0	0	0
ASV_1510	0	0	0	0	0	0	0	19	0	0	24	0	0	0	0	0	0	0	0	0	0	0	0	0	36	0	0	0	25	0	0	0	0	0	0
ASV_1511	0	0	0	0	0	0	0	0	11	0	0	0	0	0	0	0	0	0	0	0	93	0	0	0	0	0	0	0	0	0	0	0	0	0	0
ASV_1512	0	0	0	0	0	0	0	0	0	0	0	0	39	0	0	0	0	0	0	0	7	0	0	58	0	0	0	0	0	0	0	0	0	0	0
ASV_1513	0	0	0	0	0	0	0	0	0	0	0	0	0	0	0	0	0	0	0	0	0	0	0	0	0	0	0	0	0	0	104	0	0	0	0
ASV_1514	0	14	0	0	0	0	0	75	0	0	0	0	0	0	0	0	0	4	0	0	10	0	0	0	0	0	0	0	0	0	0	0	0	0	0
ASV_1515	0	14	0	0	0	0	0	0	11	20	0	0	4	0	0	8	10	0	20	0	0	0	0	0	0	0	0	0	10	6	0	0	0	0	0
ASV_1516	0	0	13	0	0	0	0	0	11	7	0	0	0	0	0	9	9	0	0	0	0	0	0	0	0	13	9	13	0	0	19	0	0	0	0
ASV_1517	0	0	0	0	0	0	11	0	0	0	0	0	0	0	0	0	0	0	35	10	0	0	0	8	0	14	15	0	0	10	0	0	0	0	0
ASV_1518	0	0	0	0	0	0	0	0	0	0	0	0	0	0	0	0	0	0	0	0	0	0	0	0	0	0	0	0	0	0	0	0	103	0	0
ASV_1519	20	0	0	0	0	0	0	0	0	64	0	0	0	0	0	0	0	0	0	0	0	0	0	0	0	0	0	0	0	0	0	18	0	0	0
ASV_1520	28	0	34	0	0	0	0	0	0	0	0	0	0	0	0	0	0	0	0	0	0	0	0	0	0	0	0	0	20	0	0	20	0	0	0
ASV_1521	23	0	0	0	0	0	38	0	0	0	0	0	0	0	0	0	0	0	0	0	0	0	0	0	0	0	0	0	0	41	0	0	0	0	0
ASV_1522	0	14	0	0	0	0	8	0	0	12	0	0	0	0	7	7	0	0	0	0	0	0	0	20	0	9	15	0	0	10	0	0	0	0	0
ASV_1523	0	12	0	0	0	0	0	0	33	0	0	0	0	0	0	9	16	0	0	0	0	0	0	19	13	0	0	0	0	0	0	0	0	0	0
ASV_1524	0	0	0	0	0	0	33	0	0	0	0	0	0	0	0	44	0	8	0	17	0	0	0	0	0	0	0	0	0	0	0	0	0	0	0
ASV_1525	0	0	0	0	0	0	23	0	0	0	0	0	0	0	0	0	14	0	0	0	0	0	0	41	0	7	0	17	0	0	0	0	0	0	0
ASV_1526	0	0	0	0	0	0	0	0	0	0	0	0	0	102	0	0	0	0	0	0	0	0	0	0	0	0	0	0	0	0	0	0	0	0	0
ASV_1527	0	0	0	0	0	0	0	0	0	0	0	0	0	60	0	0	0	0	0	0	0	42	0	0	0	0	0	0	0	0	0	0	0	0	0
ASV_1528	0	0	0	0	0	0	0	0	0	0	0	0	0	55	0	0	0	0	47	0	0	0	0	0	0	0	0	0	0	0	0	0	0	0	0
ASV_1529	42	0	0	0	0	0	0	0	0	0	0	0	0	0	0	0	0	0	0	0	0	0	0	0	0	0	0	0	0	0	0	0	59	0	0
ASV_1530	28	0	0	0	0	0	0	20	0	16	0	0	0	0	0	0	6	0	0	0	0	6	0	11	0	0	0	0	0	14	0	0	0	0	0
ASV_1531	9	0	0	0	0	0	14	52	0	0	0	0	0	0	0	0	0	0	0	0	0	0	0	0	8	18	0	0	0	0	0	0	0	0	0
ASV_1532	0	0	19	0	0	0	0	0	0	4	0	0	19	0	0	14	0	14	0	0	18	0	0	7	0	0	0	0	3	0	3	0	0	0	0
ASV_1533	0	0	32	0	0	0	0	0	0	0	0	0	0	0	0	0	0	0	0	34	0	0	0	0	0	0	35	0	0	0	0	0	0	0	0
ASV_1534	0	0	0	0	0	0	0	12	0	0	11	0	0	0	0	0	0	0	33	0	0	16	0	0	0	0	0	0	18	0	0	0	11	0	0
ASV_1535	0	0	0	0	0	0	0	0	0	0	0	0	10	18	20	9	0	0	18	0	0	9	0	0	0	0	0	0	0	0	0	17	0	0	0
ASV_1536	0	0	0	0	0	0	0	0	0	0	0	0	0	0	0	0	0	0	0	0	0	0	0	0	101	0	0	0	0	0	0	0	0	0	0
ASV_1537	0	0	0	0	0	0	0	0	0	0	0	0	0	0	0	0	0	0	0	0	0	0	0	0	0	0	101	0	0	0	0	0	0	0	0
ASV_1538	0	0	0	0	0	0	0	0	0	0	0	0	0	0	0	0	0	0	0	0	0	0	0	0	0	0	0	0	0	0	0	101	0	0	0
ASV_1539	15	0	0	0	0	0	0	0	0	0	12	0	0	0	16	0	0	0	0	18	0	0	0	0	0	24	15	0	0	0	0	0	0	0	0
ASV_1540	16	24	0	0	0	0	22	0	0	0	23	0	15	0	0	0	0	0	0	0	0	0	0	0	0	0	0	0	0	0	0	0	0	0	0
ASV_1541	0	32	0	0	0	0	0	0	0	17	0	0	0	0	0	0	0	0	0	0	0	18	0	0	0	0	16	0	0	0	0	17	0	0	0
ASV_1542	0	0	0	0	0	0	10	0	8	0	0	0	0	8	0	0	0	0	0	0	21	0	0	0	9	0	28	0	16	0	0	0	0	0	0
ASV_1543	0	0	0	0	0	0	0	0	0	0	0	0	0	0	100	0	0	0	0	0	0	0	0	0	0	0	0	0	0	0	0	0	0	0	0
ASV_1544	0	0	0	0	0	0	0	0	0	0	0	0	0	0	0	0	0	0	0	0	0	100	0	0	0	0	0	0	0	0	0	0	0	0	0
ASV_1545	0	0	0	0	0	0	0	0	0	0	0	0	0	0	0	0	0	0	0	0	0	0	0	17	0	0	0	0	0	83	0	0	0	0	0
ASV_1546	0	0	0	0	0	0	0	0	0	0	0	0	0	0	0	0	0	0	0	0	0	0	0	0	0	0	87	0	13	0	0	0	0	0	0
ASV_1547	0	0	0	0	0	0	0	0	0	0	0	0	0	0	0	0	0	0	0	0	0	0	0	0	0	0	0	0	0	100	0	0	0	0	0
ASV_1548	28	0	0	0	0	0	0	23	0	0	0	0	0	0	0	0	0	0	0	39	0	9	0	0	0	0	0	0	0	0	0	0	0	0	0
ASV_1549	99	0	0	0	0	0	0	0	0	0	0	0	0	0	0	0	0	0	0	0	0	0	0	0	0	0	0	0	0	0	0	0	0	0	0
ASV_1550	0	0	11	0	0	0	0	0	0	0	0	0	0	0	0	69	0	0	0	0	0	0	0	0	0	0	0	0	6	0	0	0	0	13	0
ASV_1551	0	0	0	0	0	0	0	0	11	0	0	0	0	0	0	0	0	24	0	64	0	0	0	0	0	0	0	0	0	0	0	0	0	0	0
ASV_1552	0	0	0	0	0	0	0	0	0	0	0	0	0	0	0	0	59	0	0	0	0	0	0	23	0	0	17	0	0	0	0	0	0	0	0
ASV_1553	0	0	0	0	0	0	0	0	0	0	0	0	0	0	0	0	0	0	0	0	0	0	0	0	0	0	0	0	0	99	0	0	0	0	0
ASV_1554	17	14	11	0	0	0	17	0	0	0	0	0	0	0	14	0	0	0	0	0	0	25	0	0	0	0	0	0	0	0	0	0	0	0	0
ASV_1555	0	0	0	0	0	0	20	0	0	0	0	0	0	23	0	0	0	9	0	46	0	0	0	0	0	0	0	0	0	0	0	0	0	0	0
ASV_1556	0	0	0	0	0	0	9	0	0	0	0	0	0	0	0	43	28	0	0	0	0	0	0	11	0	0	0	7	0	0	0	0	0	0	0
ASV_1557	0	0	0	0	0	0	12	0	0	0	12	0	43	0	0	0	0	0	0	0	19	0	0	0	0	0	0	0	0	0	12	0	0	0	0
ASV_1558	0	0	0	0	0	0	0	0	33	0	0	0	0	0	0	0	0	0	65	0	0	0	0	0	0	0	0	0	0	0	0	0	0	0	0
ASV_1559	0	0	0	0	0	0	0	0	0	0	98	0	0	0	0	0	0	0	0	0	0	0	0	0	0	0	0	0	0	0	0	0	0	0	0
ASV_1560	0	0	0	0	0	0	0	0	0	0	0	0	0	0	98	0	0	0	0	0	0	0	0	0	0	0	0	0	0	0	0	0	0	0	0
ASV_1561	0	0	0	0	0	0	0	0	0	0	0	0	0	0	0	27	34	0	0	0	0	0	0	0	0	0	0	37	0	0	0	0	0	0	0
ASV_1562	0	0	0	0	0	0	0	0	0	0	0	0	0	0	0	0	47	0	0	0	0	0	0	51	0	0	0	0	0	0	0	0	0	0	0
ASV_1563	0	0	0	0	0	0	0	0	0	0	0	0	0	0	0	0	0	0	0	0	0	0	0	0	0	0	0	0	0	0	98	0	0	0	0
ASV_1564	23	0	0	0	0	0	0	0	0	0	0	0	11	19	0	0	0	0	0	0	13	0	0	0	0	0	12	0	0	0	0	19	0	0	0
ASV_1565	0	0	0	0	0	0	0	28	19	12	0	0	0	0	0	0	14	0	0	0	0	0	0	0	0	0	0	0	0	0	0	0	24	0	0
ASV_1566	0	0	0	0	0	0	0	0	29	0	28	0	0	0	0	34	0	0	0	0	0	0	6	0	0	0	0	0	0	0	0	0	0	0	0
ASV_1567	0	0	0	0	0	0	0	0	0	0	0	0	0	8	0	0	0	0	0	67	22	0	0	0	0	0	0	0	0	0	0	0	0	0	0
ASV_1568	0	0	0	0	0	0	0	0	0	0	0	0	0	0	50	0	0	0	0	0	0	0	0	0	0	0	0	0	47	0	0	0	0	0	0
ASV_1569	0	0	0	0	0	0	0	0	0	0	0	0	0	0	0	47	0	0	0	0	0	0	0	0	0	36	0	14	0	0	0	0	0	0	0
ASV_1570	13	7	0	0	0	0	0	0	0	11	0	0	0	10	9	4	0	4	0	0	5	0	2	0	0	12	9	0	4	0	0	6	0	0	0
ASV_1571	5	0	12	0	0	0	34	10	7	0	0	0	0	0	0	0	0	0	0	10	6	0	0	0	0	12	0	0	0	0	0	0	0	0	0
ASV_1572	0	0	0	0	0	0	0	0	0	0	23	0	0	27	0	0	8	0	0	0	0	0	0	0	0	20	18	0	0	0	0	0	0	0	0
ASV_1573	0	0	0	0	0	0	0	0	0	0	0	0	9	0	7	12	11	10	0	5	0	0	0	0	0	9	0	15	18	0	0	0	0	0	0
ASV_1574	0	0	0	0	0	0	0	0	0	0	0	0	11	0	0	0	0	24	0	30	0	0	0	0	0	0	0	0	22	0	0	9	0	0	0
ASV_1575	0	0	0	0	0	0	0	0	0	0	0	0	0	0	0	34	29	0	0	0	0	0	0	33	0	0	0	0	0	0	0	0	0	0	0
ASV_1576	0	0	0	0	0	0	0	0	0	0	0	0	0	0	0	0	30	0	0	0	0	0	0	0	0	52	14	0	0	0	0	0	0	0	0
ASV_1577	8	15	16	0	0	0	0	0	0	0	33	0	0	0	0	0	0	13	0	0	10	0	0	0	0	0	0	0	0	0	0	0	0	0	0
ASV_1578	0	0	58	0	0	0	17	0	0	0	0	0	0	0	0	0	0	0	0	0	0	0	0	0	0	0	0	0	0	20	0	0	0	0	0
ASV_1579	0	0	0	0	0	0	0	0	0	0	0	0	4	8	0	11	0	0	15	0	0	0	0	57	0	0	0	0	0	0	0	0	0	0	0
ASV_1580	0	0	0	0	0	0	0	0	0	0	0	0	0	0	0	26	50	0	0	0	0	0	0	19	0	0	0	0	0	0	0	0	0	0	0
ASV_1581	0	0	0	0	0	0	0	0	0	0	0	0	0	0	0	0	0	0	23	0	0	0	0	0	0	0	0	0	0	42	0	30	0	0	0
ASV_1582	52	0	0	0	0	0	0	0	0	0	0	0	24	0	0	0	0	0	0	0	0	0	0	0	0	10	8	0	0	0	0	0	0	0	0
ASV_1583	0	12	0	0	0	0	7	9	2	0	13	0	14	0	3	0	0	0	8	0	5	3	0	0	0	6	5	0	0	0	0	0	7	0	0
ASV_1584	0	7	7	0	0	0	8	7	8	0	0	0	0	0	0	0	0	0	0	6	7	0	0	13	0	8	6	0	3	14	0	0	0	0	0
ASV_1585	0	0	0	0	0	0	21	0	0	0	0	0	0	0	0	0	0	0	0	0	0	0	0	43	0	0	0	0	30	0	0	0	0	0	0
ASV_1586	0	0	0	0	0	0	31	0	0	0	0	0	0	0	0	0	14	0	0	0	0	0	0	12	0	31	0	0	0	0	0	6	0	0	0
ASV_1587	19	0	0	0	0	0	0	11	0	4	7	0	0	0	0	4	5	0	0	27	0	0	0	10	0	0	0	0	6	0	0	0	0	0	0
ASV_1588	4	0	0	0	0	0	18	0	0	10	0	0	0	0	0	0	0	0	0	0	0	0	0	10	18	13	0	0	14	0	0	6	0	0	0
ASV_1589	0	31	0	0	0	0	0	0	0	17	0	0	0	0	21	0	0	0	0	0	0	0	0	0	0	0	0	0	0	0	24	0	0	0	0
ASV_1590	0	16	0	0	0	0	0	0	0	11	0	0	0	0	0	0	11	0	0	0	6	17	0	0	0	0	0	0	23	0	0	9	0	0	0
ASV_1591	0	0	0	0	0	0	0	0	0	0	0	0	0	93	0	0	0	0	0	0	0	0	0	0	0	0	0	0	0	0	0	0	0	0	0
ASV_1592	0	0	0	0	0	0	0	0	0	0	0	0	0	0	0	0	0	0	0	0	0	0	0	0	0	0	0	0	93	0	0	0	0	0	0
ASV_1593	39	0	0	0	0	0	0	0	0	0	0	0	0	0	0	17	0	0	0	0	0	0	0	0	0	17	0	0	0	0	0	0	19	0	0
ASV_1594	0	17	0	0	0	0	0	0	0	0	0	0	0	0	0	0	0	0	16	0	0	38	0	0	0	0	0	11	0	0	10	0	0	0	0
ASV_1595	0	0	0	0	0	0	0	0	0	0	0	0	0	0	0	0	0	0	92	0	0	0	0	0	0	0	0	0	0	0	0	0	0	0	0
ASV_1596	0	0	0	0	0	0	0	0	0	0	0	0	0	0	0	0	0	0	0	0	0	0	0	0	0	0	0	0	0	0	92	0	0	0	0
ASV_1597	39	0	0	0	0	0	0	0	0	0	0	0	0	0	0	0	0	0	0	0	52	0	0	0	0	0	0	0	0	0	0	0	0	0	0
ASV_1598	0	0	0	0	0	0	0	0	0	0	0	0	0	0	91	0	0	0	0	0	0	0	0	0	0	0	0	0	0	0	0	0	0	0	0
ASV_1599	0	0	0	0	0	0	0	0	0	0	0	0	0	0	0	0	43	0	37	0	0	0	0	0	11	0	0	0	0	0	0	0	0	0	0
ASV_1600	0	0	0	0	0	0	0	0	0	0	0	0	0	0	0	0	28	44	0	19	0	0	0	0	0	0	0	0	0	0	0	0	0	0	0
ASV_1601	0	0	0	0	0	0	0	0	0	0	0	0	0	0	55	0	0	10	0	0	25	0	0	0	0	0	0	0	0	0	0	0	0	0	0
ASV_1602	0	0	0	0	0	0	0	0	0	0	0	0	0	0	0	0	0	0	0	0	0	0	0	0	0	12	0	0	78	0	0	0	0	0	0
ASV_1603	9	17	0	0	0	0	0	24	0	0	16	0	0	0	0	0	0	0	0	0	0	0	0	0	0	0	0	0	0	0	0	23	0	0	0
ASV_1604	0	0	0	0	0	0	0	59	0	0	0	0	0	0	0	0	0	0	0	0	0	0	0	0	0	0	30	0	0	0	0	0	0	0	0
ASV_1605	0	0	0	0	0	0	0	0	0	0	0	0	0	0	89	0	0	0	0	0	0	0	0	0	0	0	0	0	0	0	0	0	0	0	0
ASV_1606	19	0	0	0	0	0	0	0	0	5	0	0	0	38	0	0	0	0	0	0	0	0	0	0	0	0	0	0	0	0	7	19	0	0	0
ASV_1607	13	5	6	0	0	0	19	9	4	0	0	0	0	0	0	0	0	4	0	0	7	4	0	0	0	4	0	0	0	13	0	0	0	0	0
ASV_1608	13	0	0	0	0	0	6	0	0	0	0	0	0	0	0	0	6	0	0	14	12	0	0	0	0	0	0	16	17	4	0	0	0	0	0
ASV_1609	0	50	0	0	0	0	0	0	0	0	0	0	0	16	0	0	0	0	0	11	0	0	0	0	0	0	0	0	0	0	0	7	4	0	0
ASV_1610	0	5	3	0	0	0	0	8	0	0	12	0	0	8	0	0	0	0	0	0	0	0	0	16	5	0	13	0	0	18	0	0	0	0	0
ASV_1611	0	0	0	0	0	0	0	0	23	0	0	0	0	0	0	5	0	0	0	0	0	0	0	20	0	0	0	0	0	16	24	0	0	0	0
ASV_1612	0	0	0	0	0	0	0	0	22	0	0	0	0	0	0	0	66	0	0	0	0	0	0	0	0	0	0	0	0	0	0	0	0	0	0
ASV_1613	0	0	0	0	0	0	0	0	0	4	10	0	0	0	0	0	0	0	0	19	0	26	0	14	0	0	0	0	15	0	0	0	0	0	0
ASV_1614	0	0	0	0	0	0	0	0	0	0	0	0	0	0	0	0	0	0	0	0	0	18	0	0	0	54	0	0	0	0	0	0	16	0	0
ASV_1615	0	0	0	0	0	0	20	0	8	0	0	0	10	0	0	0	0	0	0	18	0	0	0	6	0	4	0	0	0	0	21	0	0	0	0
ASV_1616	0	0	0	0	0	0	18	0	0	8	0	0	0	0	0	0	0	0	15	0	0	24	0	0	16	6	0	0	0	0	0	0	0	0	0
ASV_1617	0	0	0	0	0	0	0	22	0	0	0	0	0	0	0	0	0	10	0	0	0	0	0	0	0	0	0	0	16	39	0	0	0	0	0
ASV_1618	0	0	0	0	0	0	0	0	0	0	24	0	0	0	0	0	0	0	0	0	33	0	0	0	0	0	0	0	0	22	0	8	0	0	0
ASV_1619	0	0	0	0	0	0	0	0	0	0	0	0	0	38	0	0	0	0	0	25	0	0	0	0	0	0	0	0	0	0	0	24	0	0	0
ASV_1620	0	0	0	0	0	0	0	0	0	0	0	0	0	0	0	30	0	13	0	0	0	0	0	44	0	0	0	0	0	0	0	0	0	0	0
ASV_1621	0	0	0	0	0	0	0	0	0	0	0	0	0	0	0	0	0	0	0	0	65	0	0	0	7	0	0	0	0	15	0	0	0	0	0
ASV_1622	0	0	0	0	0	0	0	0	0	15	18	0	0	0	0	0	40	0	13	0	0	0	0	0	0	0	0	0	0	0	0	0	0	0	0
ASV_1623	0	0	0	0	0	0	0	0	0	0	0	0	0	86	0	0	0	0	0	0	0	0	0	0	0	0	0	0	0	0	0	0	0	0	0
ASV_1624	0	0	0	0	0	0	0	0	0	0	0	0	0	0	0	0	0	0	0	0	0	0	0	0	18	0	0	0	0	0	0	68	0	0	0
ASV_1625	0	38	0	0	0	0	0	0	0	0	0	0	0	0	0	0	9	0	0	0	0	0	0	0	0	0	0	15	23	0	0	0	0	0	0
ASV_1626	0	25	0	0	0	0	0	0	8	0	0	0	0	0	0	0	13	19	0	0	0	0	0	0	0	0	0	0	20	0	0	0	0	0	0
ASV_1627	0	13	0	0	0	0	0	0	0	0	0	0	0	0	28	0	0	0	0	25	0	0	0	0	0	19	0	0	0	0	0	0	0	0	0
ASV_1628	0	0	0	0	0	0	0	0	0	0	0	0	21	0	0	17	0	0	0	0	39	0	0	0	0	0	8	0	0	0	0	0	0	0	0
ASV_1629	0	0	0	0	0	0	0	0	0	0	0	0	0	0	0	0	0	0	0	0	0	85	0	0	0	0	0	0	0	0	0	0	0	0	0
ASV_1630	0	0	0	0	0	0	0	0	0	0	0	0	0	0	0	0	0	0	0	0	0	0	0	0	0	0	0	0	85	0	0	0	0	0	0
ASV_1631	0	0	0	0	0	0	0	0	0	0	0	0	0	0	0	0	0	0	0	0	0	0	0	0	0	0	0	0	85	0	0	0	0	0	0
ASV_1632	0	0	0	0	0	0	0	0	0	0	0	0	0	0	0	0	0	0	0	0	0	0	0	0	0	0	0	0	0	0	0	0	85	0	0
ASV_1633	16	0	0	0	0	0	0	0	0	0	0	0	0	68	0	0	0	0	0	0	0	0	0	0	0	0	0	0	0	0	0	0	0	0	0
ASV_1634	0	9	0	0	0	0	3	0	6	0	9	0	0	7	8	5	0	5	6	0	0	0	0	7	0	9	6	0	0	0	0	0	4	0	0
ASV_1635	0	0	84	0	0	0	0	0	0	0	0	0	0	0	0	0	0	0	0	0	0	0	0	0	0	0	0	0	0	0	0	0	0	0	0
ASV_1636	0	0	0	0	0	0	0	0	0	0	0	0	0	84	0	0	0	0	0	0	0	0	0	0	0	0	0	0	0	0	0	0	0	0	0
ASV_1637	0	0	0	0	0	0	0	0	0	0	0	0	0	84	0	0	0	0	0	0	0	0	0	0	0	0	0	0	0	0	0	0	0	0	0
ASV_1638	0	0	0	0	0	0	0	0	0	0	0	0	0	0	0	0	0	55	0	29	0	0	0	0	0	0	0	0	0	0	0	0	0	0	0
ASV_1639	0	0	0	0	0	0	0	0	0	0	0	0	0	0	0	0	0	0	84	0	0	0	0	0	0	0	0	0	0	0	0	0	0	0	0
ASV_1640	0	0	0	0	0	0	0	0	0	0	0	0	0	0	0	0	0	0	0	0	0	0	0	0	0	0	0	0	0	84	0	0	0	0	0
ASV_1641	43	0	0	0	0	0	0	0	0	0	0	0	23	0	0	0	0	17	0	0	0	0	0	0	0	0	0	0	0	0	0	0	0	0	0
ASV_1642	9	0	0	0	0	0	0	0	0	0	0	0	12	21	0	0	0	10	0	0	0	0	0	0	0	14	0	0	0	7	10	0	0	0	0
ASV_1643	5	0	0	0	0	0	0	14	5	0	0	0	0	0	0	0	10	0	0	0	0	0	0	0	0	0	18	0	19	0	12	0	0	0	0
ASV_1644	0	28	0	0	0	0	26	0	0	0	0	0	12	0	0	0	0	0	0	17	0	0	0	0	0	0	0	0	0	0	0	0	0	0	0
ASV_1645	0	0	0	0	0	0	25	0	0	0	0	0	0	0	0	0	0	0	0	18	0	0	0	0	0	0	0	0	40	0	0	0	0	0	0
ASV_1646	0	0	0	0	0	0	0	0	0	0	0	0	0	0	0	83	0	0	0	0	0	0	0	0	0	0	0	0	0	0	0	0	0	0	0
ASV_1647	0	0	0	0	0	0	0	0	0	0	0	0	0	0	0	0	60	0	0	23	0	0	0	0	0	0	0	0	0	0	0	0	0	0	0
ASV_1648	0	14	7	0	0	0	0	11	0	10	0	0	0	10	0	0	0	0	0	0	0	0	0	0	0	0	0	0	18	12	0	0	0	0	0
ASV_1649	0	0	12	0	0	0	0	0	0	0	0	0	9	0	0	0	0	0	0	5	8	5	0	0	10	3	0	0	0	0	0	7	23	0	0
ASV_1650	0	0	40	0	0	0	0	0	14	0	0	0	0	0	11	0	0	17	0	0	0	0	0	0	0	0	0	0	0	0	0	0	0	0	0
ASV_1651	0	0	10	0	0	0	28	0	3	0	9	0	0	0	0	0	16	6	10	0	0	0	0	0	0	0	0	0	0	0	0	0	0	0	0
ASV_1652	0	0	56	0	0	0	26	0	0	0	0	0	0	0	0	0	0	0	0	0	0	0	0	0	0	0	0	0	0	0	0	0	0	0	0
ASV_1653	0	0	20	0	0	0	0	0	0	0	0	0	0	0	0	0	0	0	0	0	21	0	0	0	0	0	14	0	0	0	0	27	0	0	0
ASV_1654	0	0	0	0	0	0	8	0	0	0	0	0	0	14	0	0	8	0	0	0	0	0	0	0	0	31	0	0	0	0	6	15	0	0	0
ASV_1655	0	0	0	0	0	0	8	0	0	0	0	0	0	0	0	0	0	0	0	0	0	0	0	0	0	0	0	0	0	0	0	0	74	0	0
ASV_1656	0	0	0	0	0	0	0	0	0	0	0	0	82	0	0	0	0	0	0	0	0	0	0	0	0	0	0	0	0	0	0	0	0	0	0
ASV_1657	0	0	0	0	0	0	0	0	0	0	0	0	0	0	34	0	0	0	0	0	0	0	0	0	0	0	0	0	20	0	28	0	0	0	0
ASV_1658	0	0	0	0	0	0	0	0	0	0	0	0	0	0	0	0	0	40	0	0	0	0	0	0	0	0	0	0	0	0	0	42	0	0	0
ASV_1659	10	0	0	0	0	0	12	0	0	8	0	0	0	0	0	0	0	5	0	0	0	0	0	8	8	18	0	0	0	12	0	0	0	0	0
ASV_1660	0	0	27	0	0	0	26	0	0	0	0	0	12	0	0	0	0	16	0	0	0	0	0	0	0	0	0	0	0	0	0	0	0	0	0
ASV_1661	0	0	81	0	0	0	0	0	0	0	0	0	0	0	0	0	0	0	0	0	0	0	0	0	0	0	0	0	0	0	0	0	0	0	0
ASV_1662	0	0	0	0	0	0	0	0	0	0	0	0	45	16	20	0	0	0	0	0	0	0	0	0	0	0	0	0	0	0	0	0	0	0	0
ASV_1663	0	0	0	0	0	0	0	0	0	0	0	0	0	3	0	0	0	0	0	78	0	0	0	0	0	0	0	0	0	0	0	0	0	0	0
ASV_1664	0	0	0	0	0	0	0	0	0	0	0	0	0	0	15	0	0	5	0	61	0	0	0	0	0	0	0	0	0	0	0	0	0	0	0
ASV_1665	24	20	9	0	0	0	0	0	11	0	0	0	0	0	16	0	0	0	0	0	0	0	0	0	0	0	0	0	0	0	0	0	0	0	0
ASV_1666	12	8	0	0	0	0	0	0	0	0	0	0	0	0	0	0	0	0	0	20	0	0	0	0	15	22	0	3	0	0	0	0	0	0	0
ASV_1667	4	18	0	0	0	0	7	0	0	0	12	0	0	0	0	0	0	0	15	0	0	8	0	0	0	0	0	0	0	0	0	8	8	0	0
ASV_1668	0	16	0	0	0	0	14	0	0	0	0	0	0	0	16	0	0	0	0	0	6	17	0	0	0	0	0	0	11	0	0	0	0	0	0
ASV_1669	0	0	24	0	0	0	13	0	0	10	0	0	0	0	0	0	0	2	0	0	0	0	0	4	0	0	0	0	0	11	0	16	0	0	0
ASV_1670	0	0	16	0	0	0	0	0	0	0	0	0	10	0	0	0	42	0	0	12	0	0	0	0	0	0	0	0	0	0	0	0	0	0	0
ASV_1671	0	0	0	0	0	0	42	0	0	0	0	0	12	0	0	26	0	0	0	0	0	0	0	0	0	0	0	0	0	0	0	0	0	0	0
ASV_1672	0	0	0	0	0	0	22	0	0	16	0	0	0	0	0	0	0	0	0	0	42	0	0	0	0	0	0	0	0	0	0	0	0	0	0
ASV_1673	0	0	0	0	0	0	9	0	0	0	0	0	0	0	25	0	13	14	0	0	0	0	0	0	0	0	0	0	0	19	0	0	0	0	0
ASV_1674	0	0	0	0	0	0	0	0	80	0	0	0	0	0	0	0	0	0	0	0	0	0	0	0	0	0	0	0	0	0	0	0	0	0	0
ASV_1675	0	0	0	0	0	0	0	0	0	19	0	0	0	0	0	0	0	0	12	9	0	0	0	11	0	0	24	0	0	0	0	0	5	0	0
ASV_1676	0	0	0	0	0	0	0	0	0	0	0	0	0	0	0	0	0	0	44	0	0	0	0	0	0	0	0	0	36	0	0	0	0	0	0
ASV_1677	0	0	0	0	0	0	0	0	0	0	0	0	0	0	0	0	0	0	0	0	0	0	0	0	0	0	0	0	0	0	80	0	0	0	0
ASV_1678	36	0	0	0	0	0	0	0	0	0	0	0	0	0	0	0	0	0	27	0	0	0	0	0	0	0	0	0	16	0	0	0	0	0	0
ASV_1679	0	0	0	0	0	0	12	6	6	9	23	0	0	0	0	0	0	13	0	0	0	0	0	0	0	0	0	10	0	0	0	0	0	0	0
ASV_1680	0	0	0	0	0	0	8	0	12	0	0	0	0	0	0	18	6	0	0	0	8	0	0	12	0	0	15	0	0	0	0	0	0	0	0
ASV_1681	0	0	0	0	0	0	24	0	0	0	0	0	0	0	0	0	0	24	0	0	0	0	0	5	0	19	7	0	0	0	0	0	0	0	0
ASV_1682	0	0	0	0	0	0	0	0	9	0	0	0	0	0	0	0	19	0	0	0	0	0	0	5	0	9	0	25	12	0	0	0	0	0	0
ASV_1683	0	0	0	0	0	0	0	0	0	0	30	0	0	0	0	0	49	0	0	0	0	0	0	0	0	0	0	0	0	0	0	0	0	0	0
ASV_1684	0	0	0	0	0	0	0	0	0	0	0	0	0	0	0	0	0	12	0	32	0	0	0	0	0	0	0	0	0	35	0	0	0	0	0
ASV_1685	0	0	0	0	0	0	0	0	0	0	0	0	0	0	0	0	0	0	0	0	79	0	0	0	0	0	0	0	0	0	0	0	0	0	0
ASV_1686	25	0	0	0	0	0	0	15	27	0	0	0	0	0	0	0	0	0	0	0	0	0	0	0	0	0	11	0	0	0	0	0	0	0	0
ASV_1687	0	14	0	0	0	0	0	0	0	0	46	0	0	0	0	18	0	0	0	0	0	0	0	0	0	0	0	0	0	0	0	0	0	0	0
ASV_1688	0	0	0	5	0	0	0	0	0	0	0	0	0	15	0	0	0	0	0	0	0	0	0	0	22	0	0	0	0	36	0	0	0	0	0
ASV_1689	0	0	0	0	0	0	58	0	0	0	0	0	0	20	0	0	0	0	0	0	0	0	0	0	0	0	0	0	0	0	0	0	0	0	0
ASV_1690	0	0	0	0	0	0	0	0	0	0	14	0	0	0	0	9	0	0	19	0	0	0	0	0	0	0	0	0	12	14	0	0	10	0	0
ASV_1691	0	0	0	0	0	0	0	0	0	0	0	0	78	0	0	0	0	0	0	0	0	0	0	0	0	0	0	0	0	0	0	0	0	0	0
ASV_1692	0	0	0	0	0	0	0	0	0	0	0	0	0	0	0	0	0	0	78	0	0	0	0	0	0	0	0	0	0	0	0	0	0	0	0
ASV_1693	11	4	8	0	0	0	0	26	4	24	0	0	0	0	0	0	0	0	0	0	0	0	0	0	0	0	0	0	0	0	0	0	0	0	0
ASV_1694	11	4	0	0	0	0	16	0	0	0	0	0	0	0	13	0	0	9	0	0	0	0	0	0	0	12	12	0	0	0	0	0	0	0	0
ASV_1695	0	0	0	0	0	0	0	0	0	0	0	0	0	0	0	0	0	0	0	77	0	0	0	0	0	0	0	0	0	0	0	0	0	0	0
ASV_1696	0	0	0	0	0	0	0	0	0	0	0	0	0	0	0	0	0	0	0	0	0	0	0	0	0	0	0	77	0	0	0	0	0	0	0
ASV_1697	0	0	0	0	0	0	0	0	0	0	0	0	0	0	0	0	0	0	0	0	0	0	0	0	0	0	0	0	0	0	0	77	0	0	0
ASV_1698	0	0	0	0	0	0	0	0	0	0	0	0	0	0	0	0	0	0	0	0	0	0	0	0	0	0	0	0	0	0	0	0	77	0	0
ASV_1699	6	0	9	0	0	0	0	0	0	6	0	0	0	16	0	0	0	0	0	0	10	7	0	0	0	6	0	0	0	7	0	0	9	0	0
ASV_1700	0	0	16	0	0	0	0	0	0	0	16	0	0	19	0	5	0	0	0	0	0	7	0	0	13	0	0	0	0	0	0	0	0	0	0
ASV_1701	0	0	15	0	0	0	0	0	0	0	0	0	0	0	20	0	0	18	0	0	23	0	0	0	0	0	0	0	0	0	0	0	0	0	0
ASV_1702	0	0	0	0	0	0	20	0	0	0	0	0	0	30	0	26	0	0	0	0	0	0	0	0	0	0	0	0	0	0	0	0	0	0	0
ASV_1703	0	0	0	0	0	0	0	31	0	17	0	0	0	0	0	0	0	0	0	13	0	0	0	0	0	0	15	0	0	0	0	0	0	0	0
ASV_1704	0	0	0	0	0	0	0	43	0	0	0	0	0	0	33	0	0	0	0	0	0	0	0	0	0	0	0	0	0	0	0	0	0	0	0
ASV_1705	0	0	0	0	0	0	0	19	0	16	0	0	0	0	0	0	0	0	0	0	0	0	0	0	0	0	0	0	12	0	0	13	16	0	0
ASV_1706	0	0	0	0	0	0	0	0	0	9	9	0	33	0	0	0	0	0	0	0	0	0	0	0	6	0	0	0	0	0	19	0	0	0	0
ASV_1707	0	0	0	0	0	0	0	0	0	0	0	0	0	0	0	0	0	0	0	0	0	0	0	0	0	0	0	0	0	0	76	0	0	0	0
ASV_1708	21	0	0	0	0	0	0	25	0	0	0	0	0	0	0	0	0	0	0	0	0	0	0	7	0	22	0	0	0	0	0	0	0	0	0
ASV_1709	75	0	0	0	0	0	0	0	0	0	0	0	0	0	0	0	0	0	0	0	0	0	0	0	0	0	0	0	0	0	0	0	0	0	0
ASV_1710	5	0	4	0	0	0	8	0	0	10	0	0	0	0	0	0	0	9	0	24	11	0	0	0	0	4	0	0	0	0	0	0	0	0	0
ASV_1711	0	11	0	0	0	0	0	18	28	0	0	0	0	0	0	0	0	0	0	0	0	0	0	0	0	0	18	0	0	0	0	0	0	0	0
ASV_1712	0	0	25	0	0	0	0	7	0	5	0	0	0	0	0	0	0	11	0	15	0	0	0	0	0	0	0	0	12	0	0	0	0	0	0
ASV_1713	0	0	75	0	0	0	0	0	0	0	0	0	0	0	0	0	0	0	0	0	0	0	0	0	0	0	0	0	0	0	0	0	0	0	0
ASV_1714	0	0	0	0	0	0	16	0	0	0	0	0	0	0	0	8	0	0	0	5	0	0	0	0	0	0	46	0	0	0	0	0	0	0	0
ASV_1715	0	0	0	0	0	0	15	0	0	0	0	0	0	0	0	0	0	0	0	0	0	0	0	0	0	10	50	0	0	0	0	0	0	0	0
ASV_1716	0	0	0	0	0	0	0	18	0	0	0	0	0	0	0	0	0	0	10	0	0	0	0	0	0	0	0	0	47	0	0	0	0	0	0
ASV_1717	0	0	0	0	0	0	0	43	0	0	0	0	0	0	0	0	0	0	0	0	0	0	0	0	0	0	0	0	0	0	0	0	32	0	0
ASV_1718	0	0	0	0	0	0	0	0	0	0	0	0	0	16	0	0	0	0	0	0	0	0	0	16	0	0	0	0	0	17	7	0	19	0	0
ASV_1719	0	0	0	0	0	0	0	0	0	0	0	0	0	0	0	0	0	43	0	0	0	32	0	0	0	0	0	0	0	0	0	0	0	0	0
ASV_1720	33	0	0	0	0	0	0	0	0	0	0	0	0	0	0	0	0	0	0	11	14	0	0	0	0	0	0	0	0	16	0	0	0	0	0
ASV_1721	22	0	0	0	0	0	0	0	0	0	0	0	0	0	0	0	0	0	0	23	0	0	0	0	0	12	17	0	0	0	0	0	0	0	0
ASV_1722	0	0	38	0	0	0	0	0	0	0	0	0	0	0	0	0	0	0	0	0	0	0	0	0	36	0	0	0	0	0	0	0	0	0	0
ASV_1723	0	0	0	0	0	0	0	33	0	0	0	0	0	0	0	0	0	0	0	0	0	0	0	0	0	0	0	0	0	0	0	41	0	0	0
ASV_1724	0	0	0	0	0	0	0	0	29	0	0	0	0	0	0	0	0	0	17	0	0	18	0	10	0	0	0	0	0	0	0	0	0	0	0
ASV_1725	0	0	0	0	0	0	0	0	0	0	74	0	0	0	0	0	0	0	0	0	0	0	0	0	0	0	0	0	0	0	0	0	0	0	0
ASV_1726	0	0	0	0	0	0	0	0	0	0	0	0	0	0	74	0	0	0	0	0	0	0	0	0	0	0	0	0	0	0	0	0	0	0	0
ASV_1727	0	0	0	0	0	0	0	0	0	0	0	0	0	0	0	0	0	0	0	0	0	0	0	0	0	0	74	0	0	0	0	0	0	0	0
ASV_1728	0	0	0	0	0	0	0	0	0	0	0	0	0	0	0	0	0	0	0	0	0	0	0	0	0	0	0	0	0	0	0	74	0	0	0
ASV_1729	34	0	0	0	0	0	0	0	0	0	0	0	0	0	15	0	0	0	0	0	0	0	0	0	0	0	0	0	0	0	0	0	24	0	0
ASV_1730	42	0	0	0	0	0	0	0	0	0	0	0	20	0	0	0	0	0	0	0	0	0	0	0	11	0	0	0	0	0	0	0	0	0	0
ASV_1731	37	0	0	0	0	0	0	9	0	0	0	0	0	0	0	0	0	0	0	0	0	0	0	0	0	0	0	0	0	0	0	0	27	0	0
ASV_1732	8	8	0	0	0	0	0	0	0	0	0	0	0	0	0	0	0	0	0	0	0	0	0	9	0	9	0	0	14	7	0	0	18	0	0
ASV_1733	0	73	0	0	0	0	0	0	0	0	0	0	0	0	0	0	0	0	0	0	0	0	0	0	0	0	0	0	0	0	0	0	0	0	0
ASV_1734	0	0	0	0	0	0	0	0	17	0	0	0	0	0	0	0	0	0	0	0	0	0	0	0	0	36	20	0	0	0	0	0	0	0	0
ASV_1735	0	0	0	0	0	0	0	0	0	0	0	0	73	0	0	0	0	0	0	0	0	0	0	0	0	0	0	0	0	0	0	0	0	0	0
ASV_1736	0	0	0	0	0	0	0	0	0	0	0	0	0	0	0	0	0	73	0	0	0	0	0	0	0	0	0	0	0	0	0	0	0	0	0
ASV_1737	0	0	0	0	0	0	0	0	0	0	0	0	0	0	0	0	0	0	12	21	0	0	0	0	0	8	0	17	15	0	0	0	0	0	0
ASV_1738	0	0	0	0	0	0	0	0	0	0	0	0	0	0	0	0	0	0	0	30	0	0	0	0	0	0	0	0	43	0	0	0	0	0	0
ASV_1739	0	0	34	0	0	0	0	0	18	0	0	0	0	0	0	0	0	0	0	0	0	0	0	0	0	0	0	0	0	0	0	20	0	0	0
ASV_1740	0	0	4	0	0	0	6	3	0	5	0	0	6	0	0	12	0	0	0	0	0	0	0	8	0	6	0	0	19	3	0	0	0	0	0
ASV_1741	0	0	9	0	0	0	10	0	0	0	0	0	0	6	0	0	12	21	0	0	0	0	0	0	0	0	6	0	0	0	0	8	0	0	0
ASV_1742	0	0	0	0	0	0	0	59	0	0	0	0	0	0	0	0	0	0	0	0	0	0	0	0	0	0	0	0	13	0	0	0	0	0	0
ASV_1743	0	0	0	0	0	0	0	0	28	0	0	28	0	0	0	0	0	0	0	0	0	0	0	0	16	0	0	0	0	0	0	0	0	0	0
ASV_1744	0	0	0	0	0	0	0	0	0	0	0	0	0	0	0	0	0	0	0	0	0	72	0	0	0	0	0	0	0	0	0	0	0	0	0
ASV_1745	5	7	0	0	0	0	7	0	0	7	0	0	17	0	0	0	0	0	0	8	0	0	0	0	0	14	0	6	0	0	0	0	0	0	0
ASV_1746	0	9	0	0	0	0	0	0	0	0	16	0	0	0	0	0	0	0	0	0	0	0	0	0	0	18	14	0	0	0	14	0	0	0	0
ASV_1747	0	0	0	0	0	0	47	0	0	24	0	0	0	0	0	0	0	0	0	0	0	0	0	0	0	0	0	0	0	0	0	0	0	0	0
ASV_1748	0	0	0	0	0	0	4	0	8	7	0	0	0	0	0	0	4	0	28	0	0	11	0	4	0	0	0	0	5	0	0	0	0	0	0
ASV_1749	0	0	0	0	0	0	0	0	0	0	0	0	0	0	0	0	0	0	0	37	0	0	0	0	11	0	7	0	0	0	0	16	0	0	0
ASV_1750	0	0	0	0	0	0	0	0	0	0	0	0	0	0	0	0	0	0	0	0	0	0	0	0	0	0	0	0	0	0	0	71	0	0	0
ASV_1751	39	0	7	0	0	0	11	0	0	0	0	0	4	0	0	0	0	0	0	0	0	0	0	0	0	0	0	0	0	0	0	9	0	0	0
ASV_1752	10	0	12	0	0	0	13	0	8	0	0	0	0	0	0	0	0	0	0	10	0	4	0	0	13	0	0	0	0	0	0	0	0	0	0
ASV_1753	26	0	0	0	0	0	0	0	0	0	0	0	0	0	0	0	0	0	0	0	0	10	0	7	0	0	0	0	9	0	0	18	0	0	0
ASV_1754	5	0	0	0	0	0	0	22	8	12	11	0	0	0	0	0	0	0	0	0	0	0	0	0	0	0	0	0	0	0	0	0	12	0	0
ASV_1755	0	0	0	0	0	0	4	0	0	0	19	0	0	0	0	10	37	0	0	0	0	0	0	0	0	0	0	0	0	0	0	0	0	0	0
ASV_1756	0	0	0	0	0	0	0	0	18	0	0	0	0	0	0	0	0	0	0	52	0	0	0	0	0	0	0	0	0	0	0	0	0	0	0
ASV_1757	0	0	0	0	0	0	0	0	0	0	0	0	0	0	0	56	0	0	0	0	0	0	0	14	0	0	0	0	0	0	0	0	0	0	0
ASV_1758	0	0	0	0	0	0	0	0	0	0	0	0	0	0	0	0	0	0	0	0	61	0	0	9	0	0	0	0	0	0	0	0	0	0	0
ASV_1759	0	0	0	0	0	0	0	0	0	0	0	0	0	0	0	0	0	0	0	0	0	70	0	0	0	0	0	0	0	0	0	0	0	0	0
ASV_1760	16	0	0	0	0	0	14	0	14	0	0	0	17	0	0	0	0	0	0	0	8	0	0	0	0	0	0	0	0	0	0	0	0	0	0
ASV_1761	36	0	8	0	0	0	0	0	0	0	0	0	0	0	0	0	0	0	0	0	0	0	0	0	25	0	0	0	0	0	0	0	0	0	0
ASV_1762	9	0	0	0	0	0	0	0	8	0	0	0	7	0	17	0	0	0	0	16	12	0	0	0	0	0	0	0	0	0	0	0	0	0	0
ASV_1763	0	11	0	0	0	0	0	0	0	11	0	0	0	0	0	6	3	0	0	0	17	0	0	6	0	0	0	10	0	5	0	0	0	0	0
ASV_1764	0	30	0	0	0	0	0	0	0	0	0	0	0	0	0	39	0	0	0	0	0	0	0	0	0	0	0	0	0	0	0	0	0	0	0
ASV_1765	0	0	0	0	0	0	17	0	0	0	0	0	0	0	0	0	9	0	0	23	20	0	0	0	0	0	0	0	0	0	0	0	0	0	0
ASV_1766	0	0	0	0	0	0	0	28	0	23	0	0	0	0	0	0	0	0	0	0	0	0	0	0	0	18	0	0	0	0	0	0	0	0	0
ASV_1767	0	0	0	0	0	0	0	0	11	0	0	0	0	0	24	0	5	0	0	0	0	18	0	0	0	0	0	11	0	0	0	0	0	0	0
ASV_1768	0	0	0	0	0	0	0	0	0	0	0	0	0	0	14	36	0	0	0	0	0	0	0	19	0	0	0	0	0	0	0	0	0	0	0
ASV_1769	0	0	0	0	0	0	0	0	0	0	0	0	0	0	0	0	0	0	0	0	69	0	0	0	0	0	0	0	0	0	0	0	0	0	0
ASV_1770	0	0	0	0	0	0	0	0	0	0	0	0	0	0	0	0	0	0	0	0	0	0	0	0	0	0	0	0	69	0	0	0	0	0	0
ASV_1771	0	0	0	0	0	0	0	0	0	0	0	0	0	0	0	0	0	0	0	0	0	0	0	0	0	0	0	0	0	0	69	0	0	0	0
ASV_1772	0	0	0	0	0	0	0	0	0	0	0	0	0	0	0	0	0	0	0	0	0	0	0	0	0	0	0	0	0	0	0	69	0	0	0
ASV_1773	49	0	0	0	0	0	6	0	0	0	0	0	0	0	0	0	0	0	0	8	0	0	0	0	0	0	5	0	0	0	0	0	0	0	0
ASV_1774	0	9	0	0	0	0	0	5	0	0	0	0	0	0	0	0	9	0	11	0	0	16	0	0	0	11	0	0	7	0	0	0	0	0	0
ASV_1775	0	13	0	0	0	0	0	0	0	0	8	0	0	0	0	0	0	0	8	6	0	5	0	0	0	0	0	0	20	0	8	0	0	0	0
ASV_1776	0	0	34	0	0	0	0	22	0	0	0	0	0	0	0	0	0	0	0	0	12	0	0	0	0	0	0	0	0	0	0	0	0	0	0
ASV_1777	0	0	0	0	0	0	12	0	10	0	0	0	0	0	0	0	15	0	0	0	0	0	0	18	0	0	13	0	0	0	0	0	0	0	0
ASV_1778	0	0	0	0	0	0	9	0	0	8	0	0	12	0	0	0	0	0	0	0	39	0	0	0	0	0	0	0	0	0	0	0	0	0	0
ASV_1779	0	0	0	0	0	0	10	0	0	0	0	0	0	0	0	26	0	0	0	10	0	0	0	0	0	13	9	0	0	0	0	0	0	0	0
ASV_1780	0	0	0	0	0	0	6	0	0	0	0	0	17	0	0	0	13	0	0	32	0	0	0	0	0	0	0	0	0	0	0	0	0	0	0
ASV_1781	0	0	0	0	0	0	0	0	10	0	0	0	0	0	0	32	0	12	0	0	0	0	0	14	0	0	0	0	0	0	0	0	0	0	0
ASV_1782	0	0	0	0	0	0	0	0	0	0	12	0	6	0	0	0	0	0	0	0	8	0	0	22	20	0	0	0	0	0	0	0	0	0	0
ASV_1783	0	0	0	0	0	0	0	0	0	0	0	0	0	0	0	68	0	0	0	0	0	0	0	0	0	0	0	0	0	0	0	0	0	0	0
ASV_1784	0	0	0	0	0	0	0	0	0	0	0	0	0	0	0	13	0	0	0	0	0	0	0	0	0	13	12	10	0	0	11	0	9	0	0
ASV_1785	0	0	0	0	0	0	0	0	0	0	0	0	0	0	0	0	0	43	0	0	25	0	0	0	0	0	0	0	0	0	0	0	0	0	0
ASV_1786	0	0	0	0	0	0	0	0	0	0	0	0	0	0	0	0	0	0	20	0	0	0	0	0	0	25	0	0	0	0	0	23	0	0	0
ASV_1787	21	0	0	0	0	0	0	22	0	0	0	0	0	0	0	0	0	11	0	0	13	0	0	0	0	0	0	0	0	0	0	0	0	0	0
ASV_1788	0	0	15	0	0	0	0	0	0	0	0	0	0	0	0	0	0	13	0	23	0	0	0	0	0	16	0	0	0	0	0	0	0	0	0
ASV_1789	0	0	0	0	0	0	0	0	0	0	13	0	0	0	6	0	0	0	0	41	0	0	0	0	0	0	2	0	0	5	0	0	0	0	0
ASV_1790	0	0	0	0	0	0	0	0	0	0	0	0	12	0	0	0	0	26	0	0	0	0	0	0	0	18	0	0	0	0	11	0	0	0	0
ASV_1791	0	0	0	0	0	0	0	0	0	0	0	0	0	0	9	0	0	0	32	0	0	0	0	0	0	0	0	0	0	26	0	0	0	0	0
ASV_1792	0	0	0	0	0	0	0	0	0	0	0	0	0	0	0	0	0	0	0	0	0	0	0	0	0	0	0	0	67	0	0	0	0	0	0
ASV_1793	0	0	0	0	0	0	0	0	0	0	0	0	0	0	0	0	0	0	0	0	0	0	0	0	0	0	0	0	0	0	0	67	0	0	0
ASV_1794	2	0	0	0	0	0	0	0	0	0	0	0	0	0	0	0	49	0	0	0	2	0	0	0	0	0	4	9	0	0	0	0	0	0	0
ASV_1795	24	0	0	0	0	0	0	0	0	0	0	0	0	0	0	0	0	0	0	42	0	0	0	0	0	0	0	0	0	0	0	0	0	0	0
ASV_1796	66	0	0	0	0	0	0	0	0	0	0	0	0	0	0	0	0	0	0	0	0	0	0	0	0	0	0	0	0	0	0	0	0	0	0
ASV_1797	8	0	0	0	0	0	0	0	0	0	0	0	9	0	0	0	0	0	0	8	0	0	0	6	0	7	0	14	14	0	0	0	0	0	0
ASV_1798	0	0	29	0	0	0	0	0	0	0	0	0	27	0	0	0	0	0	0	0	0	0	0	0	0	0	0	0	0	0	10	0	0	0	0
ASV_1799	0	0	0	0	0	0	4	0	4	0	0	0	10	0	9	0	0	0	0	17	0	0	0	4	0	10	0	0	8	0	0	0	0	0	0
ASV_1800	0	0	0	0	0	0	0	48	0	0	0	0	0	0	0	0	0	0	6	0	0	5	0	7	0	0	0	0	0	0	0	0	0	0	0
ASV_1801	0	0	0	0	0	0	0	0	5	0	0	0	0	0	0	0	0	0	0	0	0	0	0	0	0	0	0	0	0	43	0	0	18	0	0
ASV_1802	0	0	0	0	0	0	0	0	0	66	0	0	0	0	0	0	0	0	0	0	0	0	0	0	0	0	0	0	0	0	0	0	0	0	0
ASV_1803	0	0	0	0	0	0	0	0	0	13	0	0	0	0	11	0	0	0	0	22	0	0	0	0	0	20	0	0	0	0	0	0	0	0	0
ASV_1804	0	0	0	0	0	0	0	0	0	18	0	0	0	0	0	0	0	0	0	0	0	48	0	0	0	0	0	0	0	0	0	0	0	0	0
ASV_1805	0	0	0	0	0	0	0	0	0	0	66	0	0	0	0	0	0	0	0	0	0	0	0	0	0	0	0	0	0	0	0	0	0	0	0
ASV_1806	0	0	0	0	0	0	0	0	0	0	66	0	0	0	0	0	0	0	0	0	0	0	0	0	0	0	0	0	0	0	0	0	0	0	0
ASV_1807	0	0	0	0	0	0	0	0	0	0	0	0	33	0	0	0	0	7	0	0	15	0	0	0	0	0	0	0	0	11	0	0	0	0	0
ASV_1808	0	0	0	0	0	0	0	0	0	0	0	0	0	66	0	0	0	0	0	0	0	0	0	0	0	0	0	0	0	0	0	0	0	0	0
ASV_1809	0	0	0	0	0	0	0	0	0	0	0	0	0	0	0	66	0	0	0	0	0	0	0	0	0	0	0	0	0	0	0	0	0	0	0
ASV_1810	0	0	0	0	0	0	0	0	0	0	0	0	0	0	0	0	0	0	0	0	0	0	0	0	38	0	0	0	0	0	0	28	0	0	0
ASV_1811	0	0	0	0	0	0	0	0	0	0	0	0	0	0	0	0	0	0	0	0	0	0	0	0	0	0	0	24	42	0	0	0	0	0	0
ASV_1812	10	11	0	0	0	0	0	24	0	0	0	0	20	0	0	0	0	0	0	0	0	0	0	0	0	0	0	0	0	0	0	0	0	0	0
ASV_1813	0	22	0	0	0	0	0	0	0	0	0	0	0	0	0	0	0	0	0	0	0	0	0	0	0	0	0	43	0	0	0	0	0	0	0
ASV_1814	0	0	20	0	0	0	0	0	0	0	17	0	0	0	0	0	0	0	0	0	0	0	0	0	0	0	28	0	0	0	0	0	0	0	0
ASV_1815	0	0	0	0	0	0	21	0	0	0	0	0	0	0	0	0	0	0	0	22	0	0	0	0	0	8	6	0	0	8	0	0	0	0	0
ASV_1816	0	0	0	0	0	0	11	0	0	0	0	0	0	13	0	7	22	0	0	0	0	0	0	0	0	0	0	0	0	0	0	0	12	0	0
ASV_1817	0	0	0	0	0	0	0	0	65	0	0	0	0	0	0	0	0	0	0	0	0	0	0	0	0	0	0	0	0	0	0	0	0	0	0
ASV_1818	0	0	0	0	0	0	0	0	0	0	0	0	17	0	0	5	0	0	16	0	0	0	0	27	0	0	0	0	0	0	0	0	0	0	0
ASV_1819	0	0	0	0	0	0	0	0	0	0	0	0	11	0	0	0	0	43	0	0	0	0	0	0	0	0	0	0	0	0	11	0	0	0	0
ASV_1820	0	0	0	0	0	0	0	0	0	0	0	0	0	65	0	0	0	0	0	0	0	0	0	0	0	0	0	0	0	0	0	0	0	0	0
ASV_1821	0	0	0	0	0	0	0	0	0	0	0	0	0	0	0	0	0	0	0	0	0	0	0	0	0	0	65	0	0	0	0	0	0	0	0
ASV_1822	29	3	4	0	0	0	3	0	3	0	0	0	0	0	0	0	0	15	0	0	3	0	4	0	0	0	0	0	0	0	0	0	0	0	0
ASV_1823	17	13	0	0	0	0	0	0	0	12	7	0	0	0	0	0	0	0	0	0	4	0	0	0	0	11	0	0	0	0	0	0	0	0	0
ASV_1824	43	0	0	0	0	0	0	0	0	0	0	0	0	0	0	0	0	0	0	0	0	0	0	0	0	21	0	0	0	0	0	0	0	0	0
ASV_1825	16	0	0	0	0	0	0	0	0	0	0	0	0	0	0	0	0	0	0	0	0	0	0	0	0	0	13	0	0	0	0	0	35	0	0
ASV_1826	0	0	0	0	0	0	17	0	0	0	0	0	0	0	0	0	0	0	0	0	0	0	0	0	0	20	0	9	18	0	0	0	0	0	0
ASV_1827	0	0	0	0	0	0	15	0	0	0	0	0	0	0	0	0	10	0	5	0	0	0	0	16	0	0	0	0	18	0	0	0	0	0	0
ASV_1828	0	0	0	0	0	0	15	0	0	0	0	0	0	10	0	0	0	0	0	0	19	0	0	0	0	0	0	0	0	0	0	20	0	0	0
ASV_1829	0	0	0	0	0	0	0	0	0	0	0	0	0	0	0	19	0	0	0	0	0	0	0	0	0	0	0	0	45	0	0	0	0	0	0
ASV_1830	0	0	0	0	0	0	0	0	0	0	0	0	0	0	0	0	0	64	0	0	0	0	0	0	0	0	0	0	0	0	0	0	0	0	0
ASV_1831	55	0	0	0	0	0	0	0	0	0	0	0	8	0	0	0	0	0	0	0	0	0	0	0	0	0	0	0	0	0	0	0	0	0	0
ASV_1832	63	0	0	0	0	0	0	0	0	0	0	0	0	0	0	0	0	0	0	0	0	0	0	0	0	0	0	0	0	0	0	0	0	0	0
ASV_1833	0	17	0	0	0	0	0	3	0	0	0	0	0	7	0	6	0	3	9	0	14	0	0	0	4	0	0	0	0	0	0	0	0	0	0
ASV_1834	0	9	0	0	0	0	0	0	17	0	20	0	0	0	0	0	0	0	17	0	0	0	0	0	0	0	0	0	0	0	0	0	0	0	0
ASV_1835	0	0	0	0	0	0	7	0	0	0	0	0	0	0	0	7	18	0	0	0	0	0	0	8	0	0	0	0	14	0	9	0	0	0	0
ASV_1836	0	0	0	0	0	0	0	52	0	0	0	0	0	0	0	0	0	11	0	0	0	0	0	0	0	0	0	0	0	0	0	0	0	0	0
ASV_1837	0	0	0	0	0	0	0	0	0	22	0	0	0	0	0	0	0	0	0	0	0	0	0	0	0	0	0	0	0	0	0	0	41	0	0
ASV_1838	0	0	0	0	0	0	0	0	0	0	0	0	29	0	0	0	0	0	0	0	34	0	0	0	0	0	0	0	0	0	0	0	0	0	0
ASV_1839	0	0	0	0	0	0	0	0	0	0	0	0	0	0	0	26	17	0	0	0	0	0	0	0	0	0	0	20	0	0	0	0	0	0	0
ASV_1840	0	0	0	0	0	0	0	0	0	0	0	0	0	0	0	23	0	0	40	0	0	0	0	0	0	0	0	0	0	0	0	0	0	0	0
ASV_1841	0	0	0	0	0	0	0	0	0	0	0	0	0	0	0	0	0	0	0	37	0	0	0	13	0	13	0	0	0	0	0	0	0	0	0
ASV_1842	0	0	0	0	0	0	0	0	0	0	0	0	0	0	0	0	0	0	0	0	0	0	0	0	0	0	0	0	0	0	0	63	0	0	0
ASV_1843	62	0	0	0	0	0	0	0	0	0	0	0	0	0	0	0	0	0	0	0	0	0	0	0	0	0	0	0	0	0	0	0	0	0	0
ASV_1844	15	12	0	0	0	0	0	0	0	0	0	0	0	0	0	0	0	0	0	22	13	0	0	0	0	0	0	0	0	0	0	0	0	0	0
ASV_1845	19	0	0	0	0	0	0	0	0	0	0	0	0	0	0	0	0	0	0	0	0	0	0	0	0	23	0	0	0	20	0	0	0	0	0
ASV_1846	0	0	0	0	0	0	0	0	0	0	8	0	0	0	0	0	0	0	43	0	0	0	0	11	0	0	0	0	0	0	0	0	0	0	0
ASV_1847	0	0	0	0	0	0	0	0	0	0	62	0	0	0	0	0	0	0	0	0	0	0	0	0	0	0	0	0	0	0	0	0	0	0	0
ASV_1848	0	0	0	0	0	0	0	0	0	0	0	0	0	0	0	43	19	0	0	0	0	0	0	0	0	0	0	0	0	0	0	0	0	0	0
ASV_1849	0	0	0	0	0	0	0	0	0	0	0	0	0	0	0	0	0	0	0	0	16	0	0	0	0	0	0	10	36	0	0	0	0	0	0
ASV_1850	0	0	0	0	0	0	0	0	0	0	0	0	0	0	0	0	0	0	0	0	0	0	0	0	0	62	0	0	0	0	0	0	0	0	0
ASV_1851	61	0	0	0	0	0	0	0	0	0	0	0	0	0	0	0	0	0	0	0	0	0	0	0	0	0	0	0	0	0	0	0	0	0	0
ASV_1852	0	5	0	0	0	0	0	0	0	2	0	0	0	0	0	0	4	0	18	2	10	15	0	5	0	0	0	0	0	0	0	0	0	0	0
ASV_1853	0	0	0	0	0	0	6	0	0	14	0	0	0	0	0	0	23	0	0	18	0	0	0	0	0	0	0	0	0	0	0	0	0	0	0
ASV_1854	0	0	0	0	0	0	0	0	0	15	0	0	0	0	0	0	0	0	0	0	0	0	0	0	0	0	0	0	0	0	0	0	46	0	0
ASV_1855	0	0	0	0	0	0	0	0	0	0	0	0	39	0	0	0	0	0	0	22	0	0	0	0	0	0	0	0	0	0	0	0	0	0	0
ASV_1856	0	0	0	0	0	0	0	0	0	0	0	0	0	0	0	0	0	39	0	22	0	0	0	0	0	0	0	0	0	0	0	0	0	0	0
ASV_1857	0	0	0	0	0	0	0	0	0	0	0	0	0	0	0	0	0	17	24	0	0	0	0	20	0	0	0	0	0	0	0	0	0	0	0
ASV_1858	0	0	0	0	0	0	0	0	0	0	0	0	0	0	0	0	0	0	0	61	0	0	0	0	0	0	0	0	0	0	0	0	0	0	0
ASV_1859	0	0	0	0	0	0	0	0	0	0	0	0	0	0	0	0	0	0	0	0	0	0	0	0	0	0	0	0	0	61	0	0	0	0	0
ASV_1860	0	0	0	0	0	0	0	0	0	0	0	0	0	0	0	0	0	0	0	0	0	0	0	0	0	0	0	0	0	61	0	0	0	0	0
ASV_1861	38	0	0	0	0	0	0	22	0	0	0	0	0	0	0	0	0	0	0	0	0	0	0	0	0	0	0	0	0	0	0	0	0	0	0
ASV_1862	6	0	0	0	0	0	0	0	10	0	0	0	0	0	0	0	0	0	4	0	0	0	0	13	0	12	15	0	0	0	0	0	0	0	0
ASV_1863	0	4	0	0	0	0	0	0	0	6	0	0	0	0	0	0	0	10	0	0	0	0	0	11	0	0	0	4	13	0	6	0	6	0	0
ASV_1864	0	0	0	0	0	0	6	0	0	0	0	0	0	0	0	5	8	0	0	0	0	0	0	34	0	0	0	7	0	0	0	0	0	0	0
ASV_1865	0	0	0	0	0	0	8	0	0	0	16	0	0	0	0	0	0	0	0	0	0	0	0	18	0	0	18	0	0	0	0	0	0	0	0
ASV_1866	0	0	0	0	0	0	0	19	0	0	6	0	0	0	12	0	0	0	0	0	0	0	0	0	10	0	0	0	0	0	0	13	0	0	0
ASV_1867	0	0	0	0	0	0	0	0	45	0	0	0	0	0	0	0	0	0	0	0	0	0	0	0	0	0	15	0	0	0	0	0	0	0	0
ASV_1868	0	0	0	0	0	0	0	0	8	0	0	0	0	0	0	26	0	26	0	0	0	0	0	0	0	0	0	0	0	0	0	0	0	0	0
ASV_1869	0	0	0	0	0	0	0	0	0	0	0	0	28	0	0	0	0	0	0	0	0	0	0	0	0	0	0	0	9	0	23	0	0	0	0
ASV_1870	0	0	0	0	0	0	0	0	0	0	0	0	0	0	0	5	16	0	0	9	0	0	0	0	0	0	20	0	0	0	0	0	10	0	0
ASV_1871	0	0	0	0	0	0	0	0	0	0	0	0	0	0	0	0	0	17	0	0	0	0	0	0	0	43	0	0	0	0	0	0	0	0	0
ASV_1872	0	0	0	0	0	0	0	0	0	0	0	0	0	0	0	0	0	19	0	41	0	0	0	0	0	0	0	0	0	0	0	0	0	0	0
ASV_1873	0	0	0	0	0	0	0	0	0	0	0	0	0	0	0	0	0	0	0	0	0	0	0	0	0	0	0	0	0	0	60	0	0	0	0
ASV_1874	0	0	0	0	0	0	0	0	0	0	0	0	0	0	0	0	0	0	0	0	0	0	0	0	0	0	0	0	0	0	0	60	0	0	0
ASV_1875	15	0	11	0	0	0	0	0	0	0	0	0	13	0	0	0	0	0	0	14	0	0	0	0	6	0	0	0	0	0	0	0	0	0	0
ASV_1876	9	0	0	0	0	0	0	0	0	10	0	0	0	0	0	0	0	0	0	0	18	0	0	0	0	0	8	0	0	14	0	0	0	0	0
ASV_1877	0	0	0	9	0	0	0	0	0	0	0	16	0	0	0	0	0	0	0	0	0	0	0	0	0	0	0	0	0	0	0	0	0	25	9
ASV_1878	0	0	0	0	0	0	41	0	0	0	0	0	0	0	0	0	0	0	0	0	0	0	0	0	0	0	0	0	18	0	0	0	0	0	0
ASV_1879	0	0	0	0	0	0	4	0	5	0	0	0	0	0	0	0	0	9	0	6	0	0	0	0	0	2	28	0	5	0	0	0	0	0	0
ASV_1880	0	0	0	0	0	0	0	15	0	0	22	0	0	11	0	0	0	11	0	0	0	0	0	0	0	0	0	0	0	0	0	0	0	0	0
ASV_1881	0	0	0	0	0	0	0	0	0	0	24	0	0	0	0	0	0	0	18	0	0	0	0	0	0	0	0	0	0	17	0	0	0	0	0
ASV_1882	0	0	0	0	0	0	0	0	0	0	0	0	25	0	0	0	0	34	0	0	0	0	0	0	0	0	0	0	0	0	0	0	0	0	0
ASV_1883	0	0	0	0	0	0	0	0	0	0	0	0	0	37	0	0	0	0	0	0	0	0	0	0	0	22	0	0	0	0	0	0	0	0	0
ASV_1884	0	0	0	0	0	0	0	0	0	0	0	0	0	0	0	0	59	0	0	0	0	0	0	0	0	0	0	0	0	0	0	0	0	0	0
ASV_1885	0	0	0	0	0	0	0	0	0	0	0	0	0	0	0	0	0	0	59	0	0	0	0	0	0	0	0	0	0	0	0	0	0	0	0
ASV_1886	0	0	0	0	0	0	0	0	0	0	0	0	0	0	0	0	0	0	0	59	0	0	0	0	0	0	0	0	0	0	0	0	0	0	0
ASV_1887	0	0	0	0	0	0	0	0	0	0	0	0	0	0	0	0	0	0	0	0	59	0	0	0	0	0	0	0	0	0	0	0	0	0	0
ASV_1888	20	0	12	0	0	0	0	6	0	0	0	0	0	0	0	0	5	0	0	0	0	0	0	0	0	10	0	0	0	0	0	0	5	0	0
ASV_1889	25	0	0	0	0	0	0	0	0	0	0	0	0	0	0	0	0	0	0	0	17	0	0	0	0	0	16	0	0	0	0	0	0	0	0
ASV_1890	16	0	0	0	0	0	0	0	0	0	0	0	0	12	0	0	0	0	0	0	0	0	0	0	14	16	0	0	0	0	0	0	0	0	0
ASV_1891	0	12	0	0	0	0	0	0	0	0	0	0	0	0	0	0	0	0	0	0	0	46	0	0	0	0	0	0	0	0	0	0	0	0	0
ASV_1892	0	0	0	0	0	0	23	0	0	0	0	0	0	0	0	0	0	0	0	15	0	0	0	0	0	0	0	0	0	0	0	0	20	0	0
ASV_1893	0	0	0	0	0	0	8	0	0	0	0	0	0	0	0	0	0	0	0	0	0	0	0	0	0	23	0	0	0	0	0	0	27	0	0
ASV_1894	0	0	0	0	0	0	27	0	0	0	0	0	0	0	0	0	0	0	0	0	31	0	0	0	0	0	0	0	0	0	0	0	0	0	0
ASV_1895	0	0	0	0	0	0	5	0	0	6	0	0	10	0	0	0	0	0	0	16	0	0	0	7	0	0	14	0	0	0	0	0	0	0	0
ASV_1896	0	0	0	0	0	0	0	21	0	0	0	0	0	0	0	0	0	0	0	0	0	0	0	0	37	0	0	0	0	0	0	0	0	0	0
ASV_1897	0	0	0	0	0	0	0	0	5	0	0	0	0	0	0	0	6	0	0	0	0	33	0	0	0	0	0	0	11	3	0	0	0	0	0
ASV_1898	0	0	0	0	0	0	0	0	0	19	0	0	0	12	0	0	0	0	0	0	0	0	0	0	0	0	0	0	0	0	18	9	0	0	0
ASV_1899	0	0	0	0	0	0	0	0	0	0	23	0	0	0	17	0	0	0	0	0	0	0	0	0	0	7	0	0	0	0	0	0	11	0	0
ASV_1900	0	0	0	0	0	0	0	0	0	0	0	0	0	58	0	0	0	0	0	0	0	0	0	0	0	0	0	0	0	0	0	0	0	0	0
ASV_1901	0	0	0	0	0	0	0	0	0	0	0	0	0	0	0	58	0	0	0	0	0	0	0	0	0	0	0	0	0	0	0	0	0	0	0
ASV_1902	0	0	0	0	0	0	0	0	0	0	0	0	0	0	0	0	0	0	0	58	0	0	0	0	0	0	0	0	0	0	0	0	0	0	0
ASV_1903	0	0	0	0	0	0	0	0	0	0	0	0	0	0	0	0	0	0	0	0	0	58	0	0	0	0	0	0	0	0	0	0	0	0	0
ASV_1904	0	0	0	0	0	0	0	0	0	0	0	0	13	0	6	0	0	13	0	16	9	0	0	0	0	0	0	0	0	0	0	0	0	0	0
ASV_1905	0	0	0	0	0	0	0	0	0	0	0	0	0	0	0	0	0	0	0	0	0	57	0	0	0	0	0	0	0	0	0	0	0	0	0
ASV_1906	0	0	0	0	0	0	0	0	0	0	0	0	0	0	0	0	0	0	0	0	0	0	0	57	0	0	0	0	0	0	0	0	0	0	0
ASV_1907	0	0	0	0	0	0	0	0	0	0	0	0	0	0	0	0	0	0	0	0	0	0	0	0	0	0	0	0	0	0	57	0	0	0	0
ASV_1908	29	0	0	0	0	0	0	0	0	0	0	0	0	0	0	0	0	0	0	0	0	0	0	0	27	0	0	0	0	0	0	0	0	0	0
ASV_1909	24	0	0	0	0	0	16	0	0	0	0	0	0	0	0	0	0	11	0	0	0	0	0	0	0	0	0	0	0	0	0	5	0	0	0
ASV_1910	0	34	0	0	0	0	22	0	0	0	0	0	0	0	0	0	0	0	0	0	0	0	0	0	0	0	0	0	0	0	0	0	0	0	0
ASV_1911	0	0	25	0	0	0	0	0	0	0	0	0	23	0	0	0	0	0	0	0	0	0	0	0	0	0	0	0	8	0	0	0	0	0	0
ASV_1912	0	0	25	0	0	0	0	0	0	0	0	0	0	0	0	0	0	0	0	0	0	0	0	0	0	0	31	0	0	0	0	0	0	0	0
ASV_1913	0	0	0	0	0	0	0	0	2	8	0	0	0	16	11	4	4	0	0	0	0	4	0	0	0	7	0	0	0	0	0	0	0	0	0
ASV_1914	0	0	0	0	0	0	0	0	0	0	38	0	0	0	0	0	0	0	0	0	0	0	0	0	0	0	0	18	0	0	0	0	0	0	0
ASV_1915	0	0	0	0	0	0	0	0	0	0	0	0	0	56	0	0	0	0	0	0	0	0	0	0	0	0	0	0	0	0	0	0	0	0	0
ASV_1916	0	0	0	0	0	0	0	0	0	0	0	0	0	0	0	0	0	0	32	0	0	0	0	0	0	0	0	0	0	0	24	0	0	0	0
ASV_1917	0	0	0	0	0	0	0	0	0	0	0	0	0	0	0	0	0	0	0	56	0	0	0	0	0	0	0	0	0	0	0	0	0	0	0
ASV_1918	0	0	0	0	0	0	0	0	0	0	0	0	0	0	0	0	0	0	0	56	0	0	0	0	0	0	0	0	0	0	0	0	0	0	0
ASV_1919	8	0	0	0	0	0	0	40	2	5	0	0	0	0	0	0	0	0	0	0	0	0	0	0	0	0	0	0	0	0	0	0	0	0	0
ASV_1920	0	0	20	0	0	0	0	0	0	0	27	0	8	0	0	0	0	0	0	0	0	0	0	0	0	0	0	0	0	0	0	0	0	0	0
ASV_1921	0	0	55	0	0	0	0	0	0	0	0	0	0	0	0	0	0	0	0	0	0	0	0	0	0	0	0	0	0	0	0	0	0	0	0
ASV_1922	0	0	0	0	0	0	29	0	0	0	0	0	0	0	0	0	0	0	26	0	0	0	0	0	0	0	0	0	0	0	0	0	0	0	0
ASV_1923	0	0	0	0	0	0	0	28	0	4	11	0	0	0	0	0	0	0	0	0	0	0	0	0	0	12	0	0	0	0	0	0	0	0	0
ASV_1924	0	0	0	0	0	0	0	0	0	20	0	0	0	0	0	0	0	0	0	35	0	0	0	0	0	0	0	0	0	0	0	0	0	0	0
ASV_1925	0	0	0	0	0	0	0	0	0	0	0	0	6	0	0	0	0	0	0	38	11	0	0	0	0	0	0	0	0	0	0	0	0	0	0
ASV_1926	0	0	0	0	0	0	0	0	0	0	0	0	0	0	0	55	0	0	0	0	0	0	0	0	0	0	0	0	0	0	0	0	0	0	0
ASV_1927	0	0	0	0	0	0	0	0	0	0	0	0	0	0	0	0	0	0	24	0	0	0	0	0	0	0	0	19	0	0	0	0	12	0	0
ASV_1928	0	0	0	0	0	0	0	0	0	0	0	0	0	0	0	0	0	0	0	55	0	0	0	0	0	0	0	0	0	0	0	0	0	0	0
ASV_1929	0	0	0	0	0	0	0	0	0	0	0	0	0	0	0	0	0	0	0	0	0	0	0	0	0	0	55	0	0	0	0	0	0	0	0
ASV_1930	0	0	0	0	0	0	0	0	0	0	0	0	0	0	0	0	0	0	0	0	0	0	0	0	0	0	0	0	0	0	0	0	55	0	0
ASV_1931	41	0	0	0	0	0	0	0	0	0	0	0	0	0	0	0	0	0	0	0	0	0	0	13	0	0	0	0	0	0	0	0	0	0	0
ASV_1932	18	0	0	0	0	0	0	6	0	8	0	0	0	0	0	0	0	9	0	0	0	0	0	0	0	9	4	0	0	0	0	0	0	0	0
ASV_1933	54	0	0	0	0	0	0	0	0	0	0	0	0	0	0	0	0	0	0	0	0	0	0	0	0	0	0	0	0	0	0	0	0	0	0
ASV_1934	6	13	0	0	0	0	0	0	0	8	0	0	0	0	0	0	0	0	0	0	0	10	0	4	0	0	0	0	0	0	3	10	0	0	0
ASV_1935	0	10	0	0	0	0	0	0	0	7	0	0	0	0	0	9	10	0	0	0	0	0	0	0	0	7	11	0	0	0	0	0	0	0	0
ASV_1936	0	0	0	26	0	0	0	0	0	0	0	28	0	0	0	0	0	0	0	0	0	0	0	0	0	0	0	0	0	0	0	0	0	0	0
ASV_1937	0	0	0	0	0	0	16	0	0	0	0	0	13	0	0	0	0	21	0	0	0	0	0	0	0	0	0	0	0	0	4	0	0	0	0
ASV_1938	0	0	0	0	0	0	0	15	0	0	39	0	0	0	0	0	0	0	0	0	0	0	0	0	0	0	0	0	0	0	0	0	0	0	0
ASV_1939	0	0	0	0	0	0	0	0	0	0	0	0	0	0	0	33	0	0	0	0	0	0	0	0	0	0	0	0	0	0	21	0	0	0	0
ASV_1940	0	0	0	0	0	0	0	0	0	0	0	0	0	0	0	0	10	0	0	0	0	0	0	11	0	0	0	16	0	0	17	0	0	0	0
ASV_1941	0	0	0	0	0	0	0	0	0	0	0	0	0	0	0	0	0	0	0	54	0	0	0	0	0	0	0	0	0	0	0	0	0	0	0
ASV_1942	0	0	0	0	0	0	0	0	0	0	0	0	0	0	0	0	0	0	0	0	0	0	0	54	0	0	0	0	0	0	0	0	0	0	0
ASV_1943	0	0	0	0	0	0	0	0	0	0	0	0	0	0	0	0	0	0	0	0	0	0	0	0	0	54	0	0	0	0	0	0	0	0	0
ASV_1944	0	0	0	0	0	0	0	0	0	0	0	0	0	0	0	0	0	0	0	0	0	0	0	0	0	30	24	0	0	0	0	0	0	0	0
ASV_1945	0	0	0	0	0	0	0	0	0	0	0	0	0	0	0	0	0	0	0	0	0	0	0	0	0	0	54	0	0	0	0	0	0	0	0
ASV_1946	15	11	0	0	0	0	0	0	0	27	0	0	0	0	0	0	0	0	0	0	0	0	0	0	0	0	0	0	0	0	0	0	0	0	0
ASV_1947	0	0	30	0	0	0	0	0	0	0	0	0	0	0	23	0	0	0	0	0	0	0	0	0	0	0	0	0	0	0	0	0	0	0	0
ASV_1948	0	0	13	0	0	0	0	0	0	0	0	0	0	0	0	0	0	0	17	0	0	0	0	0	0	0	23	0	0	0	0	0	0	0	0
ASV_1949	0	0	0	5	0	0	0	0	0	0	0	15	0	0	0	0	0	0	0	0	0	0	17	0	0	0	0	0	0	0	0	0	0	11	5
ASV_1950	0	0	0	0	0	0	53	0	0	0	0	0	0	0	0	0	0	0	0	0	0	0	0	0	0	0	0	0	0	0	0	0	0	0	0
ASV_1951	0	0	0	0	0	0	0	0	0	32	16	0	0	0	5	0	0	0	0	0	0	0	0	0	0	0	0	0	0	0	0	0	0	0	0
ASV_1952	0	0	0	0	0	0	0	0	0	12	0	0	0	0	0	0	0	0	0	0	0	0	0	0	0	0	41	0	0	0	0	0	0	0	0
ASV_1953	0	0	0	0	0	0	0	0	0	0	0	0	11	0	8	0	0	9	0	0	25	0	0	0	0	0	0	0	0	0	0	0	0	0	0
ASV_1954	0	0	0	0	0	0	0	0	0	0	0	0	0	0	0	0	0	0	0	16	0	0	0	0	0	0	0	0	37	0	0	0	0	0	0
ASV_1955	0	0	0	0	0	0	0	0	0	0	0	0	0	0	0	0	0	0	0	53	0	0	0	0	0	0	0	0	0	0	0	0	0	0	0
ASV_1956	0	0	0	0	0	0	0	0	0	0	0	0	0	0	0	0	0	0	0	0	0	53	0	0	0	0	0	0	0	0	0	0	0	0	0
ASV_1957	0	0	0	0	0	0	0	0	0	0	0	0	0	0	0	0	0	0	0	0	0	0	0	5	0	19	0	0	29	0	0	0	0	0	0
ASV_1958	24	0	0	0	0	0	0	0	0	0	0	0	0	0	0	13	0	0	0	0	0	0	5	0	0	0	0	10	0	0	0	0	0	0	0
ASV_1959	0	31	0	0	0	0	0	0	0	0	0	0	0	0	0	0	0	0	21	0	0	0	0	0	0	0	0	0	0	0	0	0	0	0	0
ASV_1960	0	0	35	0	0	0	0	0	0	0	17	0	0	0	0	0	0	0	0	0	0	0	0	0	0	0	0	0	0	0	0	0	0	0	0
ASV_1961	0	0	0	0	0	6	0	0	5	0	0	12	0	0	0	4	0	0	0	0	0	0	13	0	0	0	0	0	0	0	0	0	0	0	12
ASV_1962	0	0	0	0	0	0	0	0	9	0	0	0	0	0	0	0	0	0	0	0	0	0	0	32	0	0	0	0	11	0	0	0	0	0	0
ASV_1963	0	0	0	0	0	0	0	0	19	0	0	0	0	0	0	0	0	33	0	0	0	0	0	0	0	0	0	0	0	0	0	0	0	0	0
ASV_1964	0	0	0	0	0	0	0	0	0	0	0	0	52	0	0	0	0	0	0	0	0	0	0	0	0	0	0	0	0	0	0	0	0	0	0
ASV_1965	0	0	0	0	0	0	0	0	0	0	0	0	0	0	0	0	0	0	0	0	0	0	52	0	0	0	0	0	0	0	0	0	0	0	0
ASV_1966	10	0	0	0	0	0	0	0	5	0	0	0	0	7	0	0	10	9	0	0	0	0	0	0	0	10	0	0	0	0	0	0	0	0	0
ASV_1967	0	51	0	0	0	0	0	0	0	0	0	0	0	0	0	0	0	0	0	0	0	0	0	0	0	0	0	0	0	0	0	0	0	0	0
ASV_1968	0	17	0	0	0	0	0	3	0	0	0	7	0	0	0	0	0	0	9	0	0	0	0	0	0	0	0	0	0	0	0	0	0	15	0
ASV_1969	0	0	11	0	0	0	5	0	0	0	0	0	0	0	0	0	0	0	0	0	0	0	0	0	3	0	0	0	0	24	6	2	0	0	0
ASV_1970	0	0	33	0	0	0	0	18	0	0	0	0	0	0	0	0	0	0	0	0	0	0	0	0	0	0	0	0	0	0	0	0	0	0	0
ASV_1971	0	0	12	0	0	0	0	0	0	0	16	0	0	0	0	0	0	0	0	0	0	0	0	0	0	0	0	23	0	0	0	0	0	0	0
ASV_1972	0	0	0	0	0	0	41	0	0	0	0	0	0	0	0	0	0	10	0	0	0	0	0	0	0	0	0	0	0	0	0	0	0	0	0
ASV_1973	0	0	0	0	0	0	0	51	0	0	0	0	0	0	0	0	0	0	0	0	0	0	0	0	0	0	0	0	0	0	0	0	0	0	0
ASV_1974	0	0	0	0	0	0	0	0	51	0	0	0	0	0	0	0	0	0	0	0	0	0	0	0	0	0	0	0	0	0	0	0	0	0	0
ASV_1975	0	0	0	0	0	0	0	0	0	0	0	0	7	0	0	0	0	26	0	18	0	0	0	0	0	0	0	0	0	0	0	0	0	0	0
ASV_1976	0	0	0	0	0	0	0	0	0	0	0	0	51	0	0	0	0	0	0	0	0	0	0	0	0	0	0	0	0	0	0	0	0	0	0
ASV_1977	0	0	0	0	0	0	0	0	0	0	0	0	0	0	0	51	0	0	0	0	0	0	0	0	0	0	0	0	0	0	0	0	0	0	0
ASV_1978	0	0	0	0	0	0	0	0	0	0	0	0	0	0	0	0	0	0	0	23	0	0	0	0	0	13	0	8	7	0	0	0	0	0	0
ASV_1979	0	0	0	0	0	0	0	0	0	0	0	0	0	0	0	0	0	0	0	0	51	0	0	0	0	0	0	0	0	0	0	0	0	0	0
ASV_1980	0	0	0	0	0	0	0	0	0	0	0	0	0	0	0	0	0	0	0	0	0	0	0	0	51	0	0	0	0	0	0	0	0	0	0
ASV_1981	0	0	0	0	0	0	16	0	0	5	0	0	0	0	0	0	0	0	0	0	0	0	0	0	0	9	0	0	0	0	0	0	20	0	0
ASV_1982	0	0	0	0	0	0	7	4	0	5	6	0	0	0	0	0	0	0	0	0	3	0	0	3	0	5	0	0	10	7	0	0	0	0	0
ASV_1983	0	0	0	0	0	0	0	50	0	0	0	0	0	0	0	0	0	0	0	0	0	0	0	0	0	0	0	0	0	0	0	0	0	0	0
ASV_1984	0	0	0	0	0	0	0	0	13	0	0	0	0	0	0	0	0	0	0	0	0	0	0	9	0	9	0	19	0	0	0	0	0	0	0
ASV_1985	0	0	0	0	0	0	0	0	13	0	0	0	0	0	0	0	0	0	0	0	0	0	0	0	0	19	0	0	0	18	0	0	0	0	0
ASV_1986	0	0	0	0	0	0	0	0	0	12	0	0	0	22	0	0	0	0	0	0	16	0	0	0	0	0	0	0	0	0	0	0	0	0	0
ASV_1987	0	0	0	0	0	0	0	0	0	0	29	0	0	0	0	0	0	0	3	18	0	0	0	0	0	0	0	0	0	0	0	0	0	0	0
ASV_1988	0	0	0	0	0	0	0	0	0	0	0	0	0	0	16	0	0	0	0	0	17	0	0	0	0	0	0	0	0	17	0	0	0	0	0
ASV_1989	0	0	0	0	0	0	0	0	0	0	0	0	0	0	0	50	0	0	0	0	0	0	0	0	0	0	0	0	0	0	0	0	0	0	0
ASV_1990	0	0	0	0	0	0	0	0	0	0	0	0	0	0	0	5	0	0	6	3	12	17	0	0	0	0	3	0	0	0	0	0	0	4	0
ASV_1991	0	0	0	0	0	0	0	0	0	0	0	0	0	0	0	0	0	39	0	0	0	11	0	0	0	0	0	0	0	0	0	0	0	0	0
ASV_1992	0	0	0	0	0	0	0	0	0	0	0	0	0	0	0	0	0	0	0	0	0	0	0	0	0	36	0	0	0	14	0	0	0	0	0
ASV_1993	12	0	0	0	0	0	6	16	0	7	0	0	0	0	0	0	0	0	0	4	4	0	0	0	0	0	0	0	0	0	0	0	0	0	0
ASV_1994	0	11	0	0	0	0	0	0	0	0	10	0	0	0	0	0	0	0	0	0	0	0	0	0	0	28	0	0	0	0	0	0	0	0	0
ASV_1995	0	23	0	0	0	0	11	0	0	0	0	0	0	0	0	0	0	0	15	0	0	0	0	0	0	0	0	0	0	0	0	0	0	0	0
ASV_1996	0	0	0	0	0	0	0	49	0	0	0	0	0	0	0	0	0	0	0	0	0	0	0	0	0	0	0	0	0	0	0	0	0	0	0
ASV_1997	0	0	0	0	0	0	0	16	0	0	15	0	0	0	0	0	0	0	0	0	0	0	0	0	0	0	0	0	18	0	0	0	0	0	0
ASV_1998	0	0	0	0	0	0	0	0	3	0	0	0	14	18	0	0	0	5	0	0	0	0	0	0	0	0	9	0	0	0	0	0	0	0	0
ASV_1999	0	0	0	0	0	0	0	0	0	0	0	0	37	0	0	0	12	0	0	0	0	0	0	0	0	0	0	0	0	0	0	0	0	0	0
ASV_2000	0	0	0	0	0	0	0	0	0	0	0	0	0	0	0	22	0	6	0	0	0	0	0	0	0	0	0	12	9	0	0	0	0	0	0
ASV_2001	0	0	0	0	0	0	0	0	0	0	0	0	0	0	0	49	0	0	0	0	0	0	0	0	0	0	0	0	0	0	0	0	0	0	0
ASV_2002	0	0	0	0	0	0	0	0	0	0	0	0	0	0	0	0	49	0	0	0	0	0	0	0	0	0	0	0	0	0	0	0	0	0	0
ASV_2003	0	0	0	0	0	0	0	0	0	0	0	0	0	0	0	0	0	0	0	0	0	0	0	0	16	0	0	0	0	33	0	0	0	0	0
ASV_2004	0	0	6	0	0	0	0	0	0	6	0	0	0	30	6	0	0	0	0	0	0	0	0	0	0	0	0	0	0	0	0	0	0	0	0
ASV_2005	0	0	14	0	0	0	0	17	0	0	0	0	0	0	0	7	0	0	0	0	0	0	0	0	0	10	0	0	0	0	0	0	0	0	0
ASV_2006	0	0	0	0	0	0	48	0	0	0	0	0	0	0	0	0	0	0	0	0	0	0	0	0	0	0	0	0	0	0	0	0	0	0	0
ASV_2007	0	0	0	0	0	0	19	0	0	0	0	0	0	0	0	0	0	0	0	0	16	0	0	0	13	0	0	0	0	0	0	0	0	0	0
ASV_2008	0	0	0	0	0	0	8	0	0	0	0	0	0	0	0	0	0	3	0	17	13	0	0	0	0	0	0	0	0	0	0	0	7	0	0
ASV_2009	0	0	0	0	0	0	0	17	0	0	0	0	0	0	0	0	0	0	0	0	0	0	0	14	0	0	17	0	0	0	0	0	0	0	0
ASV_2010	0	0	0	0	0	0	0	0	0	0	0	0	48	0	0	0	0	0	0	0	0	0	0	0	0	0	0	0	0	0	0	0	0	0	0
ASV_2011	0	0	0	0	0	0	0	0	0	0	0	0	0	0	0	35	0	0	0	0	13	0	0	0	0	0	0	0	0	0	0	0	0	0	0
ASV_2012	0	0	0	0	0	0	0	0	0	0	0	0	0	0	0	11	20	0	0	0	0	0	0	17	0	0	0	0	0	0	0	0	0	0	0
ASV_2013	0	0	0	0	0	0	0	0	0	0	0	0	0	0	0	0	0	0	27	0	21	0	0	0	0	0	0	0	0	0	0	0	0	0	0
ASV_2014	0	0	0	0	0	0	0	0	0	0	0	0	0	0	0	0	0	0	0	48	0	0	0	0	0	0	0	0	0	0	0	0	0	0	0
ASV_2015	0	0	0	0	0	0	0	0	0	0	0	0	0	0	0	0	0	0	0	0	23	0	0	0	6	0	0	0	0	19	0	0	0	0	0
ASV_2016	0	0	0	0	0	0	0	0	0	0	0	0	0	0	0	0	0	0	0	0	0	0	0	0	0	0	34	0	0	0	0	0	0	14	0
ASV_2017	0	0	0	0	0	0	0	0	0	0	0	0	0	0	0	0	0	0	0	0	0	0	0	0	0	0	0	48	0	0	0	0	0	0	0
ASV_2018	0	0	0	0	0	0	0	0	0	0	0	0	0	0	0	0	0	0	0	0	0	0	0	0	0	0	0	0	0	0	0	48	0	0	0
ASV_2019	10	0	0	0	0	0	0	0	0	9	0	0	0	0	0	0	0	0	0	4	0	0	0	0	0	0	0	0	0	12	0	12	0	0	0
ASV_2020	10	0	0	0	0	0	0	0	0	0	0	0	0	5	0	0	12	0	13	0	7	0	0	0	0	0	0	0	0	0	0	0	0	0	0
ASV_2021	47	0	0	0	0	0	0	0	0	0	0	0	0	0	0	0	0	0	0	0	0	0	0	0	0	0	0	0	0	0	0	0	0	0	0
ASV_2022	34	0	0	0	0	0	0	0	13	0	0	0	0	0	0	0	0	0	0	0	0	0	0	0	0	0	0	0	0	0	0	0	0	0	0
ASV_2023	0	47	0	0	0	0	0	0	0	0	0	0	0	0	0	0	0	0	0	0	0	0	0	0	0	0	0	0	0	0	0	0	0	0	0
ASV_2024	0	15	0	0	0	0	0	0	0	0	16	0	0	0	0	3	0	0	0	0	0	0	0	7	0	0	0	0	0	6	0	0	0	0	0
ASV_2025	0	0	7	0	0	0	0	23	0	0	17	0	0	0	0	0	0	0	0	0	0	0	0	0	0	0	0	0	0	0	0	0	0	0	0
ASV_2026	0	0	0	7	0	0	0	0	0	0	0	16	0	0	0	0	0	0	0	0	0	0	0	0	0	0	0	0	0	0	0	0	0	24	0
ASV_2027	0	0	0	0	0	0	0	0	12	0	0	0	0	0	0	0	0	6	0	0	0	0	0	0	0	0	29	0	0	0	0	0	0	0	0
ASV_2028	0	0	0	0	0	0	0	0	0	0	0	0	22	0	0	0	0	0	0	25	0	0	0	0	0	0	0	0	0	0	0	0	0	0	0
ASV_2029	0	0	0	0	0	0	0	0	0	0	0	0	29	0	0	0	4	0	0	14	0	0	0	0	0	0	0	0	0	0	0	0	0	0	0
ASV_2030	0	0	0	0	0	0	0	0	0	0	0	0	0	0	0	0	0	0	47	0	0	0	0	0	0	0	0	0	0	0	0	0	0	0	0
ASV_2031	0	0	0	0	0	0	0	0	0	0	0	0	0	0	0	0	0	0	0	0	0	0	0	0	0	0	0	0	0	0	0	0	47	0	0
ASV_2032	4	0	0	0	0	0	0	0	0	0	0	0	14	19	0	0	0	0	0	0	0	0	0	0	0	9	0	0	0	0	0	0	0	0	0
ASV_2033	0	0	13	0	0	0	0	0	0	0	0	0	0	0	0	0	0	0	0	17	0	0	0	0	0	16	0	0	0	0	0	0	0	0	0
ASV_2034	0	0	0	0	0	0	7	0	0	0	0	0	0	0	0	0	0	0	11	0	11	0	0	11	0	0	0	0	0	0	0	0	6	0	0
ASV_2035	0	0	0	0	0	0	0	14	0	0	0	0	0	0	0	0	0	0	0	0	0	0	0	0	0	14	0	0	18	0	0	0	0	0	0
ASV_2036	0	0	0	0	0	0	0	0	6	0	0	0	0	0	0	0	0	0	0	0	0	0	0	7	0	0	22	0	11	0	0	0	0	0	0
ASV_2037	0	0	0	0	0	0	0	0	19	0	0	0	0	0	0	0	27	0	0	0	0	0	0	0	0	0	0	0	0	0	0	0	0	0	0
ASV_2038	0	0	0	0	0	0	0	0	0	0	0	0	28	0	0	0	0	0	0	0	18	0	0	0	0	0	0	0	0	0	0	0	0	0	0
ASV_2039	0	0	0	0	0	0	0	0	0	0	0	0	46	0	0	0	0	0	0	0	0	0	0	0	0	0	0	0	0	0	0	0	0	0	0
ASV_2040	0	0	0	0	0	0	0	0	0	0	0	0	46	0	0	0	0	0	0	0	0	0	0	0	0	0	0	0	0	0	0	0	0	0	0
ASV_2041	0	0	0	0	0	0	0	0	0	0	0	0	0	0	0	46	0	0	0	0	0	0	0	0	0	0	0	0	0	0	0	0	0	0	0
ASV_2042	0	0	0	0	0	0	0	0	0	0	0	0	0	0	0	0	0	0	0	46	0	0	0	0	0	0	0	0	0	0	0	0	0	0	0
ASV_2043	0	0	0	0	0	0	0	0	0	0	0	0	0	0	0	0	0	0	0	0	46	0	0	0	0	0	0	0	0	0	0	0	0	0	0
ASV_2044	0	0	0	0	0	0	0	0	0	0	0	0	0	0	0	0	0	0	0	0	0	0	0	0	0	34	0	0	0	0	0	0	12	0	0
ASV_2045	45	0	0	0	0	0	0	0	0	0	0	0	0	0	0	0	0	0	0	0	0	0	0	0	0	0	0	0	0	0	0	0	0	0	0
ASV_2046	45	0	0	0	0	0	0	0	0	0	0	0	0	0	0	0	0	0	0	0	0	0	0	0	0	0	0	0	0	0	0	0	0	0	0
ASV_2047	11	0	0	0	0	0	0	0	0	0	0	0	0	0	0	0	0	0	0	13	7	0	0	0	14	0	0	0	0	0	0	0	0	0	0
ASV_2048	8	0	0	0	0	0	0	0	0	0	0	0	0	0	0	0	0	0	0	0	0	0	0	0	0	9	15	0	0	13	0	0	0	0	0
ASV_2049	0	0	0	0	0	0	13	8	0	0	0	0	0	6	0	7	0	0	0	11	0	0	0	0	0	0	0	0	0	0	0	0	0	0	0
ASV_2050	0	0	0	0	0	0	0	0	0	27	0	0	0	0	0	0	0	0	0	0	0	0	0	0	0	0	0	0	0	18	0	0	0	0	0
ASV_2051	0	0	0	0	0	0	0	0	0	12	0	0	21	0	0	0	0	12	0	0	0	0	0	0	0	0	0	0	0	0	0	0	0	0	0
ASV_2052	0	0	0	0	0	0	0	0	0	6	0	0	0	0	0	0	0	0	15	0	9	0	0	0	0	0	0	0	0	15	0	0	0	0	0
ASV_2053	0	0	0	0	0	0	0	0	0	0	45	0	0	0	0	0	0	0	0	0	0	0	0	0	0	0	0	0	0	0	0	0	0	0	0
ASV_2054	0	0	0	0	0	0	0	0	0	0	0	0	0	35	0	0	0	0	0	0	0	0	0	5	0	0	0	5	0	0	0	0	0	0	0
ASV_2055	0	0	0	0	0	0	0	0	0	0	0	0	0	0	0	16	0	13	0	0	16	0	0	0	0	0	0	0	0	0	0	0	0	0	0
ASV_2056	0	0	0	0	0	0	0	0	0	0	0	0	0	0	0	6	0	0	0	0	23	0	0	16	0	0	0	0	0	0	0	0	0	0	0
ASV_2057	0	0	0	0	0	0	0	0	0	0	0	0	0	0	0	0	0	11	0	17	0	0	0	0	0	0	0	0	17	0	0	0	0	0	0
ASV_2058	0	0	0	0	0	0	0	0	0	0	0	0	0	0	0	0	0	0	0	0	0	45	0	0	0	0	0	0	0	0	0	0	0	0	0
ASV_2059	0	0	0	0	0	0	0	0	0	0	0	0	0	0	0	0	0	0	0	0	0	45	0	0	0	0	0	0	0	0	0	0	0	0	0
ASV_2060	0	0	0	0	0	0	0	0	0	0	0	0	0	0	0	0	0	0	0	0	0	0	45	0	0	0	0	0	0	0	0	0	0	0	0
ASV_2061	0	0	0	0	0	0	0	0	0	0	0	0	0	0	0	0	0	0	0	0	0	0	0	0	0	0	0	18	27	0	0	0	0	0	0
ASV_2062	0	0	0	0	0	0	0	0	0	0	0	0	0	0	0	0	0	0	0	0	0	0	0	0	0	0	0	0	45	0	0	0	0	0	0
ASV_2063	0	0	0	0	0	0	0	0	0	0	0	0	0	0	0	0	0	0	0	0	0	0	0	0	0	0	0	0	0	0	0	22	23	0	0
ASV_2064	15	0	6	0	0	0	0	23	0	0	0	0	0	0	0	0	0	0	0	0	0	0	0	0	0	0	0	0	0	0	0	0	0	0	0
ASV_2065	44	0	0	0	0	0	0	0	0	0	0	0	0	0	0	0	0	0	0	0	0	0	0	0	0	0	0	0	0	0	0	0	0	0	0
ASV_2066	0	13	19	0	0	0	0	12	0	0	0	0	0	0	0	0	0	0	0	0	0	0	0	0	0	0	0	0	0	0	0	0	0	0	0
ASV_2067	0	0	44	0	0	0	0	0	0	0	0	0	0	0	0	0	0	0	0	0	0	0	0	0	0	0	0	0	0	0	0	0	0	0	0
ASV_2068	0	0	0	0	4	0	0	0	0	0	0	0	2	0	0	8	0	0	4	0	5	0	9	10	0	0	0	0	0	0	0	0	2	0	0
ASV_2069	0	0	0	0	0	0	13	0	0	0	0	0	0	0	0	0	0	0	0	0	0	0	0	0	0	0	0	31	0	0	0	0	0	0	0
ASV_2070	0	0	0	0	0	0	0	0	0	0	0	0	0	19	0	0	3	11	0	11	0	0	0	0	0	0	0	0	0	0	0	0	0	0	0
ASV_2071	0	0	0	0	0	0	0	0	0	0	0	0	0	44	0	0	0	0	0	0	0	0	0	0	0	0	0	0	0	0	0	0	0	0	0
ASV_2072	0	0	0	0	0	0	0	0	0	0	0	0	0	0	0	0	5	0	0	0	0	0	0	0	0	0	3	4	0	0	0	20	12	0	0
ASV_2073	0	0	0	0	0	0	0	0	0	0	0	0	0	0	0	0	44	0	0	0	0	0	0	0	0	0	0	0	0	0	0	0	0	0	0
ASV_2074	0	0	0	0	0	0	0	0	0	0	0	0	0	0	0	0	0	0	0	0	44	0	0	0	0	0	0	0	0	0	0	0	0	0	0
ASV_2075	0	0	0	0	0	0	0	0	0	0	0	0	0	0	0	0	0	0	0	0	0	0	0	0	0	20	24	0	0	0	0	0	0	0	0
ASV_2076	0	0	0	0	0	0	0	0	0	0	0	0	0	0	0	0	0	0	0	0	0	0	0	0	0	0	0	44	0	0	0	0	0	0	0
ASV_2077	0	0	0	0	0	0	0	0	0	0	0	0	0	0	0	0	0	0	0	0	0	0	0	0	0	0	0	0	0	0	0	44	0	0	0
ASV_2078	35	0	0	0	0	0	0	0	0	0	0	0	0	0	0	0	8	0	0	0	0	0	0	0	0	0	0	0	0	0	0	0	0	0	0
ASV_2079	0	0	10	0	0	0	0	0	0	0	0	0	0	0	12	0	0	0	0	14	7	0	0	0	0	0	0	0	0	0	0	0	0	0	0
ASV_2080	0	0	11	0	0	0	0	0	0	0	0	0	0	0	0	0	13	0	0	0	19	0	0	0	0	0	0	0	0	0	0	0	0	0	0
ASV_2081	0	0	0	0	0	0	13	0	0	0	18	0	0	0	0	0	0	0	0	0	0	0	0	0	8	0	0	0	0	0	4	0	0	0	0
ASV_2082	0	0	0	0	0	0	2	0	0	0	0	0	12	6	0	0	0	0	0	0	0	0	0	0	0	0	0	2	6	0	0	0	15	0	0
ASV_2083	0	0	0	0	0	0	0	22	0	0	0	0	0	0	0	0	0	0	0	21	0	0	0	0	0	0	0	0	0	0	0	0	0	0	0
ASV_2084	0	0	0	0	0	0	0	0	43	0	0	0	0	0	0	0	0	0	0	0	0	0	0	0	0	0	0	0	0	0	0	0	0	0	0
ASV_2085	0	0	0	0	0	0	0	0	43	0	0	0	0	0	0	0	0	0	0	0	0	0	0	0	0	0	0	0	0	0	0	0	0	0	0
ASV_2086	0	0	0	0	0	0	0	0	0	8	0	0	12	0	0	18	0	0	0	0	0	0	0	0	0	0	0	0	0	0	0	5	0	0	0
ASV_2087	0	0	0	0	0	0	0	0	0	0	0	0	6	0	0	6	0	12	0	0	0	0	0	6	0	13	0	0	0	0	0	0	0	0	0
ASV_2088	0	0	0	0	0	0	0	0	0	0	0	0	0	18	0	0	0	0	25	0	0	0	0	0	0	0	0	0	0	0	0	0	0	0	0
ASV_2089	0	0	0	0	0	0	0	0	0	0	0	0	0	0	0	0	26	0	0	0	0	0	0	0	0	0	6	0	11	0	0	0	0	0	0
ASV_2090	0	0	0	0	0	0	0	0	0	0	0	0	0	0	0	0	24	0	0	19	0	0	0	0	0	0	0	0	0	0	0	0	0	0	0
ASV_2091	0	0	0	0	0	0	0	0	0	0	0	0	0	0	0	0	9	0	34	0	0	0	0	0	0	0	0	0	0	0	0	0	0	0	0
ASV_2092	0	0	0	0	0	0	0	0	0	0	0	0	0	0	0	0	0	0	22	0	0	0	0	0	0	0	21	0	0	0	0	0	0	0	0
ASV_2093	0	0	0	0	0	0	0	0	0	0	0	0	0	0	0	0	0	0	0	0	0	0	0	0	0	43	0	0	0	0	0	0	0	0	0
ASV_2094	0	0	0	0	0	0	0	0	0	0	0	0	0	0	0	0	0	0	0	0	0	0	0	0	0	0	11	32	0	0	0	0	0	0	0
ASV_2095	0	0	0	0	0	0	0	0	0	0	0	0	0	0	0	0	0	0	0	0	0	0	0	0	0	0	0	43	0	0	0	0	0	0	0
ASV_2096	0	0	0	0	0	0	0	0	0	0	0	0	0	0	0	0	0	0	0	0	0	0	0	0	0	0	0	0	0	43	0	0	0	0	0
ASV_2097	0	0	0	0	0	0	0	0	0	0	0	0	0	0	0	0	0	0	0	0	0	0	0	0	0	0	0	0	0	43	0	0	0	0	0
ASV_2098	42	0	0	0	0	0	0	0	0	0	0	0	0	0	0	0	0	0	0	0	0	0	0	0	0	0	0	0	0	0	0	0	0	0	0
ASV_2099	17	0	0	0	0	0	0	0	0	0	0	0	8	0	0	0	0	8	0	0	0	0	0	0	0	0	0	0	0	0	0	9	0	0	0
ASV_2100	10	0	0	0	0	0	0	0	0	0	0	0	0	5	3	0	0	0	0	5	0	0	0	0	6	10	0	3	0	0	0	0	0	0	0
ASV_2101	0	0	42	0	0	0	0	0	0	0	0	0	0	0	0	0	0	0	0	0	0	0	0	0	0	0	0	0	0	0	0	0	0	0	0
ASV_2102	0	0	26	0	0	0	0	16	0	0	0	0	0	0	0	0	0	0	0	0	0	0	0	0	0	0	0	0	0	0	0	0	0	0	0
ASV_2103	0	0	0	14	0	5	0	0	0	0	0	12	4	0	0	0	2	0	0	0	0	0	2	0	0	0	0	3	0	0	0	0	0	0	0
ASV_2104	0	0	0	0	0	0	17	0	0	0	0	0	0	0	0	0	25	0	0	0	0	0	0	0	0	0	0	0	0	0	0	0	0	0	0
ASV_2105	0	0	0	0	0	0	0	0	9	0	0	0	0	0	0	0	20	2	0	0	0	0	0	0	0	0	11	0	0	0	0	0	0	0	0
ASV_2106	0	0	0	0	0	0	0	0	0	22	0	0	0	0	0	0	0	0	0	0	0	0	0	0	0	0	11	0	9	0	0	0	0	0	0
ASV_2107	0	0	0	0	0	0	0	0	0	0	0	8	0	0	0	11	0	0	0	0	6	0	0	0	0	0	0	2	0	0	0	0	0	0	15
ASV_2108	0	0	0	0	0	0	0	0	0	0	0	0	16	0	0	0	0	0	0	26	0	0	0	0	0	0	0	0	0	0	0	0	0	0	0
ASV_2109	0	0	0	0	0	0	0	0	0	0	0	0	42	0	0	0	0	0	0	0	0	0	0	0	0	0	0	0	0	0	0	0	0	0	0
ASV_2110	0	0	0	0	0	0	0	0	0	0	0	0	0	0	5	0	18	0	0	0	0	0	0	0	0	0	13	0	0	0	0	0	6	0	0
ASV_2111	0	0	0	0	0	0	0	0	0	0	0	0	0	0	0	42	0	0	0	0	0	0	0	0	0	0	0	0	0	0	0	0	0	0	0
ASV_2112	0	0	0	0	0	0	0	0	0	0	0	0	0	0	0	0	0	0	42	0	0	0	0	0	0	0	0	0	0	0	0	0	0	0	0
ASV_2113	0	0	0	0	0	0	0	0	0	0	0	0	0	0	0	0	0	0	0	42	0	0	0	0	0	0	0	0	0	0	0	0	0	0	0
ASV_2114	0	0	0	0	0	0	0	0	0	0	0	0	0	0	0	0	0	0	0	42	0	0	0	0	0	0	0	0	0	0	0	0	0	0	0
ASV_2115	0	0	0	0	0	0	0	0	0	0	0	0	0	0	0	0	0	0	0	0	0	0	0	0	0	0	42	0	0	0	0	0	0	0	0
ASV_2116	0	0	0	0	0	0	0	0	0	0	0	0	0	0	0	0	0	0	0	0	0	0	0	0	0	0	0	0	0	0	0	42	0	0	0
ASV_2117	0	0	0	0	0	0	0	0	0	0	0	0	0	0	0	0	0	0	0	0	0	0	0	0	0	0	0	0	0	0	0	42	0	0	0
ASV_2118	0	8	0	0	0	0	7	0	0	0	0	0	5	0	0	10	0	0	4	0	0	0	0	3	0	0	0	0	0	4	0	0	0	0	0
ASV_2119	0	0	0	0	0	0	0	41	0	0	0	0	0	0	0	0	0	0	0	0	0	0	0	0	0	0	0	0	0	0	0	0	0	0	0
ASV_2120	0	0	0	0	0	0	0	0	0	0	0	0	29	0	0	0	0	0	0	0	0	0	0	0	0	0	0	0	0	0	0	0	12	0	0
ASV_2121	0	0	0	0	0	0	0	0	0	0	0	0	41	0	0	0	0	0	0	0	0	0	0	0	0	0	0	0	0	0	0	0	0	0	0
ASV_2122	0	0	0	0	0	0	0	0	0	0	0	0	0	7	0	0	0	0	34	0	0	0	0	0	0	0	0	0	0	0	0	0	0	0	0
ASV_2123	0	0	0	0	0	0	0	0	0	0	0	0	0	0	41	0	0	0	0	0	0	0	0	0	0	0	0	0	0	0	0	0	0	0	0
ASV_2124	0	0	0	0	0	0	0	0	0	0	0	0	0	0	41	0	0	0	0	0	0	0	0	0	0	0	0	0	0	0	0	0	0	0	0
ASV_2125	0	0	0	0	0	0	0	0	0	0	0	0	0	0	0	0	28	6	0	0	0	0	0	7	0	0	0	0	0	0	0	0	0	0	0
ASV_2126	0	0	0	0	0	0	0	0	0	0	0	0	0	0	0	0	11	0	0	0	0	0	0	0	0	0	0	0	30	0	0	0	0	0	0
ASV_2127	0	0	0	0	0	0	0	0	0	0	0	0	0	0	0	0	0	14	0	27	0	0	0	0	0	0	0	0	0	0	0	0	0	0	0
ASV_2128	0	0	0	0	0	0	0	0	0	0	0	0	0	0	0	0	0	0	0	41	0	0	0	0	0	0	0	0	0	0	0	0	0	0	0
ASV_2129	0	0	0	0	0	0	0	0	0	0	0	0	0	0	0	0	0	0	0	0	0	0	0	0	0	0	0	41	0	0	0	0	0	0	0
ASV_2130	0	0	31	0	0	0	0	0	0	0	0	0	0	0	0	0	0	0	0	0	0	0	0	0	0	0	0	0	0	0	0	9	0	0	0
ASV_2131	0	0	0	0	0	0	10	0	0	0	0	0	0	0	0	0	0	0	14	6	0	0	0	0	0	0	0	0	10	0	0	0	0	0	0
ASV_2132	0	0	0	0	0	0	8	0	0	0	0	0	8	0	0	0	0	3	0	0	10	0	0	7	0	0	0	0	4	0	0	0	0	0	0
ASV_2133	0	0	0	0	0	0	8	0	0	0	0	0	0	0	0	32	0	0	0	0	0	0	0	0	0	0	0	0	0	0	0	0	0	0	0
ASV_2134	0	0	0	0	0	0	0	40	0	0	0	0	0	0	0	0	0	0	0	0	0	0	0	0	0	0	0	0	0	0	0	0	0	0	0
ASV_2135	0	0	0	0	0	0	0	11	0	8	0	0	0	0	0	0	0	0	0	0	0	0	0	0	0	0	8	0	0	0	0	0	13	0	0
ASV_2136	0	0	0	0	0	0	0	0	15	0	0	0	0	0	25	0	0	0	0	0	0	0	0	0	0	0	0	0	0	0	0	0	0	0	0
ASV_2137	0	0	0	0	0	0	0	0	0	12	0	0	0	0	0	0	0	0	0	0	0	0	0	0	0	0	9	0	0	0	0	6	13	0	0
ASV_2138	0	0	0	0	0	0	0	0	0	0	0	0	0	0	0	0	0	0	0	40	0	0	0	0	0	0	0	0	0	0	0	0	0	0	0
ASV_2139	0	0	0	0	0	0	0	0	0	0	0	0	0	0	0	0	0	0	0	0	0	40	0	0	0	0	0	0	0	0	0	0	0	0	0
ASV_2140	0	0	0	0	0	0	0	0	0	0	0	0	0	0	0	0	0	0	0	0	0	40	0	0	0	0	0	0	0	0	0	0	0	0	0
ASV_2141	0	0	0	0	0	0	0	0	0	0	0	0	0	0	0	0	0	0	0	0	0	0	0	0	0	0	0	0	0	0	0	40	0	0	0
ASV_2142	39	0	0	0	0	0	0	0	0	0	0	0	0	0	0	0	0	0	0	0	0	0	0	0	0	0	0	0	0	0	0	0	0	0	0
ASV_2143	9	0	0	0	0	0	0	0	0	3	0	0	0	0	0	0	0	0	0	0	9	0	0	0	0	0	8	5	0	0	5	0	0	0	0
ASV_2144	0	8	0	0	0	0	0	7	8	7	0	0	0	0	0	0	0	0	0	0	0	0	0	0	0	0	9	0	0	0	0	0	0	0	0
ASV_2145	0	0	9	0	0	0	0	0	0	0	0	0	4	0	9	0	0	0	0	0	8	0	0	0	0	0	0	0	0	0	9	0	0	0	0
ASV_2146	0	0	39	0	0	0	0	0	0	0	0	0	0	0	0	0	0	0	0	0	0	0	0	0	0	0	0	0	0	0	0	0	0	0	0
ASV_2147	0	0	0	0	0	2	0	0	0	0	0	0	0	0	26	0	0	0	0	0	0	0	0	11	0	0	0	0	0	0	0	0	0	0	0
ASV_2148	0	0	0	0	0	0	0	0	9	0	0	0	0	0	0	0	0	0	0	0	0	0	0	0	0	0	0	15	15	0	0	0	0	0	0
ASV_2149	0	0	0	0	0	0	0	0	3	0	0	0	0	0	0	0	0	0	0	22	0	0	0	0	0	14	0	0	0	0	0	0	0	0	0
ASV_2150	0	0	0	0	0	0	0	0	0	0	0	0	0	0	0	24	15	0	0	0	0	0	0	0	0	0	0	0	0	0	0	0	0	0	0
ASV_2151	0	0	0	0	0	0	0	0	0	0	0	0	0	0	0	23	0	0	0	0	0	0	0	16	0	0	0	0	0	0	0	0	0	0	0
ASV_2152	0	0	0	0	0	0	0	0	0	0	0	0	0	0	0	0	0	0	0	0	0	0	0	0	0	27	12	0	0	0	0	0	0	0	0
ASV_2153	11	0	0	0	0	0	0	0	0	6	0	0	0	0	0	0	7	0	0	0	0	0	0	0	0	0	14	0	0	0	0	0	0	0	0
ASV_2154	0	0	0	6	0	0	0	0	0	0	0	26	0	0	0	0	0	0	0	0	0	0	0	0	0	0	0	0	0	0	0	0	0	0	6
ASV_2155	0	0	0	0	0	0	27	0	0	11	0	0	0	0	0	0	0	0	0	0	0	0	0	0	0	0	0	0	0	0	0	0	0	0	0
ASV_2156	0	0	0	0	0	0	19	0	0	0	0	0	0	0	0	0	0	0	0	15	0	0	0	4	0	0	0	0	0	0	0	0	0	0	0
ASV_2157	0	0	0	0	0	0	22	16	0	0	0	0	0	0	0	0	0	0	0	0	0	0	0	0	0	0	0	0	0	0	0	0	0	0	0
ASV_2158	0	0	0	0	0	0	0	0	0	9	0	0	18	11	0	0	0	0	0	0	0	0	0	0	0	0	0	0	0	0	0	0	0	0	0
ASV_2159	0	0	0	0	0	0	0	0	0	0	21	0	0	17	0	0	0	0	0	0	0	0	0	0	0	0	0	0	0	0	0	0	0	0	0
ASV_2160	0	0	0	0	0	0	0	0	0	0	0	0	0	15	0	19	0	0	0	0	0	0	0	0	0	0	0	4	0	0	0	0	0	0	0
ASV_2161	0	0	0	0	0	0	0	0	0	0	0	0	0	38	0	0	0	0	0	0	0	0	0	0	0	0	0	0	0	0	0	0	0	0	0
ASV_2162	0	0	0	0	0	0	0	0	0	0	0	0	0	0	38	0	0	0	0	0	0	0	0	0	0	0	0	0	0	0	0	0	0	0	0
ASV_2163	0	0	0	0	0	0	0	0	0	0	0	0	0	0	0	35	0	0	0	0	0	0	0	3	0	0	0	0	0	0	0	0	0	0	0
ASV_2164	0	0	0	0	0	0	0	0	0	0	0	0	0	0	0	0	38	0	0	0	0	0	0	0	0	0	0	0	0	0	0	0	0	0	0
ASV_2165	0	0	0	0	0	0	0	0	0	0	0	0	0	0	0	0	27	0	11	0	0	0	0	0	0	0	0	0	0	0	0	0	0	0	0
ASV_2166	0	0	0	0	0	0	0	0	0	0	0	0	0	0	0	0	0	17	0	0	21	0	0	0	0	0	0	0	0	0	0	0	0	0	0
ASV_2167	0	0	0	0	0	0	0	0	0	0	0	0	0	0	0	0	0	4	0	0	0	0	0	6	0	16	5	7	0	0	0	0	0	0	0
ASV_2168	0	0	0	0	0	0	0	0	0	0	0	0	0	0	0	0	0	0	0	13	0	25	0	0	0	0	0	0	0	0	0	0	0	0	0
ASV_2169	0	0	0	0	0	0	0	0	0	0	0	0	0	0	0	0	0	0	0	0	0	0	0	38	0	0	0	0	0	0	0	0	0	0	0
ASV_2170	13	0	0	0	0	0	3	0	0	0	0	0	0	0	0	0	0	0	0	0	15	0	0	0	0	6	0	0	0	0	0	0	0	0	0
ASV_2171	37	0	0	0	0	0	0	0	0	0	0	0	0	0	0	0	0	0	0	0	0	0	0	0	0	0	0	0	0	0	0	0	0	0	0
ASV_2172	0	26	0	0	0	0	0	0	0	0	0	0	6	0	0	0	0	0	0	0	5	0	0	0	0	0	0	0	0	0	0	0	0	0	0
ASV_2173	0	0	0	0	0	0	25	0	12	0	0	0	0	0	0	0	0	0	0	0	0	0	0	0	0	0	0	0	0	0	0	0	0	0	0
ASV_2174	0	0	0	0	0	0	0	4	0	6	0	0	0	0	9	0	0	0	0	0	0	0	0	0	0	0	18	0	0	0	0	0	0	0	0
ASV_2175	0	0	0	0	0	0	0	0	0	13	0	0	0	0	15	0	0	0	0	0	6	0	0	0	0	3	0	0	0	0	0	0	0	0	0
ASV_2176	0	0	0	0	0	0	0	0	0	0	0	0	0	0	0	25	0	0	0	0	0	0	0	12	0	0	0	0	0	0	0	0	0	0	0
ASV_2177	0	0	0	0	0	0	0	0	0	0	0	0	0	0	0	0	0	37	0	0	0	0	0	0	0	0	0	0	0	0	0	0	0	0	0
ASV_2178	0	0	0	0	0	0	0	0	0	0	0	0	0	0	0	0	0	37	0	0	0	0	0	0	0	0	0	0	0	0	0	0	0	0	0
ASV_2179	0	0	0	0	0	0	0	0	0	0	0	0	0	0	0	0	0	0	0	0	30	0	0	0	7	0	0	0	0	0	0	0	0	0	0
ASV_2180	0	0	0	0	0	0	0	0	0	0	0	0	0	0	0	0	0	0	0	0	0	0	0	37	0	0	0	0	0	0	0	0	0	0	0
ASV_2181	0	0	0	0	0	0	0	0	0	0	0	0	0	0	0	0	0	0	0	0	0	0	0	0	0	37	0	0	0	0	0	0	0	0	0
ASV_2182	0	0	0	0	0	0	0	0	0	0	0	0	0	0	0	0	0	0	0	0	0	0	0	0	0	0	37	0	0	0	0	0	0	0	0
ASV_2183	0	0	0	0	0	0	0	0	0	0	0	0	0	0	0	0	0	0	0	0	0	0	0	0	0	0	37	0	0	0	0	0	0	0	0
ASV_2184	0	0	0	0	0	0	0	0	0	0	0	0	0	0	0	0	0	0	0	0	0	0	0	0	0	0	0	0	37	0	0	0	0	0	0
ASV_2185	36	0	0	0	0	0	0	0	0	0	0	0	0	0	0	0	0	0	0	0	0	0	0	0	0	0	0	0	0	0	0	0	0	0	0
ASV_2186	0	6	0	0	0	0	0	0	0	9	0	0	0	0	0	0	0	0	6	0	0	0	0	0	0	0	0	0	0	0	15	0	0	0	0
ASV_2187	0	0	0	0	0	0	36	0	0	0	0	0	0	0	0	0	0	0	0	0	0	0	0	0	0	0	0	0	0	0	0	0	0	0	0
ASV_2188	0	0	0	0	0	0	20	0	0	0	16	0	0	0	0	0	0	0	0	0	0	0	0	0	0	0	0	0	0	0	0	0	0	0	0
ASV_2189	0	0	0	0	0	0	36	0	0	0	0	0	0	0	0	0	0	0	0	0	0	0	0	0	0	0	0	0	0	0	0	0	0	0	0
ASV_2190	0	0	0	0	0	0	18	0	0	18	0	0	0	0	0	0	0	0	0	0	0	0	0	0	0	0	0	0	0	0	0	0	0	0	0
ASV_2191	0	0	0	0	0	0	36	0	0	0	0	0	0	0	0	0	0	0	0	0	0	0	0	0	0	0	0	0	0	0	0	0	0	0	0
ASV_2192	0	0	0	0	0	0	13	0	0	7	0	0	0	0	0	0	0	0	0	0	0	0	0	0	0	0	0	0	0	8	0	0	8	0	0
ASV_2193	0	0	0	0	0	0	0	21	0	15	0	0	0	0	0	0	0	0	0	0	0	0	0	0	0	0	0	0	0	0	0	0	0	0	0
ASV_2194	0	0	0	0	0	0	0	0	36	0	0	0	0	0	0	0	0	0	0	0	0	0	0	0	0	0	0	0	0	0	0	0	0	0	0
ASV_2195	0	0	0	0	0	0	0	0	0	0	36	0	0	0	0	0	0	0	0	0	0	0	0	0	0	0	0	0	0	0	0	0	0	0	0
ASV_2196	0	0	0	0	0	0	0	0	0	0	2	0	0	0	0	24	0	0	10	0	0	0	0	0	0	0	0	0	0	0	0	0	0	0	0
ASV_2197	0	0	0	0	0	0	0	0	0	0	0	0	14	0	0	0	0	0	22	0	0	0	0	0	0	0	0	0	0	0	0	0	0	0	0
ASV_2198	0	0	0	0	0	0	0	0	0	0	0	0	0	0	0	0	10	6	0	0	0	0	0	12	0	0	8	0	0	0	0	0	0	0	0
ASV_2199	0	0	0	0	0	0	0	0	0	0	0	0	0	0	0	0	7	0	9	4	0	0	0	0	0	0	0	16	0	0	0	0	0	0	0
ASV_2200	0	0	0	0	0	0	0	0	0	0	0	0	0	0	0	0	4	0	0	0	0	0	0	11	0	11	0	0	10	0	0	0	0	0	0
ASV_2201	0	0	0	0	0	0	0	0	0	0	0	0	0	0	0	0	5	0	0	31	0	0	0	0	0	0	0	0	0	0	0	0	0	0	0
ASV_2202	0	0	0	0	0	0	0	0	0	0	0	0	0	0	0	0	0	36	0	0	0	0	0	0	0	0	0	0	0	0	0	0	0	0	0
ASV_2203	0	0	0	0	0	0	0	0	0	0	0	0	0	0	0	0	0	10	0	0	0	0	0	0	0	0	26	0	0	0	0	0	0	0	0
ASV_2204	0	0	0	0	0	0	0	0	0	0	0	0	0	0	0	0	0	0	0	25	0	11	0	0	0	0	0	0	0	0	0	0	0	0	0
ASV_2205	0	0	0	0	0	0	0	0	0	0	0	0	0	0	0	0	0	0	0	0	0	0	0	0	0	0	0	0	36	0	0	0	0	0	0
ASV_2206	0	0	0	0	0	0	0	0	0	0	0	0	0	0	0	0	0	0	0	0	0	0	0	0	0	0	0	0	0	25	0	0	11	0	0
ASV_2207	0	0	0	0	0	0	0	0	0	0	0	0	0	0	0	0	0	0	0	0	0	0	0	0	0	0	0	0	0	0	36	0	0	0	0
ASV_2208	10	0	0	0	0	0	21	0	0	4	0	0	0	0	0	0	0	0	0	0	0	0	0	0	0	0	0	0	0	0	0	0	0	0	0
ASV_2209	8	0	0	0	0	0	5	0	0	0	0	0	0	0	0	0	0	9	0	0	7	0	0	6	0	0	0	0	0	0	0	0	0	0	0
ASV_2210	0	10	4	0	0	0	0	0	0	0	7	0	0	0	0	0	0	0	0	9	0	0	0	3	0	0	0	2	0	0	0	0	0	0	0
ASV_2211	0	0	17	0	0	0	0	0	0	0	0	0	0	0	0	0	0	0	0	18	0	0	0	0	0	0	0	0	0	0	0	0	0	0	0
ASV_2212	0	0	13	0	0	0	0	0	0	8	0	0	0	0	0	0	0	0	14	0	0	0	0	0	0	0	0	0	0	0	0	0	0	0	0
ASV_2213	0	0	0	2	0	6	0	0	0	0	0	27	0	0	0	0	0	0	0	0	0	0	0	0	0	0	0	0	0	0	0	0	0	0	0
ASV_2214	0	0	0	0	0	0	0	24	0	0	0	0	0	0	0	0	0	0	0	0	0	11	0	0	0	0	0	0	0	0	0	0	0	0	0
ASV_2215	0	0	0	0	0	0	0	0	0	0	0	0	0	0	0	0	0	0	0	0	0	0	0	0	0	35	0	0	0	0	0	0	0	0	0
ASV_2216	0	0	0	0	0	0	0	0	0	0	0	0	0	0	0	0	0	0	0	0	0	0	0	0	0	0	35	0	0	0	0	0	0	0	0
ASV_2217	0	0	0	0	0	0	0	0	0	0	0	0	0	0	0	0	0	0	0	0	0	0	0	0	0	0	0	0	35	0	0	0	0	0	0
ASV_2218	0	0	0	0	0	0	0	0	0	0	0	0	0	0	0	0	0	0	0	0	0	0	0	0	0	0	0	0	0	0	0	35	0	0	0
ASV_2219	13	11	0	0	0	0	0	0	0	0	0	0	0	0	10	0	0	0	0	0	0	0	0	0	0	0	0	0	0	0	0	0	0	0	0
ASV_2220	14	0	0	0	0	0	0	0	0	0	0	0	0	0	0	0	0	0	0	14	6	0	0	0	0	0	0	0	0	0	0	0	0	0	0
ASV_2221	20	0	0	0	0	0	0	0	0	0	0	0	0	0	0	0	0	0	0	0	14	0	0	0	0	0	0	0	0	0	0	0	0	0	0
ASV_2222	0	0	5	0	0	0	0	11	0	0	0	0	4	0	0	4	0	0	0	7	0	0	0	3	0	0	0	0	0	0	0	0	0	0	0
ASV_2223	0	0	0	0	0	0	34	0	0	0	0	0	0	0	0	0	0	0	0	0	0	0	0	0	0	0	0	0	0	0	0	0	0	0	0
ASV_2224	0	0	0	0	0	0	0	34	0	0	0	0	0	0	0	0	0	0	0	0	0	0	0	0	0	0	0	0	0	0	0	0	0	0	0
ASV_2225	0	0	0	0	0	0	0	0	0	0	34	0	0	0	0	0	0	0	0	0	0	0	0	0	0	0	0	0	0	0	0	0	0	0	0
ASV_2226	0	0	0	0	0	0	0	0	0	0	0	0	12	0	0	0	0	0	0	0	0	0	0	0	0	0	0	0	22	0	0	0	0	0	0
ASV_2227	0	0	0	0	0	0	0	0	0	0	0	0	0	18	16	0	0	0	0	0	0	0	0	0	0	0	0	0	0	0	0	0	0	0	0
ASV_2228	0	0	0	0	0	0	0	0	0	0	0	0	0	0	19	0	0	15	0	0	0	0	0	0	0	0	0	0	0	0	0	0	0	0	0
ASV_2229	0	0	0	0	0	0	0	0	0	0	0	0	0	0	34	0	0	0	0	0	0	0	0	0	0	0	0	0	0	0	0	0	0	0	0
ASV_2230	0	0	0	0	0	0	0	0	0	0	0	0	0	0	0	6	0	11	0	0	0	0	0	12	0	5	0	0	0	0	0	0	0	0	0
ASV_2231	0	0	0	0	0	0	0	0	0	0	0	0	0	0	0	34	0	0	0	0	0	0	0	0	0	0	0	0	0	0	0	0	0	0	0
ASV_2232	0	0	0	0	0	0	0	0	0	0	0	0	0	0	0	34	0	0	0	0	0	0	0	0	0	0	0	0	0	0	0	0	0	0	0
ASV_2233	0	0	0	0	0	0	0	0	0	0	0	0	0	0	0	0	16	0	0	0	18	0	0	0	0	0	0	0	0	0	0	0	0	0	0
ASV_2234	0	0	0	0	0	0	0	0	0	0	0	0	0	0	0	0	0	0	0	34	0	0	0	0	0	0	0	0	0	0	0	0	0	0	0
ASV_2235	0	0	0	0	0	0	0	0	0	0	0	0	0	0	0	0	0	0	0	0	16	0	0	0	0	18	0	0	0	0	0	0	0	0	0
ASV_2236	0	0	0	0	0	0	0	0	0	0	0	0	0	0	0	0	0	0	0	0	0	0	0	0	0	34	0	0	0	0	0	0	0	0	0
ASV_2237	0	0	0	0	0	0	0	0	0	0	0	0	0	0	0	0	0	0	0	0	0	0	0	0	0	0	11	0	23	0	0	0	0	0	0
ASV_2238	0	0	0	0	0	0	0	0	0	0	0	0	0	0	0	0	0	0	0	0	0	0	0	0	0	0	0	0	0	16	0	0	18	0	0
ASV_2239	33	0	0	0	0	0	0	0	0	0	0	0	0	0	0	0	0	0	0	0	0	0	0	0	0	0	0	0	0	0	0	0	0	0	0
ASV_2240	19	0	0	0	0	0	0	0	0	0	0	0	0	0	0	0	0	0	0	14	0	0	0	0	0	0	0	0	0	0	0	0	0	0	0
ASV_2241	4	0	0	0	0	0	0	7	0	0	0	0	5	3	0	6	0	3	0	0	0	0	0	0	0	0	0	0	0	0	0	0	5	0	0
ASV_2242	0	0	0	0	0	0	7	0	0	0	0	0	0	0	0	0	0	0	0	5	0	0	0	6	0	0	15	0	0	0	0	0	0	0	0
ASV_2243	0	0	0	0	0	0	5	0	0	0	0	0	0	0	17	0	0	0	0	0	0	0	0	0	0	0	0	11	0	0	0	0	0	0	0
ASV_2244	0	0	0	0	0	0	33	0	0	0	0	0	0	0	0	0	0	0	0	0	0	0	0	0	0	0	0	0	0	0	0	0	0	0	0
ASV_2245	0	0	0	0	0	0	0	33	0	0	0	0	0	0	0	0	0	0	0	0	0	0	0	0	0	0	0	0	0	0	0	0	0	0	0
ASV_2246	0	0	0	0	0	0	0	0	20	0	0	0	0	0	0	0	0	0	0	0	13	0	0	0	0	0	0	0	0	0	0	0	0	0	0
ASV_2247	0	0	0	0	0	0	0	0	5	0	0	0	0	0	0	0	5	0	0	0	0	0	0	11	0	0	0	12	0	0	0	0	0	0	0
ASV_2248	0	0	0	0	0	0	0	0	0	0	18	0	0	0	0	0	0	0	0	0	0	0	0	0	0	0	0	0	0	0	0	15	0	0	0
ASV_2249	0	0	0	0	0	0	0	0	0	0	0	0	0	33	0	0	0	0	0	0	0	0	0	0	0	0	0	0	0	0	0	0	0	0	0
ASV_2250	0	0	0	0	0	0	0	0	0	0	0	0	0	0	10	0	0	0	0	12	0	0	0	0	0	0	0	0	0	0	0	11	0	0	0
ASV_2251	0	0	0	0	0	0	0	0	0	0	0	0	0	0	0	0	33	0	0	0	0	0	0	0	0	0	0	0	0	0	0	0	0	0	0
ASV_2252	0	0	0	0	0	0	0	0	0	0	0	0	0	0	0	0	14	0	0	0	0	0	0	19	0	0	0	0	0	0	0	0	0	0	0
ASV_2253	0	0	0	0	0	0	0	0	0	0	0	0	0	0	0	0	11	0	0	0	0	0	0	0	0	0	0	22	0	0	0	0	0	0	0
ASV_2254	0	0	0	0	0	0	0	0	0	0	0	0	0	0	0	0	33	0	0	0	0	0	0	0	0	0	0	0	0	0	0	0	0	0	0
ASV_2255	0	0	0	0	0	0	0	0	0	0	0	0	0	0	0	0	0	0	0	33	0	0	0	0	0	0	0	0	0	0	0	0	0	0	0
ASV_2256	0	0	0	0	0	0	0	0	0	0	0	0	0	0	0	0	0	0	0	0	33	0	0	0	0	0	0	0	0	0	0	0	0	0	0
ASV_2257	0	0	0	0	0	0	0	0	0	0	0	0	0	0	0	0	0	0	0	0	0	33	0	0	0	0	0	0	0	0	0	0	0	0	0
ASV_2258	0	0	0	0	0	0	0	0	0	0	0	0	0	0	0	0	0	0	0	0	0	0	0	0	0	0	0	0	0	0	0	33	0	0	0
ASV_2259	12	0	0	0	0	0	0	0	0	0	0	0	0	0	0	0	0	0	0	0	0	0	0	12	0	0	0	0	0	8	0	0	0	0	0
ASV_2260	10	0	0	0	0	0	0	0	0	0	0	0	22	0	0	0	0	0	0	0	0	0	0	0	0	0	0	0	0	0	0	0	0	0	0
ASV_2261	0	3	0	0	0	0	0	0	0	0	0	0	0	0	0	0	0	0	0	0	0	10	0	11	8	0	0	0	0	0	0	0	0	0	0
ASV_2262	0	0	32	0	0	0	0	0	0	0	0	0	0	0	0	0	0	0	0	0	0	0	0	0	0	0	0	0	0	0	0	0	0	0	0
ASV_2263	0	0	15	0	0	0	17	0	0	0	0	0	0	0	0	0	0	0	0	0	0	0	0	0	0	0	0	0	0	0	0	0	0	0	0
ASV_2264	0	0	12	0	0	0	0	0	0	0	0	0	0	0	0	0	0	0	0	0	0	0	0	0	0	0	20	0	0	0	0	0	0	0	0
ASV_2265	0	0	0	0	0	0	15	0	0	0	0	0	0	0	0	0	0	0	0	17	0	0	0	0	0	0	0	0	0	0	0	0	0	0	0
ASV_2266	0	0	0	0	0	0	0	16	0	0	0	0	0	0	0	0	0	0	0	0	0	0	0	0	0	0	0	0	0	0	0	0	16	0	0
ASV_2267	0	0	0	0	0	0	0	0	0	11	0	0	21	0	0	0	0	0	0	0	0	0	0	0	0	0	0	0	0	0	0	0	0	0	0
ASV_2268	0	0	0	0	0	0	0	0	0	0	0	0	18	0	0	14	0	0	0	0	0	0	0	0	0	0	0	0	0	0	0	0	0	0	0
ASV_2269	0	0	0	0	0	0	0	0	0	0	0	0	5	0	0	0	0	0	0	0	0	0	0	9	18	0	0	0	0	0	0	0	0	0	0
ASV_2270	0	0	0	0	0	0	0	0	0	0	0	0	32	0	0	0	0	0	0	0	0	0	0	0	0	0	0	0	0	0	0	0	0	0	0
ASV_2271	0	0	0	0	0	0	0	0	0	0	0	0	0	0	0	0	23	0	0	0	0	0	0	9	0	0	0	0	0	0	0	0	0	0	0
ASV_2272	0	0	0	0	0	0	0	0	0	0	0	0	0	0	0	0	0	0	0	32	0	0	0	0	0	0	0	0	0	0	0	0	0	0	0
ASV_2273	0	0	0	0	0	0	0	0	0	0	0	0	0	0	0	0	0	0	0	0	32	0	0	0	0	0	0	0	0	0	0	0	0	0	0
ASV_2274	0	0	0	0	0	0	0	0	0	0	0	0	0	0	0	0	0	0	0	0	0	32	0	0	0	0	0	0	0	0	0	0	0	0	0
ASV_2275	0	0	0	0	0	0	0	0	0	0	0	0	0	0	0	0	0	0	0	0	0	32	0	0	0	0	0	0	0	0	0	0	0	0	0
ASV_2276	0	0	0	0	0	0	12	0	0	0	0	0	0	0	0	0	0	0	0	0	0	0	0	0	0	0	0	0	0	0	0	19	0	0	0
ASV_2277	0	0	0	0	0	0	31	0	0	0	0	0	0	0	0	0	0	0	0	0	0	0	0	0	0	0	0	0	0	0	0	0	0	0	0
ASV_2278	0	0	0	0	0	0	0	8	0	0	0	0	0	0	7	0	0	0	0	0	0	0	0	0	0	0	0	0	0	0	0	0	16	0	0
ASV_2279	0	0	0	0	0	0	0	0	0	31	0	0	0	0	0	0	0	0	0	0	0	0	0	0	0	0	0	0	0	0	0	0	0	0	0
ASV_2280	0	0	0	0	0	0	0	0	0	0	31	0	0	0	0	0	0	0	0	0	0	0	0	0	0	0	0	0	0	0	0	0	0	0	0
ASV_2281	0	0	0	0	0	0	0	0	0	0	0	0	31	0	0	0	0	0	0	0	0	0	0	0	0	0	0	0	0	0	0	0	0	0	0
ASV_2282	0	0	0	0	0	0	0	0	0	0	0	0	0	0	0	4	15	0	0	0	0	0	0	0	12	0	0	0	0	0	0	0	0	0	0
ASV_2283	0	0	0	0	0	0	0	0	0	0	0	0	0	0	0	0	0	4	6	11	0	0	0	0	0	0	5	0	0	0	0	0	5	0	0
ASV_2284	0	0	0	0	0	0	0	0	0	0	0	0	0	0	0	0	0	0	0	9	0	0	0	0	0	0	0	0	0	0	0	0	22	0	0
ASV_2285	0	0	0	0	0	0	0	0	0	0	0	0	0	0	0	0	0	0	0	7	0	0	0	5	0	9	10	0	0	0	0	0	0	0	0
ASV_2286	0	0	0	0	0	0	0	0	0	0	0	0	0	0	0	0	0	0	0	0	0	0	0	0	0	0	0	0	0	8	0	23	0	0	0
ASV_2287	0	0	0	0	0	0	0	0	0	0	0	0	0	0	0	0	0	0	0	0	0	0	0	0	0	0	0	0	0	0	0	0	31	0	0
ASV_2288	19	0	0	0	0	0	0	0	0	0	0	0	0	0	0	0	0	0	0	11	0	0	0	0	0	0	0	0	0	0	0	0	0	0	0
ASV_2289	21	0	0	0	0	0	0	0	0	0	0	0	0	0	0	0	0	0	0	0	0	0	0	0	0	0	0	9	0	0	0	0	0	0	0
ASV_2290	18	0	0	0	0	0	0	0	0	0	0	0	0	0	0	0	0	0	0	0	0	0	0	0	0	0	12	0	0	0	0	0	0	0	0
ASV_2291	0	0	14	0	0	0	0	0	0	0	0	0	0	0	10	0	0	0	0	0	0	6	0	0	0	0	0	0	0	0	0	0	0	0	0
ASV_2292	0	0	0	0	0	0	9	0	5	0	0	0	0	16	0	0	0	0	0	0	0	0	0	0	0	0	0	0	0	0	0	0	0	0	0
ASV_2293	0	0	0	0	0	0	16	0	0	0	0	0	0	0	0	14	0	0	0	0	0	0	0	0	0	0	0	0	0	0	0	0	0	0	0
ASV_2294	0	0	0	0	0	0	0	24	0	0	0	0	0	0	0	0	0	0	0	0	0	0	0	0	0	0	0	0	0	0	0	6	0	0	0
ASV_2295	0	0	0	0	0	0	0	30	0	0	0	0	0	0	0	0	0	0	0	0	0	0	0	0	0	0	0	0	0	0	0	0	0	0	0
ASV_2296	0	0	0	0	0	0	0	9	0	0	0	0	0	0	0	0	0	0	0	0	0	0	0	0	12	0	0	0	0	0	0	9	0	0	0
ASV_2297	0	0	0	0	0	0	0	0	0	0	0	0	19	5	0	6	0	0	0	0	0	0	0	0	0	0	0	0	0	0	0	0	0	0	0
ASV_2298	0	0	0	0	0	0	0	0	0	0	0	0	30	0	0	0	0	0	0	0	0	0	0	0	0	0	0	0	0	0	0	0	0	0	0
ASV_2299	0	0	0	0	0	0	0	0	0	0	0	0	5	9	0	0	0	0	0	0	3	0	0	0	6	7	0	0	0	0	0	0	0	0	0
ASV_2300	0	0	0	0	0	0	0	0	0	0	0	0	0	0	0	10	0	4	0	0	16	0	0	0	0	0	0	0	0	0	0	0	0	0	0
ASV_2301	0	0	0	0	0	0	0	0	0	0	0	0	0	0	0	14	0	16	0	0	0	0	0	0	0	0	0	0	0	0	0	0	0	0	0
ASV_2302	0	0	0	0	0	0	0	0	0	0	0	0	0	0	0	30	0	0	0	0	0	0	0	0	0	0	0	0	0	0	0	0	0	0	0
ASV_2303	0	0	0	0	0	0	0	0	0	0	0	0	0	0	0	0	20	0	0	0	0	0	0	10	0	0	0	0	0	0	0	0	0	0	0
ASV_2304	0	0	0	0	0	0	0	0	0	0	0	0	0	0	0	0	7	0	0	0	0	0	0	18	0	0	0	5	0	0	0	0	0	0	0
ASV_2305	0	0	0	0	0	0	0	0	0	0	0	0	0	0	0	0	0	3	0	12	9	0	0	0	0	0	6	0	0	0	0	0	0	0	0
ASV_2306	0	0	0	0	0	0	0	0	0	0	0	0	0	0	0	0	0	0	30	0	0	0	0	0	0	0	0	0	0	0	0	0	0	0	0
ASV_2307	0	0	0	0	0	0	0	0	0	0	0	0	0	0	0	0	0	0	0	30	0	0	0	0	0	0	0	0	0	0	0	0	0	0	0
ASV_2308	0	0	0	0	0	0	0	0	0	0	0	0	0	0	0	0	0	0	0	30	0	0	0	0	0	0	0	0	0	0	0	0	0	0	0
ASV_2309	0	0	0	0	0	0	0	0	0	0	0	0	0	0	0	0	0	0	0	0	0	0	0	0	0	30	0	0	0	0	0	0	0	0	0
ASV_2310	0	0	0	0	0	0	0	0	0	0	0	0	0	0	0	0	0	0	0	0	0	0	0	0	0	0	0	10	20	0	0	0	0	0	0
ASV_2311	0	0	0	0	0	0	0	0	0	0	0	0	0	0	0	0	0	0	0	0	0	0	0	0	0	0	0	0	30	0	0	0	0	0	0
ASV_2312	0	0	0	0	0	0	0	0	0	0	0	0	0	0	0	0	0	0	0	0	0	0	0	0	0	0	0	0	0	0	0	30	0	0	0
ASV_2313	11	0	0	0	0	0	0	18	0	0	0	0	0	0	0	0	0	0	0	0	0	0	0	0	0	0	0	0	0	0	0	0	0	0	0
ASV_2314	6	0	0	0	0	0	0	0	0	0	0	0	0	0	0	0	0	0	0	3	20	0	0	0	0	0	0	0	0	0	0	0	0	0	0
ASV_2315	0	0	13	0	0	0	0	0	0	0	0	0	0	0	0	0	0	0	0	0	0	0	0	0	0	0	0	0	0	0	0	0	16	0	0
ASV_2316	0	0	0	0	0	0	5	0	0	0	0	0	0	0	0	0	24	0	0	0	0	0	0	0	0	0	0	0	0	0	0	0	0	0	0
ASV_2317	0	0	0	0	0	0	0	0	0	0	29	0	0	0	0	0	0	0	0	0	0	0	0	0	0	0	0	0	0	0	0	0	0	0	0
ASV_2318	0	0	0	0	0	0	0	0	0	0	0	0	29	0	0	0	0	0	0	0	0	0	0	0	0	0	0	0	0	0	0	0	0	0	0
ASV_2319	0	0	0	0	0	0	0	0	0	0	0	0	0	29	0	0	0	0	0	0	0	0	0	0	0	0	0	0	0	0	0	0	0	0	0
ASV_2320	0	0	0	0	0	0	0	0	0	0	0	0	0	0	0	29	0	0	0	0	0	0	0	0	0	0	0	0	0	0	0	0	0	0	0
ASV_2321	0	0	0	0	0	0	0	0	0	0	0	0	0	0	0	6	0	8	0	0	2	0	0	7	0	0	0	4	0	0	2	0	0	0	0
ASV_2322	0	0	0	0	0	0	0	0	0	0	0	0	0	0	0	0	29	0	0	0	0	0	0	0	0	0	0	0	0	0	0	0	0	0	0
ASV_2323	0	0	0	0	0	0	0	0	0	0	0	0	0	0	0	0	13	0	0	0	0	0	0	0	0	0	0	16	0	0	0	0	0	0	0
ASV_2324	0	0	0	0	0	0	0	0	0	0	0	0	0	0	0	0	9	0	0	0	0	0	0	20	0	0	0	0	0	0	0	0	0	0	0
ASV_2325	0	0	0	0	0	0	0	0	0	0	0	0	0	0	0	0	0	29	0	0	0	0	0	0	0	0	0	0	0	0	0	0	0	0	0
ASV_2326	0	0	0	0	0	0	0	0	0	0	0	0	0	0	0	0	0	29	0	0	0	0	0	0	0	0	0	0	0	0	0	0	0	0	0
ASV_2327	0	0	0	0	0	0	0	0	0	0	0	0	0	0	0	0	0	0	0	0	0	20	0	0	0	0	9	0	0	0	0	0	0	0	0
ASV_2328	0	0	0	0	0	0	0	0	0	0	0	0	0	0	0	0	0	0	0	0	0	29	0	0	0	0	0	0	0	0	0	0	0	0	0
ASV_2329	0	0	0	0	0	0	0	0	0	0	0	0	0	0	0	0	0	0	0	0	0	0	0	16	0	13	0	0	0	0	0	0	0	0	0
ASV_2330	0	0	0	0	0	0	0	0	0	0	0	0	0	0	0	0	0	0	0	0	0	0	0	29	0	0	0	0	0	0	0	0	0	0	0
ASV_2331	0	0	0	0	0	0	0	0	0	0	0	0	0	0	0	0	0	0	0	0	0	0	0	0	29	0	0	0	0	0	0	0	0	0	0
ASV_2332	0	0	0	0	0	0	0	0	0	0	0	0	0	0	0	0	0	0	0	0	0	0	0	0	0	0	0	29	0	0	0	0	0	0	0
ASV_2333	0	0	0	0	0	0	0	0	0	0	0	0	0	0	0	0	0	0	0	0	0	0	0	0	0	0	0	29	0	0	0	0	0	0	0
ASV_2334	0	0	0	0	0	0	0	0	0	0	0	0	0	0	0	0	0	0	0	0	0	0	0	0	0	0	0	0	29	0	0	0	0	0	0
ASV_2335	0	0	0	0	0	0	0	0	0	0	0	0	0	0	0	0	0	0	0	0	0	0	0	0	0	0	0	0	0	29	0	0	0	0	0
ASV_2336	11	0	0	0	0	0	0	0	0	0	0	0	0	0	0	0	0	0	0	7	0	0	0	0	0	0	10	0	0	0	0	0	0	0	0
ASV_2337	4	0	0	0	0	0	3	2	0	0	0	0	0	0	3	0	0	0	0	3	0	0	0	0	3	2	0	5	0	0	0	3	0	0	0
ASV_2338	0	3	0	0	0	0	3	3	0	9	0	0	0	0	0	0	0	0	0	0	0	0	0	0	2	0	0	0	0	2	3	0	3	0	0
ASV_2339	0	28	0	0	0	0	0	0	0	0	0	0	0	0	0	0	0	0	0	0	0	0	0	0	0	0	0	0	0	0	0	0	0	0	0
ASV_2340	0	0	0	0	0	0	28	0	0	0	0	0	0	0	0	0	0	0	0	0	0	0	0	0	0	0	0	0	0	0	0	0	0	0	0
ASV_2341	0	0	0	0	0	0	28	0	0	0	0	0	0	0	0	0	0	0	0	0	0	0	0	0	0	0	0	0	0	0	0	0	0	0	0
ASV_2342	0	0	0	0	0	0	0	21	0	0	0	0	0	0	0	0	0	0	0	0	0	0	0	0	0	0	0	0	7	0	0	0	0	0	0
ASV_2343	0	0	0	0	0	0	0	7	0	0	0	0	0	0	4	0	0	0	0	0	9	0	0	0	0	8	0	0	0	0	0	0	0	0	0
ASV_2344	0	0	0	0	0	0	0	0	0	4	0	0	0	0	0	0	0	0	6	6	0	0	0	6	0	0	0	0	0	6	0	0	0	0	0
ASV_2345	0	0	0	0	0	0	0	0	0	0	28	0	0	0	0	0	0	0	0	0	0	0	0	0	0	0	0	0	0	0	0	0	0	0	0
ASV_2346	0	0	0	0	0	0	0	0	0	0	0	0	6	0	0	13	0	0	0	0	0	0	0	0	0	0	0	9	0	0	0	0	0	0	0
ASV_2347	0	0	0	0	0	0	0	0	0	0	0	0	0	0	0	11	0	0	0	0	0	17	0	0	0	0	0	0	0	0	0	0	0	0	0
ASV_2348	0	0	0	0	0	0	0	0	0	0	0	0	0	0	0	10	0	0	0	18	0	0	0	0	0	0	0	0	0	0	0	0	0	0	0
ASV_2349	0	0	0	0	0	0	0	0	0	0	0	0	0	0	0	19	0	9	0	0	0	0	0	0	0	0	0	0	0	0	0	0	0	0	0
ASV_2350	0	0	0	0	0	0	0	0	0	0	0	0	0	0	0	0	14	0	0	0	0	0	0	0	0	0	14	0	0	0	0	0	0	0	0
ASV_2351	0	0	0	0	0	0	0	0	0	0	0	0	0	0	0	0	28	0	0	0	0	0	0	0	0	0	0	0	0	0	0	0	0	0	0
ASV_2352	0	0	0	0	0	0	0	0	0	0	0	0	0	0	0	0	0	28	0	0	0	0	0	0	0	0	0	0	0	0	0	0	0	0	0
ASV_2353	0	0	0	0	0	0	0	0	0	0	0	0	0	0	0	0	0	19	0	0	0	0	0	0	0	0	0	0	9	0	0	0	0	0	0
ASV_2354	0	0	0	0	0	0	0	0	0	0	0	0	0	0	0	0	0	12	0	0	10	0	0	0	0	0	0	0	0	0	0	0	6	0	0
ASV_2355	0	0	0	0	0	0	0	0	0	0	0	0	0	0	0	0	0	0	0	18	0	0	0	0	0	0	0	10	0	0	0	0	0	0	0
ASV_2356	0	0	0	0	0	0	0	0	0	0	0	0	0	0	0	0	0	0	0	0	28	0	0	0	0	0	0	0	0	0	0	0	0	0	0
ASV_2357	0	0	0	0	0	0	0	0	0	0	0	0	0	0	0	0	0	0	0	0	0	0	0	0	0	0	0	0	0	28	0	0	0	0	0
ASV_2358	0	14	0	0	0	0	0	7	0	0	0	0	0	0	0	0	0	0	0	0	0	0	0	0	0	0	0	0	0	0	6	0	0	0	0
ASV_2359	0	4	0	0	0	0	0	0	0	0	9	0	0	0	7	0	0	0	0	0	0	0	0	0	0	7	0	0	0	0	0	0	0	0	0
ASV_2360	0	5	0	0	0	0	0	6	0	0	0	0	0	3	0	0	0	0	0	0	0	0	0	0	0	9	0	0	4	0	0	0	0	0	0
ASV_2361	0	5	0	0	0	0	0	0	0	13	0	0	0	0	0	0	9	0	0	0	0	0	0	0	0	0	0	0	0	0	0	0	0	0	0
ASV_2362	0	4	0	0	0	0	0	0	0	5	0	0	0	0	0	0	0	0	0	2	5	0	0	0	0	0	3	0	0	3	0	5	0	0	0
ASV_2363	0	0	0	0	0	0	0	12	0	0	0	0	0	0	0	0	0	0	0	0	0	0	0	10	0	5	0	0	0	0	0	0	0	0	0
ASV_2364	0	0	0	0	0	0	0	7	0	0	0	0	0	0	0	0	0	0	0	0	0	0	0	0	0	20	0	0	0	0	0	0	0	0	0
ASV_2365	0	0	0	0	0	0	0	0	27	0	0	0	0	0	0	0	0	0	0	0	0	0	0	0	0	0	0	0	0	0	0	0	0	0	0
ASV_2366	0	0	0	0	0	0	0	0	3	0	0	0	0	19	0	0	0	0	0	0	0	5	0	0	0	0	0	0	0	0	0	0	0	0	0
ASV_2367	0	0	0	0	0	0	0	0	0	0	0	0	17	0	0	0	6	0	0	0	0	0	0	0	0	0	0	4	0	0	0	0	0	0	0
ASV_2368	0	0	0	0	0	0	0	0	0	0	0	0	0	0	0	27	0	0	0	0	0	0	0	0	0	0	0	0	0	0	0	0	0	0	0
ASV_2369	0	0	0	0	0	0	0	0	0	0	0	0	0	0	0	0	19	0	0	0	0	8	0	0	0	0	0	0	0	0	0	0	0	0	0
ASV_2370	0	0	0	0	0	0	0	0	0	0	0	0	0	0	0	0	0	27	0	0	0	0	0	0	0	0	0	0	0	0	0	0	0	0	0
ASV_2371	0	0	0	0	0	0	0	0	0	0	0	0	0	0	0	0	0	0	17	0	0	0	0	0	0	10	0	0	0	0	0	0	0	0	0
ASV_2372	0	0	0	0	0	0	0	0	0	0	0	0	0	0	0	0	0	0	0	9	0	0	0	0	0	0	0	0	0	0	0	0	18	0	0
ASV_2373	0	0	0	0	0	0	0	0	0	0	0	0	0	0	0	0	0	0	0	0	27	0	0	0	0	0	0	0	0	0	0	0	0	0	0
ASV_2374	0	0	0	0	0	0	0	0	0	0	0	0	0	0	0	0	0	0	0	0	0	27	0	0	0	0	0	0	0	0	0	0	0	0	0
ASV_2375	0	0	0	0	0	0	0	0	0	0	0	0	0	0	0	0	0	0	0	0	0	9	0	15	0	0	0	0	0	3	0	0	0	0	0
ASV_2376	0	0	0	0	0	0	0	0	0	0	0	0	0	0	0	0	0	0	0	0	0	0	0	0	0	0	0	27	0	0	0	0	0	0	0
ASV_2377	0	0	0	0	0	0	0	0	0	0	0	0	0	0	0	0	0	0	0	0	0	0	0	0	0	0	0	27	0	0	0	0	0	0	0
ASV_2378	0	0	0	0	0	0	0	0	0	0	0	0	0	0	0	0	0	0	0	0	0	0	0	0	0	0	0	0	0	27	0	0	0	0	0
ASV_2379	9	0	0	0	0	0	0	0	0	0	0	0	0	0	0	0	0	0	0	0	12	0	0	0	0	0	0	0	0	0	0	5	0	0	0
ASV_2380	0	0	16	0	0	0	0	0	0	0	0	0	0	0	0	0	0	0	0	0	0	0	0	10	0	0	0	0	0	0	0	0	0	0	0
ASV_2381	0	0	26	0	0	0	0	0	0	0	0	0	0	0	0	0	0	0	0	0	0	0	0	0	0	0	0	0	0	0	0	0	0	0	0
ASV_2382	0	0	8	0	0	0	0	0	0	0	5	0	0	13	0	0	0	0	0	0	0	0	0	0	0	0	0	0	0	0	0	0	0	0	0
ASV_2383	0	0	0	0	26	0	0	0	0	0	0	0	0	0	0	0	0	0	0	0	0	0	0	0	0	0	0	0	0	0	0	0	0	0	0
ASV_2384	0	0	0	0	0	0	0	14	0	0	0	0	0	0	0	4	0	0	0	0	8	0	0	0	0	0	0	0	0	0	0	0	0	0	0
ASV_2385	0	0	0	0	0	0	0	0	26	0	0	0	0	0	0	0	0	0	0	0	0	0	0	0	0	0	0	0	0	0	0	0	0	0	0
ASV_2386	0	0	0	0	0	0	0	0	6	0	0	0	0	0	0	0	0	20	0	0	0	0	0	0	0	0	0	0	0	0	0	0	0	0	0
ASV_2387	0	0	0	0	0	0	0	0	0	0	9	0	0	0	0	0	0	0	0	0	0	17	0	0	0	0	0	0	0	0	0	0	0	0	0
ASV_2388	0	0	0	0	0	0	0	0	0	0	0	0	0	26	0	0	0	0	0	0	0	0	0	0	0	0	0	0	0	0	0	0	0	0	0
ASV_2389	0	0	0	0	0	0	0	0	0	0	0	0	0	0	17	9	0	0	0	0	0	0	0	0	0	0	0	0	0	0	0	0	0	0	0
ASV_2390	0	0	0	0	0	0	0	0	0	0	0	0	0	0	0	7	0	3	0	0	13	0	0	3	0	0	0	0	0	0	0	0	0	0	0
ASV_2391	0	0	0	0	0	0	0	0	0	0	0	0	0	0	0	5	0	0	0	0	0	14	0	0	0	0	7	0	0	0	0	0	0	0	0
ASV_2392	0	0	0	0	0	0	0	0	0	0	0	0	0	0	0	26	0	0	0	0	0	0	0	0	0	0	0	0	0	0	0	0	0	0	0
ASV_2393	0	0	0	0	0	0	0	0	0	0	0	0	0	0	0	0	0	26	0	0	0	0	0	0	0	0	0	0	0	0	0	0	0	0	0
ASV_2394	0	0	0	0	0	0	0	0	0	0	0	0	0	0	0	0	0	15	0	0	11	0	0	0	0	0	0	0	0	0	0	0	0	0	0
ASV_2395	0	0	0	0	0	0	0	0	0	0	0	0	0	0	0	0	0	0	0	8	0	0	0	18	0	0	0	0	0	0	0	0	0	0	0
ASV_2396	0	0	0	0	0	0	0	0	0	0	0	0	0	0	0	0	0	0	0	0	0	26	0	0	0	0	0	0	0	0	0	0	0	0	0
ASV_2397	0	0	0	0	0	0	0	0	0	0	0	0	0	0	0	0	0	0	0	0	0	0	0	0	0	0	0	26	0	0	0	0	0	0	0
ASV_2398	0	0	0	0	0	0	0	0	0	0	0	0	0	0	0	0	0	0	0	0	0	0	0	0	0	0	0	0	0	0	26	0	0	0	0
ASV_2399	0	0	0	0	0	0	0	0	0	0	0	0	0	0	0	0	0	0	0	0	0	0	0	0	0	0	0	0	0	0	26	0	0	0	0
ASV_2400	6	0	0	0	0	0	0	7	4	0	0	0	0	0	0	0	0	0	0	0	0	0	0	8	0	0	0	0	0	0	0	0	0	0	0
ASV_2401	0	15	0	0	0	0	0	0	0	0	10	0	0	0	0	0	0	0	0	0	0	0	0	0	0	0	0	0	0	0	0	0	0	0	0
ASV_2402	0	4	0	0	0	0	4	0	0	0	0	0	0	11	0	0	0	0	0	0	6	0	0	0	0	0	0	0	0	0	0	0	0	0	0
ASV_2403	0	0	16	0	0	0	0	0	0	0	0	0	0	0	0	0	0	0	0	0	0	0	0	0	0	0	0	0	0	0	0	9	0	0	0
ASV_2404	0	0	0	0	0	0	13	0	0	0	0	0	0	0	0	0	0	0	0	0	0	0	0	0	0	0	0	0	12	0	0	0	0	0	0
ASV_2405	0	0	0	0	0	0	0	0	25	0	0	0	0	0	0	0	0	0	0	0	0	0	0	0	0	0	0	0	0	0	0	0	0	0	0
ASV_2406	0	0	0	0	0	0	0	0	7	0	0	0	5	0	0	0	0	0	0	0	0	0	0	13	0	0	0	0	0	0	0	0	0	0	0
ASV_2407	0	0	0	0	0	0	0	0	0	0	0	0	21	0	0	0	0	0	0	0	0	0	0	0	0	0	0	0	0	4	0	0	0	0	0
ASV_2408	0	0	0	0	0	0	0	0	0	0	0	0	0	0	25	0	0	0	0	0	0	0	0	0	0	0	0	0	0	0	0	0	0	0	0
ASV_2409	0	0	0	0	0	0	0	0	0	0	0	0	0	0	0	5	0	0	0	0	20	0	0	0	0	0	0	0	0	0	0	0	0	0	0
ASV_2410	0	0	0	0	0	0	0	0	0	0	0	0	0	0	0	5	0	0	0	0	0	0	0	6	0	0	0	0	0	14	0	0	0	0	0
ASV_2411	0	0	0	0	0	0	0	0	0	0	0	0	0	0	0	0	25	0	0	0	0	0	0	0	0	0	0	0	0	0	0	0	0	0	0
ASV_2412	0	0	0	0	0	0	0	0	0	0	0	0	0	0	0	0	16	0	0	0	0	0	0	0	0	9	0	0	0	0	0	0	0	0	0
ASV_2413	0	0	0	0	0	0	0	0	0	0	0	0	0	0	0	0	8	0	0	0	0	0	0	17	0	0	0	0	0	0	0	0	0	0	0
ASV_2414	0	0	0	0	0	0	0	0	0	0	0	0	0	0	0	0	0	25	0	0	0	0	0	0	0	0	0	0	0	0	0	0	0	0	0
ASV_2415	0	0	0	0	0	0	0	0	0	0	0	0	0	0	0	0	0	0	0	20	0	0	0	0	0	0	0	0	0	0	0	5	0	0	0
ASV_2416	0	0	0	0	0	0	0	0	0	0	0	0	0	0	0	0	0	0	0	25	0	0	0	0	0	0	0	0	0	0	0	0	0	0	0
ASV_2417	0	0	0	0	0	0	0	0	0	0	0	0	0	0	0	0	0	0	0	0	25	0	0	0	0	0	0	0	0	0	0	0	0	0	0
ASV_2418	0	0	0	0	0	0	0	0	0	0	0	0	0	0	0	0	0	0	0	0	25	0	0	0	0	0	0	0	0	0	0	0	0	0	0
ASV_2419	0	0	0	0	0	0	0	0	0	0	0	0	0	0	0	0	0	0	0	0	0	0	0	0	0	0	25	0	0	0	0	0	0	0	0
ASV_2420	0	0	0	0	0	0	0	0	0	0	0	0	0	0	0	0	0	0	0	0	0	0	0	0	0	0	25	0	0	0	0	0	0	0	0
ASV_2421	24	0	0	0	0	0	0	0	0	0	0	0	0	0	0	0	0	0	0	0	0	0	0	0	0	0	0	0	0	0	0	0	0	0	0
ASV_2422	9	0	0	0	0	0	0	0	0	0	0	0	15	0	0	0	0	0	0	0	0	0	0	0	0	0	0	0	0	0	0	0	0	0	0
ASV_2423	8	9	0	0	0	0	0	0	7	0	0	0	0	0	0	0	0	0	0	0	0	0	0	0	0	0	0	0	0	0	0	0	0	0	0
ASV_2424	24	0	0	0	0	0	0	0	0	0	0	0	0	0	0	0	0	0	0	0	0	0	0	0	0	0	0	0	0	0	0	0	0	0	0
ASV_2425	0	5	4	0	0	0	4	0	0	0	0	0	2	0	0	0	0	0	0	5	4	0	0	0	0	0	0	0	0	0	0	0	0	0	0
ASV_2426	0	11	0	0	0	0	0	0	0	0	0	0	0	0	0	0	0	0	0	0	0	13	0	0	0	0	0	0	0	0	0	0	0	0	0
ASV_2427	0	4	0	0	0	0	0	0	0	0	0	0	0	0	0	0	0	0	0	0	0	0	0	6	0	7	0	0	4	3	0	0	0	0	0
ASV_2428	0	0	0	0	0	0	17	0	0	0	0	0	0	0	0	0	7	0	0	0	0	0	0	0	0	0	0	0	0	0	0	0	0	0	0
ASV_2429	0	0	0	0	0	0	16	0	0	0	0	0	0	0	0	0	0	0	0	0	0	0	0	8	0	0	0	0	0	0	0	0	0	0	0
ASV_2430	0	0	0	0	0	0	9	0	0	11	0	0	0	0	0	0	0	0	0	0	0	0	0	0	0	2	0	0	0	0	0	0	0	0	2
ASV_2431	0	0	0	0	0	0	0	8	0	0	0	0	0	0	0	0	0	0	0	16	0	0	0	0	0	0	0	0	0	0	0	0	0	0	0
ASV_2432	0	0	0	0	0	0	0	0	0	0	0	0	15	0	0	0	0	0	0	9	0	0	0	0	0	0	0	0	0	0	0	0	0	0	0
ASV_2433	0	0	0	0	0	0	0	0	0	0	0	0	24	0	0	0	0	0	0	0	0	0	0	0	0	0	0	0	0	0	0	0	0	0	0
ASV_2434	0	0	0	0	0	0	0	0	0	0	0	0	24	0	0	0	0	0	0	0	0	0	0	0	0	0	0	0	0	0	0	0	0	0	0
ASV_2435	0	0	0	0	0	0	0	0	0	0	0	0	10	0	0	0	0	0	0	0	0	0	0	0	0	14	0	0	0	0	0	0	0	0	0
ASV_2436	0	0	0	0	0	0	0	0	0	0	0	0	0	0	24	0	0	0	0	0	0	0	0	0	0	0	0	0	0	0	0	0	0	0	0
ASV_2437	0	0	0	0	0	0	0	0	0	0	0	0	0	0	0	0	24	0	0	0	0	0	0	0	0	0	0	0	0	0	0	0	0	0	0
ASV_2438	0	0	0	0	0	0	0	0	0	0	0	0	0	0	0	0	5	0	0	0	8	0	0	3	0	0	8	0	0	0	0	0	0	0	0
ASV_2439	0	0	0	0	0	0	0	0	0	0	0	0	0	0	0	0	0	24	0	0	0	0	0	0	0	0	0	0	0	0	0	0	0	0	0
ASV_2440	0	0	0	0	0	0	0	0	0	0	0	0	0	0	0	0	0	0	4	0	0	0	0	0	0	0	0	0	20	0	0	0	0	0	0
ASV_2441	0	0	0	0	0	0	0	0	0	0	0	0	0	0	0	0	0	0	0	24	0	0	0	0	0	0	0	0	0	0	0	0	0	0	0
ASV_2442	0	0	0	0	0	0	0	0	0	0	0	0	0	0	0	0	0	0	0	0	0	0	0	0	0	0	0	24	0	0	0	0	0	0	0
ASV_2443	0	0	0	0	0	0	0	0	0	0	0	0	0	0	0	0	0	0	0	0	0	0	0	0	0	0	0	0	0	24	0	0	0	0	0
ASV_2444	23	0	0	0	0	0	0	0	0	0	0	0	0	0	0	0	0	0	0	0	0	0	0	0	0	0	0	0	0	0	0	0	0	0	0
ASV_2445	18	0	0	0	0	0	0	5	0	0	0	0	0	0	0	0	0	0	0	0	0	0	0	0	0	0	0	0	0	0	0	0	0	0	0
ASV_2446	0	3	0	0	0	0	0	0	0	0	0	9	0	0	0	0	0	0	0	0	0	0	7	0	0	0	0	0	0	0	0	0	0	4	0
ASV_2447	0	0	0	0	0	23	0	0	0	0	0	0	0	0	0	0	0	0	0	0	0	0	0	0	0	0	0	0	0	0	0	0	0	0	0
ASV_2448	0	0	0	0	0	0	23	0	0	0	0	0	0	0	0	0	0	0	0	0	0	0	0	0	0	0	0	0	0	0	0	0	0	0	0
ASV_2449	0	0	0	0	0	0	0	8	0	0	0	0	0	0	0	0	0	0	0	0	0	0	0	0	0	15	0	0	0	0	0	0	0	0	0
ASV_2450	0	0	0	0	0	0	0	0	23	0	0	0	0	0	0	0	0	0	0	0	0	0	0	0	0	0	0	0	0	0	0	0	0	0	0
ASV_2451	0	0	0	0	0	0	0	0	3	0	0	0	0	0	0	3	3	0	0	0	0	0	0	14	0	0	0	0	0	0	0	0	0	0	0
ASV_2452	0	0	0	0	0	0	0	0	14	0	0	0	0	0	0	0	0	9	0	0	0	0	0	0	0	0	0	0	0	0	0	0	0	0	0
ASV_2453	0	0	0	0	0	0	0	0	0	0	0	23	0	0	0	0	0	0	0	0	0	0	0	0	0	0	0	0	0	0	0	0	0	0	0
ASV_2454	0	0	0	0	0	0	0	0	0	0	0	8	0	0	0	0	0	0	0	0	0	0	0	0	0	0	0	0	0	0	0	0	0	15	0
ASV_2455	0	0	0	0	0	0	0	0	0	0	0	0	23	0	0	0	0	0	0	0	0	0	0	0	0	0	0	0	0	0	0	0	0	0	0
ASV_2456	0	0	0	0	0	0	0	0	0	0	0	0	0	0	0	0	0	0	23	0	0	0	0	0	0	0	0	0	0	0	0	0	0	0	0
ASV_2457	0	0	0	0	0	0	0	0	0	0	0	0	0	0	0	0	0	0	0	23	0	0	0	0	0	0	0	0	0	0	0	0	0	0	0
ASV_2458	0	0	0	0	0	0	0	0	0	0	0	0	0	0	0	0	0	0	0	0	23	0	0	0	0	0	0	0	0	0	0	0	0	0	0
ASV_2459	0	0	0	0	0	0	0	0	0	0	0	0	0	0	0	0	0	0	0	0	0	0	0	20	0	0	0	0	0	0	3	0	0	0	0
ASV_2460	0	0	0	0	0	0	0	0	0	0	0	0	0	0	0	0	0	0	0	0	0	0	0	23	0	0	0	0	0	0	0	0	0	0	0
ASV_2461	0	0	0	0	0	0	0	0	0	0	0	0	0	0	0	0	0	0	0	0	0	0	0	0	0	23	0	0	0	0	0	0	0	0	0
ASV_2462	0	0	0	0	0	0	0	0	0	0	0	0	0	0	0	0	0	0	0	0	0	0	0	0	0	0	14	0	0	0	0	0	9	0	0
ASV_2463	0	0	0	0	0	0	0	0	0	0	0	0	0	0	0	0	0	0	0	0	0	0	0	0	0	0	0	0	23	0	0	0	0	0	0
ASV_2464	0	0	0	0	0	0	0	0	0	0	0	0	0	0	0	0	0	0	0	0	0	0	0	0	0	0	0	0	0	0	0	23	0	0	0
ASV_2465	0	0	0	0	0	0	0	0	0	0	0	0	0	0	0	0	0	0	0	0	0	0	0	0	0	0	0	0	0	0	0	0	23	0	0
ASV_2466	0	0	0	0	0	0	0	0	0	0	0	0	0	0	0	0	0	0	0	0	0	0	0	0	0	0	0	0	0	0	0	0	0	23	0
ASV_2467	8	0	0	0	0	0	4	0	0	0	0	0	0	0	0	10	0	0	0	0	0	0	0	0	0	0	0	0	0	0	0	0	0	0	0
ASV_2468	5	0	0	0	0	0	7	6	0	0	0	0	0	0	0	0	0	0	0	4	0	0	0	0	0	0	0	0	0	0	0	0	0	0	0
ASV_2469	22	0	0	0	0	0	0	0	0	0	0	0	0	0	0	0	0	0	0	0	0	0	0	0	0	0	0	0	0	0	0	0	0	0	0
ASV_2470	22	0	0	0	0	0	0	0	0	0	0	0	0	0	0	0	0	0	0	0	0	0	0	0	0	0	0	0	0	0	0	0	0	0	0
ASV_2471	14	8	0	0	0	0	0	0	0	0	0	0	0	0	0	0	0	0	0	0	0	0	0	0	0	0	0	0	0	0	0	0	0	0	0
ASV_2472	0	22	0	0	0	0	0	0	0	0	0	0	0	0	0	0	0	0	0	0	0	0	0	0	0	0	0	0	0	0	0	0	0	0	0
ASV_2473	0	22	0	0	0	0	0	0	0	0	0	0	0	0	0	0	0	0	0	0	0	0	0	0	0	0	0	0	0	0	0	0	0	0	0
ASV_2474	0	0	0	0	22	0	0	0	0	0	0	0	0	0	0	0	0	0	0	0	0	0	0	0	0	0	0	0	0	0	0	0	0	0	0
ASV_2475	0	0	0	0	0	0	5	0	0	0	0	0	0	0	0	10	0	0	0	0	0	0	0	7	0	0	0	0	0	0	0	0	0	0	0
ASV_2476	0	0	0	0	0	0	0	0	10	0	0	0	0	0	10	0	0	0	0	0	0	0	0	0	0	0	0	0	2	0	0	0	0	0	0
ASV_2477	0	0	0	0	0	0	0	0	22	0	0	0	0	0	0	0	0	0	0	0	0	0	0	0	0	0	0	0	0	0	0	0	0	0	0
ASV_2478	0	0	0	0	0	0	0	0	0	22	0	0	0	0	0	0	0	0	0	0	0	0	0	0	0	0	0	0	0	0	0	0	0	0	0
ASV_2479	0	0	0	0	0	0	0	0	0	7	0	0	0	0	0	0	0	0	0	0	0	0	0	0	0	0	0	0	0	0	0	15	0	0	0
ASV_2480	0	0	0	0	0	0	0	0	0	0	22	0	0	0	0	0	0	0	0	0	0	0	0	0	0	0	0	0	0	0	0	0	0	0	0
ASV_2481	0	0	0	0	0	0	0	0	0	0	0	0	6	0	0	0	0	0	12	0	0	4	0	0	0	0	0	0	0	0	0	0	0	0	0
ASV_2482	0	0	0	0	0	0	0	0	0	0	0	0	7	0	0	0	0	0	0	15	0	0	0	0	0	0	0	0	0	0	0	0	0	0	0
ASV_2483	0	0	0	0	0	0	0	0	0	0	0	0	0	9	0	0	0	0	0	0	0	0	0	13	0	0	0	0	0	0	0	0	0	0	0
ASV_2484	0	0	0	0	0	0	0	0	0	0	0	0	0	0	22	0	0	0	0	0	0	0	0	0	0	0	0	0	0	0	0	0	0	0	0
ASV_2485	0	0	0	0	0	0	0	0	0	0	0	0	0	0	0	0	13	0	0	0	0	0	0	9	0	0	0	0	0	0	0	0	0	0	0
ASV_2486	0	0	0	0	0	0	0	0	0	0	0	0	0	0	0	0	0	8	0	0	0	0	0	0	0	0	0	0	0	8	6	0	0	0	0
ASV_2487	0	0	0	0	0	0	0	0	0	0	0	0	0	0	0	0	0	22	0	0	0	0	0	0	0	0	0	0	0	0	0	0	0	0	0
ASV_2488	0	0	0	0	0	0	0	0	0	0	0	0	0	0	0	0	0	4	0	0	0	5	0	0	0	0	0	0	13	0	0	0	0	0	0
ASV_2489	0	0	0	0	0	0	0	0	0	0	0	0	0	0	0	0	0	0	0	22	0	0	0	0	0	0	0	0	0	0	0	0	0	0	0
ASV_2490	0	0	0	0	0	0	0	0	0	0	0	0	0	0	0	0	0	0	0	13	9	0	0	0	0	0	0	0	0	0	0	0	0	0	0
ASV_2491	0	0	0	0	0	0	0	0	0	0	0	0	0	0	0	0	0	0	0	0	10	0	0	0	0	0	12	0	0	0	0	0	0	0	0
ASV_2492	0	0	0	0	0	0	0	0	0	0	0	0	0	0	0	0	0	0	0	0	0	22	0	0	0	0	0	0	0	0	0	0	0	0	0
ASV_2493	0	0	0	0	0	0	0	0	0	0	0	0	0	0	0	0	0	0	0	0	0	0	0	22	0	0	0	0	0	0	0	0	0	0	0
ASV_2494	0	0	0	0	0	0	0	0	0	0	0	0	0	0	0	0	0	0	0	0	0	0	0	22	0	0	0	0	0	0	0	0	0	0	0
ASV_2495	0	0	0	0	0	0	0	0	0	0	0	0	0	0	0	0	0	0	0	0	0	0	0	0	0	0	0	0	22	0	0	0	0	0	0
ASV_2496	0	0	0	0	0	0	0	0	0	0	0	0	0	0	0	0	0	0	0	0	0	0	0	0	0	0	0	0	0	0	22	0	0	0	0
ASV_2497	0	0	0	0	0	0	0	0	0	0	0	0	0	0	0	0	0	0	0	0	0	0	0	0	0	0	0	0	0	0	22	0	0	0	0
ASV_2498	0	0	0	0	0	0	0	0	0	0	0	0	0	0	0	0	0	0	0	0	0	0	0	0	0	0	0	0	0	0	0	22	0	0	0
ASV_2499	0	0	0	0	0	0	0	0	0	0	0	0	0	0	0	0	0	0	0	0	0	0	0	0	0	0	0	0	0	0	0	22	0	0	0
ASV_2500	21	0	0	0	0	0	0	0	0	0	0	0	0	0	0	0	0	0	0	0	0	0	0	0	0	0	0	0	0	0	0	0	0	0	0
ASV_2501	21	0	0	0	0	0	0	0	0	0	0	0	0	0	0	0	0	0	0	0	0	0	0	0	0	0	0	0	0	0	0	0	0	0	0
ASV_2502	6	0	0	0	0	0	0	0	0	0	0	0	0	0	0	0	0	0	6	0	9	0	0	0	0	0	0	0	0	0	0	0	0	0	0
ASV_2503	8	0	0	0	0	0	0	0	0	0	0	0	0	0	3	0	0	0	0	0	0	0	0	0	0	0	0	0	0	0	0	10	0	0	0
ASV_2504	0	4	0	0	0	0	0	0	0	0	0	0	0	0	0	6	0	0	0	0	0	0	0	0	0	11	0	0	0	0	0	0	0	0	0
ASV_2505	0	12	9	0	0	0	0	0	0	0	0	0	0	0	0	0	0	0	0	0	0	0	0	0	0	0	0	0	0	0	0	0	0	0	0
ASV_2506	0	0	0	5	0	8	0	0	0	0	0	0	0	0	0	0	0	0	0	0	0	0	4	0	0	0	0	0	0	0	0	0	0	4	0
ASV_2507	0	0	0	0	0	0	0	0	0	21	0	0	0	0	0	0	0	0	0	0	0	0	0	0	0	0	0	0	0	0	0	0	0	0	0
ASV_2508	0	0	0	0	0	0	0	0	0	0	0	0	0	0	21	0	0	0	0	0	0	0	0	0	0	0	0	0	0	0	0	0	0	0	0
ASV_2509	0	0	0	0	0	0	0	0	0	0	0	0	0	0	0	13	2	0	0	0	0	0	0	0	0	0	0	6	0	0	0	0	0	0	0
ASV_2510	0	0	0	0	0	0	0	0	0	0	0	0	0	0	0	21	0	0	0	0	0	0	0	0	0	0	0	0	0	0	0	0	0	0	0
ASV_2511	0	0	0	0	0	0	0	0	0	0	0	0	0	0	0	7	0	0	0	0	14	0	0	0	0	0	0	0	0	0	0	0	0	0	0
ASV_2512	0	0	0	0	0	0	0	0	0	0	0	0	0	0	0	0	21	0	0	0	0	0	0	0	0	0	0	0	0	0	0	0	0	0	0
ASV_2513	0	0	0	0	0	0	0	0	0	0	0	0	0	0	0	0	0	21	0	0	0	0	0	0	0	0	0	0	0	0	0	0	0	0	0
ASV_2514	0	0	0	0	0	0	0	0	0	0	0	0	0	0	0	0	0	0	21	0	0	0	0	0	0	0	0	0	0	0	0	0	0	0	0
ASV_2515	0	0	0	0	0	0	0	0	0	0	0	0	0	0	0	0	0	0	0	21	0	0	0	0	0	0	0	0	0	0	0	0	0	0	0
ASV_2516	0	0	0	0	0	0	0	0	0	0	0	0	0	0	0	0	0	0	0	0	0	0	4	0	0	6	0	11	0	0	0	0	0	0	0
ASV_2517	0	0	0	0	0	0	0	0	0	0	0	0	0	0	0	0	0	0	0	0	0	0	21	0	0	0	0	0	0	0	0	0	0	0	0
ASV_2518	0	0	0	0	0	0	0	0	0	0	0	0	0	0	0	0	0	0	0	0	0	0	0	21	0	0	0	0	0	0	0	0	0	0	0
ASV_2519	0	0	0	0	0	0	0	0	0	0	0	0	0	0	0	0	0	0	0	0	0	0	0	21	0	0	0	0	0	0	0	0	0	0	0
ASV_2520	0	0	0	0	0	0	0	0	0	0	0	0	0	0	0	0	0	0	0	0	0	0	0	0	21	0	0	0	0	0	0	0	0	0	0
ASV_2521	10	0	0	0	0	0	0	10	0	0	0	0	0	0	0	0	0	0	0	0	0	0	0	0	0	0	0	0	0	0	0	0	0	0	0
ASV_2522	20	0	0	0	0	0	0	0	0	0	0	0	0	0	0	0	0	0	0	0	0	0	0	0	0	0	0	0	0	0	0	0	0	0	0
ASV_2523	20	0	0	0	0	0	0	0	0	0	0	0	0	0	0	0	0	0	0	0	0	0	0	0	0	0	0	0	0	0	0	0	0	0	0
ASV_2524	0	0	20	0	0	0	0	0	0	0	0	0	0	0	0	0	0	0	0	0	0	0	0	0	0	0	0	0	0	0	0	0	0	0	0
ASV_2525	0	0	20	0	0	0	0	0	0	0	0	0	0	0	0	0	0	0	0	0	0	0	0	0	0	0	0	0	0	0	0	0	0	0	0
ASV_2526	0	0	20	0	0	0	0	0	0	0	0	0	0	0	0	0	0	0	0	0	0	0	0	0	0	0	0	0	0	0	0	0	0	0	0
ASV_2527	0	0	0	0	0	0	20	0	0	0	0	0	0	0	0	0	0	0	0	0	0	0	0	0	0	0	0	0	0	0	0	0	0	0	0
ASV_2528	0	0	0	0	0	0	13	0	0	0	0	0	0	0	0	0	7	0	0	0	0	0	0	0	0	0	0	0	0	0	0	0	0	0	0
ASV_2529	0	0	0	0	0	0	12	8	0	0	0	0	0	0	0	0	0	0	0	0	0	0	0	0	0	0	0	0	0	0	0	0	0	0	0
ASV_2530	0	0	0	0	0	0	11	0	0	0	0	0	0	9	0	0	0	0	0	0	0	0	0	0	0	0	0	0	0	0	0	0	0	0	0
ASV_2531	0	0	0	0	0	0	0	15	0	0	0	0	0	0	0	0	0	0	0	0	0	0	0	0	0	5	0	0	0	0	0	0	0	0	0
ASV_2532	0	0	0	0	0	0	0	0	20	0	0	0	0	0	0	0	0	0	0	0	0	0	0	0	0	0	0	0	0	0	0	0	0	0	0
ASV_2533	0	0	0	0	0	0	0	0	20	0	0	0	0	0	0	0	0	0	0	0	0	0	0	0	0	0	0	0	0	0	0	0	0	0	0
ASV_2534	0	0	0	0	0	0	0	0	0	20	0	0	0	0	0	0	0	0	0	0	0	0	0	0	0	0	0	0	0	0	0	0	0	0	0
ASV_2535	0	0	0	0	0	0	0	0	0	0	0	0	20	0	0	0	0	0	0	0	0	0	0	0	0	0	0	0	0	0	0	0	0	0	0
ASV_2536	0	0	0	0	0	0	0	0	0	0	0	0	0	20	0	0	0	0	0	0	0	0	0	0	0	0	0	0	0	0	0	0	0	0	0
ASV_2537	0	0	0	0	0	0	0	0	0	0	0	0	0	0	5	0	0	0	0	15	0	0	0	0	0	0	0	0	0	0	0	0	0	0	0
ASV_2538	0	0	0	0	0	0	0	0	0	0	0	0	0	0	0	0	20	0	0	0	0	0	0	0	0	0	0	0	0	0	0	0	0	0	0
ASV_2539	0	0	0	0	0	0	0	0	0	0	0	0	0	0	0	0	0	20	0	0	0	0	0	0	0	0	0	0	0	0	0	0	0	0	0
ASV_2540	0	0	0	0	0	0	0	0	0	0	0	0	0	0	0	0	0	0	0	11	0	0	0	0	0	0	0	0	0	0	0	0	9	0	0
ASV_2541	0	0	0	0	0	0	0	0	0	0	0	0	0	0	0	0	0	0	0	20	0	0	0	0	0	0	0	0	0	0	0	0	0	0	0
ASV_2542	0	0	0	0	0	0	0	0	0	0	0	0	0	0	0	0	0	0	0	0	20	0	0	0	0	0	0	0	0	0	0	0	0	0	0
ASV_2543	0	0	0	0	0	0	0	0	0	0	0	0	0	0	0	0	0	0	0	0	20	0	0	0	0	0	0	0	0	0	0	0	0	0	0
ASV_2544	0	0	0	0	0	0	0	0	0	0	0	0	0	0	0	0	0	0	0	0	0	0	0	0	20	0	0	0	0	0	0	0	0	0	0
ASV_2545	0	0	0	0	0	0	0	0	0	0	0	0	0	0	0	0	0	0	0	0	0	0	0	0	0	20	0	0	0	0	0	0	0	0	0
ASV_2546	0	0	0	0	0	0	0	0	0	0	0	0	0	0	0	0	0	0	0	0	0	0	0	0	0	20	0	0	0	0	0	0	0	0	0
ASV_2547	0	0	0	0	0	0	0	0	0	0	0	0	0	0	0	0	0	0	0	0	0	0	0	0	0	0	0	0	0	0	20	0	0	0	0
ASV_2548	0	0	0	0	0	0	0	0	0	0	0	0	0	0	0	0	0	0	0	0	0	0	0	0	0	0	0	0	0	0	0	0	20	0	0
ASV_2549	0	0	0	0	0	0	0	0	0	0	0	0	0	0	0	0	0	0	0	0	0	0	0	0	0	0	0	0	0	0	0	0	20	0	0
ASV_2550	0	0	0	0	0	0	0	0	0	0	0	0	0	0	0	0	0	0	0	0	0	0	0	0	0	0	0	0	0	0	0	0	0	20	0
ASV_2551	9	0	0	0	0	0	0	0	0	0	0	0	0	0	0	0	0	0	10	0	0	0	0	0	0	0	0	0	0	0	0	0	0	0	0
ASV_2552	8	0	0	0	0	0	0	0	0	0	0	0	11	0	0	0	0	0	0	0	0	0	0	0	0	0	0	0	0	0	0	0	0	0	0
ASV_2553	12	0	0	0	0	0	0	0	0	0	0	0	0	0	0	0	7	0	0	0	0	0	0	0	0	0	0	0	0	0	0	0	0	0	0
ASV_2554	0	0	19	0	0	0	0	0	0	0	0	0	0	0	0	0	0	0	0	0	0	0	0	0	0	0	0	0	0	0	0	0	0	0	0
ASV_2555	0	0	10	0	0	0	0	0	0	0	0	0	0	0	0	0	0	0	0	0	0	0	0	0	9	0	0	0	0	0	0	0	0	0	0
ASV_2556	0	0	0	0	0	0	19	0	0	0	0	0	0	0	0	0	0	0	0	0	0	0	0	0	0	0	0	0	0	0	0	0	0	0	0
ASV_2557	0	0	0	0	0	0	19	0	0	0	0	0	0	0	0	0	0	0	0	0	0	0	0	0	0	0	0	0	0	0	0	0	0	0	0
ASV_2558	0	0	0	0	0	0	19	0	0	0	0	0	0	0	0	0	0	0	0	0	0	0	0	0	0	0	0	0	0	0	0	0	0	0	0
ASV_2559	0	0	0	0	0	0	0	0	19	0	0	0	0	0	0	0	0	0	0	0	0	0	0	0	0	0	0	0	0	0	0	0	0	0	0
ASV_2560	0	0	0	0	0	0	0	0	0	4	0	0	0	0	0	0	0	0	0	15	0	0	0	0	0	0	0	0	0	0	0	0	0	0	0
ASV_2561	0	0	0	0	0	0	0	0	0	0	14	0	0	0	0	0	0	0	0	0	0	0	0	0	0	0	0	0	0	0	5	0	0	0	0
ASV_2562	0	0	0	0	0	0	0	0	0	0	14	0	0	0	0	0	0	0	0	0	0	0	0	0	5	0	0	0	0	0	0	0	0	0	0
ASV_2563	0	0	0	0	0	0	0	0	0	0	0	19	0	0	0	0	0	0	0	0	0	0	0	0	0	0	0	0	0	0	0	0	0	0	0
ASV_2564	0	0	0	0	0	0	0	0	0	0	0	0	0	19	0	0	0	0	0	0	0	0	0	0	0	0	0	0	0	0	0	0	0	0	0
ASV_2565	0	0	0	0	0	0	0	0	0	0	0	0	0	0	19	0	0	0	0	0	0	0	0	0	0	0	0	0	0	0	0	0	0	0	0
ASV_2566	0	0	0	0	0	0	0	0	0	0	0	0	0	0	0	15	0	0	0	0	4	0	0	0	0	0	0	0	0	0	0	0	0	0	0
ASV_2567	0	0	0	0	0	0	0	0	0	0	0	0	0	0	0	19	0	0	0	0	0	0	0	0	0	0	0	0	0	0	0	0	0	0	0
ASV_2568	0	0	0	0	0	0	0	0	0	0	0	0	0	0	0	19	0	0	0	0	0	0	0	0	0	0	0	0	0	0	0	0	0	0	0
ASV_2569	0	0	0	0	0	0	0	0	0	0	0	0	0	0	0	0	11	0	0	0	0	0	0	0	0	0	0	8	0	0	0	0	0	0	0
ASV_2570	0	0	0	0	0	0	0	0	0	0	0	0	0	0	0	0	0	19	0	0	0	0	0	0	0	0	0	0	0	0	0	0	0	0	0
ASV_2571	0	0	0	0	0	0	0	0	0	0	0	0	0	0	0	0	0	0	0	0	13	0	0	0	0	6	0	0	0	0	0	0	0	0	0
ASV_2572	0	0	0	0	0	0	0	0	0	0	0	0	0	0	0	0	0	0	0	0	0	0	0	7	0	0	0	0	0	0	12	0	0	0	0
ASV_2573	0	0	0	0	0	0	0	0	0	0	0	0	0	0	0	0	0	0	0	0	0	0	0	0	0	19	0	0	0	0	0	0	0	0	0
ASV_2574	0	0	0	0	0	0	0	0	0	0	0	0	0	0	0	0	0	0	0	0	0	0	0	0	0	19	0	0	0	0	0	0	0	0	0
ASV_2575	0	0	0	0	0	0	0	0	0	0	0	0	0	0	0	0	0	0	0	0	0	0	0	0	0	0	19	0	0	0	0	0	0	0	0
ASV_2576	9	0	0	0	0	0	0	0	0	0	0	0	0	0	0	0	0	0	0	0	9	0	0	0	0	0	0	0	0	0	0	0	0	0	0
ASV_2577	4	0	0	0	0	0	0	4	0	0	0	0	0	0	4	0	0	0	0	0	0	0	0	0	0	6	0	0	0	0	0	0	0	0	0
ASV_2578	13	0	0	0	0	0	0	0	0	0	0	0	0	0	0	0	0	0	0	0	0	0	0	0	0	5	0	0	0	0	0	0	0	0	0
ASV_2579	0	8	0	0	0	0	10	0	0	0	0	0	0	0	0	0	0	0	0	0	0	0	0	0	0	0	0	0	0	0	0	0	0	0	0
ASV_2580	0	0	0	0	0	0	0	7	0	11	0	0	0	0	0	0	0	0	0	0	0	0	0	0	0	0	0	0	0	0	0	0	0	0	0
ASV_2581	0	0	0	0	0	0	0	0	6	0	0	0	0	0	0	0	0	12	0	0	0	0	0	0	0	0	0	0	0	0	0	0	0	0	0
ASV_2582	0	0	0	0	0	0	0	0	5	0	0	0	0	0	0	0	0	0	0	0	0	0	0	0	0	0	7	0	6	0	0	0	0	0	0
ASV_2583	0	0	0	0	0	0	0	0	9	0	0	0	0	0	0	0	0	0	0	0	0	0	0	0	0	9	0	0	0	0	0	0	0	0	0
ASV_2584	0	0	0	0	0	0	0	0	0	18	0	0	0	0	0	0	0	0	0	0	0	0	0	0	0	0	0	0	0	0	0	0	0	0	0
ASV_2585	0	0	0	0	0	0	0	0	0	4	0	0	0	0	0	0	0	0	0	0	6	0	0	0	0	0	0	0	0	8	0	0	0	0	0
ASV_2586	0	0	0	0	0	0	0	0	0	0	9	0	0	0	0	0	0	0	0	0	0	0	0	0	0	0	6	0	3	0	0	0	0	0	0
ASV_2587	0	0	0	0	0	0	0	0	0	0	0	14	0	0	0	0	0	0	0	4	0	0	0	0	0	0	0	0	0	0	0	0	0	0	0
ASV_2588	0	0	0	0	0	0	0	0	0	0	0	0	9	0	0	0	9	0	0	0	0	0	0	0	0	0	0	0	0	0	0	0	0	0	0
ASV_2589	0	0	0	0	0	0	0	0	0	0	0	0	0	0	0	0	0	0	18	0	0	0	0	0	0	0	0	0	0	0	0	0	0	0	0
ASV_2590	0	0	0	0	0	0	0	0	0	0	0	0	0	0	0	0	0	0	0	18	0	0	0	0	0	0	0	0	0	0	0	0	0	0	0
ASV_2591	0	0	0	0	0	0	0	0	0	0	0	0	0	0	0	0	0	0	0	18	0	0	0	0	0	0	0	0	0	0	0	0	0	0	0
ASV_2592	0	0	0	0	0	0	0	0	0	0	0	0	0	0	0	0	0	0	0	18	0	0	0	0	0	0	0	0	0	0	0	0	0	0	0
ASV_2593	0	0	0	0	0	0	0	0	0	0	0	0	0	0	0	0	0	0	0	0	0	0	18	0	0	0	0	0	0	0	0	0	0	0	0
ASV_2594	0	0	0	0	0	0	0	0	0	0	0	0	0	0	0	0	0	0	0	0	0	0	0	18	0	0	0	0	0	0	0	0	0	0	0
ASV_2595	0	0	0	0	0	0	0	0	0	0	0	0	0	0	0	0	0	0	0	0	0	0	0	0	0	8	10	0	0	0	0	0	0	0	0
ASV_2596	0	0	0	0	0	0	0	0	0	0	0	0	0	0	0	0	0	0	0	0	0	0	0	0	0	18	0	0	0	0	0	0	0	0	0
ASV_2597	0	0	0	0	0	0	0	0	0	0	0	0	0	0	0	0	0	0	0	0	0	0	0	0	0	0	0	0	18	0	0	0	0	0	0
ASV_2598	0	0	0	0	0	0	0	0	0	0	0	0	0	0	0	0	0	0	0	0	0	0	0	0	0	0	0	0	0	0	0	18	0	0	0
ASV_2599	9	0	0	0	0	0	0	0	0	6	2	0	0	0	0	0	0	0	0	0	0	0	0	0	0	0	0	0	0	0	0	0	0	0	0
ASV_2600	7	0	5	0	0	0	0	0	0	5	0	0	0	0	0	0	0	0	0	0	0	0	0	0	0	0	0	0	0	0	0	0	0	0	0
ASV_2601	17	0	0	0	0	0	0	0	0	0	0	0	0	0	0	0	0	0	0	0	0	0	0	0	0	0	0	0	0	0	0	0	0	0	0
ASV_2602	0	17	0	0	0	0	0	0	0	0	0	0	0	0	0	0	0	0	0	0	0	0	0	0	0	0	0	0	0	0	0	0	0	0	0
ASV_2603	0	8	0	0	0	0	0	0	0	0	0	0	0	0	0	0	0	0	9	0	0	0	0	0	0	0	0	0	0	0	0	0	0	0	0
ASV_2604	0	0	17	0	0	0	0	0	0	0	0	0	0	0	0	0	0	0	0	0	0	0	0	0	0	0	0	0	0	0	0	0	0	0	0
ASV_2605	0	0	10	0	0	0	0	0	0	0	0	0	0	0	0	0	0	0	0	0	0	0	0	0	0	0	0	7	0	0	0	0	0	0	0
ASV_2606	0	0	0	0	0	0	4	0	0	0	0	0	0	0	5	0	0	4	0	4	0	0	0	0	0	0	0	0	0	0	0	0	0	0	0
ASV_2607	0	0	0	0	0	0	3	0	0	4	0	0	0	0	0	0	0	0	0	0	0	0	5	0	0	0	5	0	0	0	0	0	0	0	0
ASV_2608	0	0	0	0	0	0	0	0	17	0	0	0	0	0	0	0	0	0	0	0	0	0	0	0	0	0	0	0	0	0	0	0	0	0	0
ASV_2609	0	0	0	0	0	0	0	0	3	0	0	0	0	0	0	0	0	0	0	0	0	0	0	14	0	0	0	0	0	0	0	0	0	0	0
ASV_2610	0	0	0	0	0	0	0	0	0	17	0	0	0	0	0	0	0	0	0	0	0	0	0	0	0	0	0	0	0	0	0	0	0	0	0
ASV_2611	0	0	0	0	0	0	0	0	0	8	0	0	0	0	0	0	0	0	0	0	0	0	0	0	0	0	0	0	0	0	0	0	9	0	0
ASV_2612	0	0	0	0	0	0	0	0	0	2	0	0	0	0	0	15	0	0	0	0	0	0	0	0	0	0	0	0	0	0	0	0	0	0	0
ASV_2613	0	0	0	0	0	0	0	0	0	2	0	0	0	0	0	0	5	0	0	0	0	0	0	0	0	0	0	0	0	0	0	0	10	0	0
ASV_2614	0	0	0	0	0	0	0	0	0	0	7	0	0	0	0	0	0	0	0	0	0	0	0	0	0	0	0	0	0	0	0	0	10	0	0
ASV_2615	0	0	0	0	0	0	0	0	0	0	17	0	0	0	0	0	0	0	0	0	0	0	0	0	0	0	0	0	0	0	0	0	0	0	0
ASV_2616	0	0	0	0	0	0	0	0	0	0	0	0	13	0	0	0	0	0	0	0	4	0	0	0	0	0	0	0	0	0	0	0	0	0	0
ASV_2617	0	0	0	0	0	0	0	0	0	0	0	0	17	0	0	0	0	0	0	0	0	0	0	0	0	0	0	0	0	0	0	0	0	0	0
ASV_2618	0	0	0	0	0	0	0	0	0	0	0	0	17	0	0	0	0	0	0	0	0	0	0	0	0	0	0	0	0	0	0	0	0	0	0
ASV_2619	0	0	0	0	0	0	0	0	0	0	0	0	17	0	0	0	0	0	0	0	0	0	0	0	0	0	0	0	0	0	0	0	0	0	0
ASV_2620	0	0	0	0	0	0	0	0	0	0	0	0	0	0	0	17	0	0	0	0	0	0	0	0	0	0	0	0	0	0	0	0	0	0	0
ASV_2621	0	0	0	0	0	0	0	0	0	0	0	0	0	0	0	5	0	0	0	0	0	0	0	5	0	0	0	0	0	0	0	0	0	0	7
ASV_2622	0	0	0	0	0	0	0	0	0	0	0	0	0	0	0	0	5	0	0	0	0	0	0	12	0	0	0	0	0	0	0	0	0	0	0
ASV_2623	0	0	0	0	0	0	0	0	0	0	0	0	0	0	0	0	0	10	0	0	0	0	3	0	4	0	0	0	0	0	0	0	0	0	0
ASV_2624	0	0	0	0	0	0	0	0	0	0	0	0	0	0	0	0	0	4	0	0	0	0	0	10	0	0	0	0	0	0	0	0	3	0	0
ASV_2625	0	0	0	0	0	0	0	0	0	0	0	0	0	0	0	0	0	0	0	17	0	0	0	0	0	0	0	0	0	0	0	0	0	0	0
ASV_2626	0	0	0	0	0	0	0	0	0	0	0	0	0	0	0	0	0	0	0	17	0	0	0	0	0	0	0	0	0	0	0	0	0	0	0
ASV_2627	0	0	0	0	0	0	0	0	0	0	0	0	0	0	0	0	0	0	0	0	17	0	0	0	0	0	0	0	0	0	0	0	0	0	0
ASV_2628	0	0	0	0	0	0	0	0	0	0	0	0	0	0	0	0	0	0	0	0	17	0	0	0	0	0	0	0	0	0	0	0	0	0	0
ASV_2629	0	0	0	0	0	0	0	0	0	0	0	0	0	0	0	0	0	0	0	0	0	12	0	0	0	0	0	5	0	0	0	0	0	0	0
ASV_2630	0	0	0	0	0	0	0	0	0	0	0	0	0	0	0	0	0	0	0	0	0	0	17	0	0	0	0	0	0	0	0	0	0	0	0
ASV_2631	0	0	0	0	0	0	0	0	0	0	0	0	0	0	0	0	0	0	0	0	0	0	0	17	0	0	0	0	0	0	0	0	0	0	0
ASV_2632	0	0	0	0	0	0	0	0	0	0	0	0	0	0	0	0	0	0	0	0	0	0	0	0	17	0	0	0	0	0	0	0	0	0	0
ASV_2633	0	0	0	0	0	0	0	0	0	0	0	0	0	0	0	0	0	0	0	0	0	0	0	0	0	0	17	0	0	0	0	0	0	0	0
ASV_2634	0	0	0	0	0	0	0	0	0	0	0	0	0	0	0	0	0	0	0	0	0	0	0	0	0	0	0	17	0	0	0	0	0	0	0
ASV_2635	0	0	0	0	0	0	0	0	0	0	0	0	0	0	0	0	0	0	0	0	0	0	0	0	0	0	0	0	17	0	0	0	0	0	0
ASV_2636	16	0	0	0	0	0	0	0	0	0	0	0	0	0	0	0	0	0	0	0	0	0	0	0	0	0	0	0	0	0	0	0	0	0	0
ASV_2637	12	0	0	0	0	0	0	0	0	0	0	0	0	0	0	0	0	0	0	0	0	0	0	0	0	0	0	0	4	0	0	0	0	0	0
ASV_2638	9	0	0	0	0	0	7	0	0	0	0	0	0	0	0	0	0	0	0	0	0	0	0	0	0	0	0	0	0	0	0	0	0	0	0
ASV_2639	0	16	0	0	0	0	0	0	0	0	0	0	0	0	0	0	0	0	0	0	0	0	0	0	0	0	0	0	0	0	0	0	0	0	0
ASV_2640	0	6	0	0	0	0	0	5	0	0	0	0	0	0	0	0	0	0	0	0	5	0	0	0	0	0	0	0	0	0	0	0	0	0	0
ASV_2641	0	0	4	0	0	0	0	6	0	0	0	0	0	0	0	0	0	0	0	0	0	0	0	0	0	0	0	0	0	0	0	6	0	0	0
ASV_2642	0	0	0	0	0	0	0	16	0	0	0	0	0	0	0	0	0	0	0	0	0	0	0	0	0	0	0	0	0	0	0	0	0	0	0
ASV_2643	0	0	0	0	0	0	0	0	16	0	0	0	0	0	0	0	0	0	0	0	0	0	0	0	0	0	0	0	0	0	0	0	0	0	0
ASV_2644	0	0	0	0	0	0	0	0	5	0	0	0	0	0	0	0	11	0	0	0	0	0	0	0	0	0	0	0	0	0	0	0	0	0	0
ASV_2645	0	0	0	0	0	0	0	0	16	0	0	0	0	0	0	0	0	0	0	0	0	0	0	0	0	0	0	0	0	0	0	0	0	0	0
ASV_2646	0	0	0	0	0	0	0	0	0	16	0	0	0	0	0	0	0	0	0	0	0	0	0	0	0	0	0	0	0	0	0	0	0	0	0
ASV_2647	0	0	0	0	0	0	0	0	0	0	16	0	0	0	0	0	0	0	0	0	0	0	0	0	0	0	0	0	0	0	0	0	0	0	0
ASV_2648	0	0	0	0	0	0	0	0	0	0	16	0	0	0	0	0	0	0	0	0	0	0	0	0	0	0	0	0	0	0	0	0	0	0	0
ASV_2649	0	0	0	0	0	0	0	0	0	0	0	4	0	0	0	0	0	0	0	0	0	0	0	0	0	0	0	0	0	0	0	0	0	12	0
ASV_2650	0	0	0	0	0	0	0	0	0	0	0	0	16	0	0	0	0	0	0	0	0	0	0	0	0	0	0	0	0	0	0	0	0	0	0
ASV_2651	0	0	0	0	0	0	0	0	0	0	0	0	16	0	0	0	0	0	0	0	0	0	0	0	0	0	0	0	0	0	0	0	0	0	0
ASV_2652	0	0	0	0	0	0	0	0	0	0	0	0	16	0	0	0	0	0	0	0	0	0	0	0	0	0	0	0	0	0	0	0	0	0	0
ASV_2653	0	0	0	0	0	0	0	0	0	0	0	0	5	0	0	0	0	0	0	0	11	0	0	0	0	0	0	0	0	0	0	0	0	0	0
ASV_2654	0	0	0	0	0	0	0	0	0	0	0	0	0	16	0	0	0	0	0	0	0	0	0	0	0	0	0	0	0	0	0	0	0	0	0
ASV_2655	0	0	0	0	0	0	0	0	0	0	0	0	0	16	0	0	0	0	0	0	0	0	0	0	0	0	0	0	0	0	0	0	0	0	0
ASV_2656	0	0	0	0	0	0	0	0	0	0	0	0	0	0	0	6	0	0	0	0	0	5	0	0	0	0	0	0	5	0	0	0	0	0	0
ASV_2657	0	0	0	0	0	0	0	0	0	0	0	0	0	0	0	8	0	0	0	0	0	0	0	0	0	0	0	8	0	0	0	0	0	0	0
ASV_2658	0	0	0	0	0	0	0	0	0	0	0	0	0	0	0	8	8	0	0	0	0	0	0	0	0	0	0	0	0	0	0	0	0	0	0
ASV_2659	0	0	0	0	0	0	0	0	0	0	0	0	0	0	0	6	0	0	0	0	0	0	0	10	0	0	0	0	0	0	0	0	0	0	0
ASV_2660	0	0	0	0	0	0	0	0	0	0	0	0	0	0	0	0	0	6	0	0	3	0	0	0	0	7	0	0	0	0	0	0	0	0	0
ASV_2661	0	0	0	0	0	0	0	0	0	0	0	0	0	0	0	0	0	16	0	0	0	0	0	0	0	0	0	0	0	0	0	0	0	0	0
ASV_2662	0	0	0	0	0	0	0	0	0	0	0	0	0	0	0	0	0	0	16	0	0	0	0	0	0	0	0	0	0	0	0	0	0	0	0
ASV_2663	0	0	0	0	0	0	0	0	0	0	0	0	0	0	0	0	0	0	0	0	0	16	0	0	0	0	0	0	0	0	0	0	0	0	0
ASV_2664	0	0	0	0	0	0	0	0	0	0	0	0	0	0	0	0	0	0	0	0	0	16	0	0	0	0	0	0	0	0	0	0	0	0	0
ASV_2665	0	0	0	0	0	0	0	0	0	0	0	0	0	0	0	0	0	0	0	0	0	0	0	16	0	0	0	0	0	0	0	0	0	0	0
ASV_2666	0	0	0	0	0	0	0	0	0	0	0	0	0	0	0	0	0	0	0	0	0	0	0	0	16	0	0	0	0	0	0	0	0	0	0
ASV_2667	0	0	0	0	0	0	0	0	0	0	0	0	0	0	0	0	0	0	0	0	0	0	0	0	0	0	16	0	0	0	0	0	0	0	0
ASV_2668	0	0	0	0	0	0	0	0	0	0	0	0	0	0	0	0	0	0	0	0	0	0	0	0	0	0	0	0	16	0	0	0	0	0	0
ASV_2669	0	0	0	0	0	0	0	0	0	0	0	0	0	0	0	0	0	0	0	0	0	0	0	0	0	0	0	0	0	16	0	0	0	0	0
ASV_2670	0	0	0	0	0	0	0	0	0	0	0	0	0	0	0	0	0	0	0	0	0	0	0	0	0	0	0	0	0	0	16	0	0	0	0
ASV_2671	0	0	0	0	0	0	0	0	0	0	0	0	0	0	0	0	0	0	0	0	0	0	0	0	0	0	0	0	0	0	16	0	0	0	0
ASV_2672	0	0	0	0	0	0	0	0	0	0	0	0	0	0	0	0	0	0	0	0	0	0	0	0	0	0	0	0	0	0	0	0	16	0	0
ASV_2673	0	0	0	0	0	0	0	0	0	0	0	0	0	0	0	0	0	0	0	0	0	0	0	0	0	0	0	0	0	0	0	0	0	16	0
ASV_2674	12	0	0	0	0	0	0	0	0	0	0	0	0	0	0	0	0	0	0	0	0	3	0	0	0	0	0	0	0	0	0	0	0	0	0
ASV_2675	0	15	0	0	0	0	0	0	0	0	0	0	0	0	0	0	0	0	0	0	0	0	0	0	0	0	0	0	0	0	0	0	0	0	0
ASV_2676	0	0	0	0	0	0	15	0	0	0	0	0	0	0	0	0	0	0	0	0	0	0	0	0	0	0	0	0	0	0	0	0	0	0	0
ASV_2677	0	0	0	0	0	0	0	7	0	0	0	0	0	0	0	0	0	0	0	0	0	0	0	8	0	0	0	0	0	0	0	0	0	0	0
ASV_2678	0	0	0	0	0	0	0	3	9	0	0	0	0	0	0	0	0	0	0	0	3	0	0	0	0	0	0	0	0	0	0	0	0	0	0
ASV_2679	0	0	0	0	0	0	0	0	15	0	0	0	0	0	0	0	0	0	0	0	0	0	0	0	0	0	0	0	0	0	0	0	0	0	0
ASV_2680	0	0	0	0	0	0	0	0	15	0	0	0	0	0	0	0	0	0	0	0	0	0	0	0	0	0	0	0	0	0	0	0	0	0	0
ASV_2681	0	0	0	0	0	0	0	0	0	15	0	0	0	0	0	0	0	0	0	0	0	0	0	0	0	0	0	0	0	0	0	0	0	0	0
ASV_2682	0	0	0	0	0	0	0	0	0	0	0	0	15	0	0	0	0	0	0	0	0	0	0	0	0	0	0	0	0	0	0	0	0	0	0
ASV_2683	0	0	0	0	0	0	0	0	0	0	0	0	0	0	4	0	0	0	0	0	0	0	0	11	0	0	0	0	0	0	0	0	0	0	0
ASV_2684	0	0	0	0	0	0	0	0	0	0	0	0	0	0	0	9	0	0	0	0	0	0	0	0	0	6	0	0	0	0	0	0	0	0	0
ASV_2685	0	0	0	0	0	0	0	0	0	0	0	0	0	0	0	0	15	0	0	0	0	0	0	0	0	0	0	0	0	0	0	0	0	0	0
ASV_2686	0	0	0	0	0	0	0	0	0	0	0	0	0	0	0	0	0	15	0	0	0	0	0	0	0	0	0	0	0	0	0	0	0	0	0
ASV_2687	0	0	0	0	0	0	0	0	0	0	0	0	0	0	0	0	0	15	0	0	0	0	0	0	0	0	0	0	0	0	0	0	0	0	0
ASV_2688	0	0	0	0	0	0	0	0	0	0	0	0	0	0	0	0	0	0	0	9	6	0	0	0	0	0	0	0	0	0	0	0	0	0	0
ASV_2689	0	0	0	0	0	0	0	0	0	0	0	0	0	0	0	0	0	0	0	10	0	0	0	0	0	0	0	0	0	0	0	0	5	0	0
ASV_2690	0	0	0	0	0	0	0	0	0	0	0	0	0	0	0	0	0	0	0	0	0	0	0	5	0	0	0	0	0	0	10	0	0	0	0
ASV_2691	0	0	0	0	0	0	0	0	0	0	0	0	0	0	0	0	0	0	0	0	0	0	0	15	0	0	0	0	0	0	0	0	0	0	0
ASV_2692	0	0	0	0	0	0	0	0	0	0	0	0	0	0	0	0	0	0	0	0	0	0	0	0	0	15	0	0	0	0	0	0	0	0	0
ASV_2693	0	0	0	0	0	0	0	0	0	0	0	0	0	0	0	0	0	0	0	0	0	0	0	0	0	0	5	0	6	0	0	0	4	0	0
ASV_2694	0	0	0	0	0	0	0	0	0	0	0	0	0	0	0	0	0	0	0	0	0	0	0	0	0	0	0	15	0	0	0	0	0	0	0
ASV_2695	0	0	0	0	0	0	0	0	0	0	0	0	0	0	0	0	0	0	0	0	0	0	0	0	0	0	0	15	0	0	0	0	0	0	0
ASV_2696	0	0	0	0	0	0	0	0	0	0	0	0	0	0	0	0	0	0	0	0	0	0	0	0	0	0	0	15	0	0	0	0	0	0	0
ASV_2697	0	0	0	0	0	0	0	0	0	0	0	0	0	0	0	0	0	0	0	0	0	0	0	0	0	0	0	0	0	0	15	0	0	0	0
ASV_2698	7	0	0	0	0	0	0	0	0	3	0	0	0	0	0	0	2	0	0	0	0	0	0	0	0	0	0	0	2	0	0	0	0	0	0
ASV_2699	14	0	0	0	0	0	0	0	0	0	0	0	0	0	0	0	0	0	0	0	0	0	0	0	0	0	0	0	0	0	0	0	0	0	0
ASV_2700	0	14	0	0	0	0	0	0	0	0	0	0	0	0	0	0	0	0	0	0	0	0	0	0	0	0	0	0	0	0	0	0	0	0	0
ASV_2701	0	14	0	0	0	0	0	0	0	0	0	0	0	0	0	0	0	0	0	0	0	0	0	0	0	0	0	0	0	0	0	0	0	0	0
ASV_2702	0	14	0	0	0	0	0	0	0	0	0	0	0	0	0	0	0	0	0	0	0	0	0	0	0	0	0	0	0	0	0	0	0	0	0
ASV_2703	0	0	14	0	0	0	0	0	0	0	0	0	0	0	0	0	0	0	0	0	0	0	0	0	0	0	0	0	0	0	0	0	0	0	0
ASV_2704	0	0	14	0	0	0	0	0	0	0	0	0	0	0	0	0	0	0	0	0	0	0	0	0	0	0	0	0	0	0	0	0	0	0	0
ASV_2705	0	0	0	8	0	0	0	0	0	0	0	0	0	0	0	0	0	0	0	0	0	0	0	0	6	0	0	0	0	0	0	0	0	0	0
ASV_2706	0	0	0	0	0	0	14	0	0	0	0	0	0	0	0	0	0	0	0	0	0	0	0	0	0	0	0	0	0	0	0	0	0	0	0
ASV_2707	0	0	0	0	0	0	8	0	0	0	0	0	0	0	0	0	0	0	0	0	0	0	0	0	0	0	0	0	0	0	0	6	0	0	0
ASV_2708	0	0	0	0	0	0	0	3	0	0	0	0	0	4	0	0	0	0	0	0	0	0	0	0	0	3	4	0	0	0	0	0	0	0	0
ASV_2709	0	0	0	0	0	0	0	0	0	5	0	0	5	4	0	0	0	0	0	0	0	0	0	0	0	0	0	0	0	0	0	0	0	0	0
ASV_2710	0	0	0	0	0	0	0	0	0	7	0	0	7	0	0	0	0	0	0	0	0	0	0	0	0	0	0	0	0	0	0	0	0	0	0
ASV_2711	0	0	0	0	0	0	0	0	0	0	12	0	0	0	0	0	0	0	0	0	0	0	0	0	0	0	0	0	0	0	2	0	0	0	0
ASV_2712	0	0	0	0	0	0	0	0	0	0	14	0	0	0	0	0	0	0	0	0	0	0	0	0	0	0	0	0	0	0	0	0	0	0	0
ASV_2713	0	0	0	0	0	0	0	0	0	0	0	0	14	0	0	0	0	0	0	0	0	0	0	0	0	0	0	0	0	0	0	0	0	0	0
ASV_2714	0	0	0	0	0	0	0	0	0	0	0	0	0	14	0	0	0	0	0	0	0	0	0	0	0	0	0	0	0	0	0	0	0	0	0
ASV_2715	0	0	0	0	0	0	0	0	0	0	0	0	0	0	0	14	0	0	0	0	0	0	0	0	0	0	0	0	0	0	0	0	0	0	0
ASV_2716	0	0	0	0	0	0	0	0	0	0	0	0	0	0	0	14	0	0	0	0	0	0	0	0	0	0	0	0	0	0	0	0	0	0	0
ASV_2717	0	0	0	0	0	0	0	0	0	0	0	0	0	0	0	0	7	0	0	0	0	0	0	0	0	0	0	7	0	0	0	0	0	0	0
ASV_2718	0	0	0	0	0	0	0	0	0	0	0	0	0	0	0	0	0	0	9	5	0	0	0	0	0	0	0	0	0	0	0	0	0	0	0
ASV_2719	0	0	0	0	0	0	0	0	0	0	0	0	0	0	0	0	0	0	0	3	0	0	0	0	0	0	0	0	0	0	0	11	0	0	0
ASV_2720	0	0	0	0	0	0	0	0	0	0	0	0	0	0	0	0	0	0	0	0	14	0	0	0	0	0	0	0	0	0	0	0	0	0	0
ASV_2721	0	0	0	0	0	0	0	0	0	0	0	0	0	0	0	0	0	0	0	0	0	14	0	0	0	0	0	0	0	0	0	0	0	0	0
ASV_2722	0	0	0	0	0	0	0	0	0	0	0	0	0	0	0	0	0	0	0	0	0	0	14	0	0	0	0	0	0	0	0	0	0	0	0
ASV_2723	0	0	0	0	0	0	0	0	0	0	0	0	0	0	0	0	0	0	0	0	0	0	0	14	0	0	0	0	0	0	0	0	0	0	0
ASV_2724	0	0	0	0	0	0	0	0	0	0	0	0	0	0	0	0	0	0	0	0	0	0	0	14	0	0	0	0	0	0	0	0	0	0	0
ASV_2725	0	0	0	0	0	0	0	0	0	0	0	0	0	0	0	0	0	0	0	0	0	0	0	14	0	0	0	0	0	0	0	0	0	0	0
ASV_2726	0	0	0	0	0	0	0	0	0	0	0	0	0	0	0	0	0	0	0	0	0	0	0	0	0	14	0	0	0	0	0	0	0	0	0
ASV_2727	0	0	0	0	0	0	0	0	0	0	0	0	0	0	0	0	0	0	0	0	0	0	0	0	0	14	0	0	0	0	0	0	0	0	0
ASV_2728	0	0	0	0	0	0	0	0	0	0	0	0	0	0	0	0	0	0	0	0	0	0	0	0	0	14	0	0	0	0	0	0	0	0	0
ASV_2729	0	0	0	0	0	0	0	0	0	0	0	0	0	0	0	0	0	0	0	0	0	0	0	0	0	0	0	14	0	0	0	0	0	0	0
ASV_2730	0	0	0	0	0	0	0	0	0	0	0	0	0	0	0	0	0	0	0	0	0	0	0	0	0	0	0	14	0	0	0	0	0	0	0
ASV_2731	0	0	0	0	0	0	0	0	0	0	0	0	0	0	0	0	0	0	0	0	0	0	0	0	0	0	0	0	0	0	14	0	0	0	0
ASV_2732	0	0	0	0	0	0	0	0	0	0	0	0	0	0	0	0	0	0	0	0	0	0	0	0	0	0	0	0	0	0	0	0	14	0	0
ASV_2733	0	0	0	0	0	0	0	0	0	0	0	0	0	0	0	0	0	0	0	0	0	0	0	0	0	0	0	0	0	0	0	0	0	14	0
ASV_2734	0	0	0	0	0	0	0	0	0	0	0	0	0	0	0	0	0	0	0	0	0	0	0	0	0	0	0	0	0	0	0	0	0	14	0
ASV_2735	10	0	0	0	0	0	0	0	0	0	0	0	0	0	0	0	0	0	0	0	0	3	0	0	0	0	0	0	0	0	0	0	0	0	0
ASV_2736	0	10	0	0	0	0	0	0	0	0	0	0	0	0	0	0	0	0	0	0	3	0	0	0	0	0	0	0	0	0	0	0	0	0	0
ASV_2737	0	4	0	0	0	0	0	7	0	0	0	0	0	0	0	0	0	0	0	0	0	0	0	0	0	0	0	0	2	0	0	0	0	0	0
ASV_2738	0	0	13	0	0	0	0	0	0	0	0	0	0	0	0	0	0	0	0	0	0	0	0	0	0	0	0	0	0	0	0	0	0	0	0
ASV_2739	0	0	13	0	0	0	0	0	0	0	0	0	0	0	0	0	0	0	0	0	0	0	0	0	0	0	0	0	0	0	0	0	0	0	0
ASV_2740	0	0	0	0	13	0	0	0	0	0	0	0	0	0	0	0	0	0	0	0	0	0	0	0	0	0	0	0	0	0	0	0	0	0	0
ASV_2741	0	0	0	0	0	13	0	0	0	0	0	0	0	0	0	0	0	0	0	0	0	0	0	0	0	0	0	0	0	0	0	0	0	0	0
ASV_2742	0	0	0	0	0	0	13	0	0	0	0	0	0	0	0	0	0	0	0	0	0	0	0	0	0	0	0	0	0	0	0	0	0	0	0
ASV_2743	0	0	0	0	0	0	13	0	0	0	0	0	0	0	0	0	0	0	0	0	0	0	0	0	0	0	0	0	0	0	0	0	0	0	0
ASV_2744	0	0	0	0	0	0	6	0	0	0	0	0	0	0	0	0	0	0	0	0	7	0	0	0	0	0	0	0	0	0	0	0	0	0	0
ASV_2745	0	0	0	0	0	0	0	9	0	0	0	0	0	0	0	0	0	0	0	0	0	4	0	0	0	0	0	0	0	0	0	0	0	0	0
ASV_2746	0	0	0	0	0	0	0	6	0	0	0	0	0	0	0	0	0	0	0	0	0	0	0	0	0	0	0	0	3	4	0	0	0	0	0
ASV_2747	0	0	0	0	0	0	0	13	0	0	0	0	0	0	0	0	0	0	0	0	0	0	0	0	0	0	0	0	0	0	0	0	0	0	0
ASV_2748	0	0	0	0	0	0	0	0	0	13	0	0	0	0	0	0	0	0	0	0	0	0	0	0	0	0	0	0	0	0	0	0	0	0	0
ASV_2749	0	0	0	0	0	0	0	0	0	0	13	0	0	0	0	0	0	0	0	0	0	0	0	0	0	0	0	0	0	0	0	0	0	0	0
ASV_2750	0	0	0	0	0	0	0	0	0	0	13	0	0	0	0	0	0	0	0	0	0	0	0	0	0	0	0	0	0	0	0	0	0	0	0
ASV_2751	0	0	0	0	0	0	0	0	0	0	0	0	13	0	0	0	0	0	0	0	0	0	0	0	0	0	0	0	0	0	0	0	0	0	0
ASV_2752	0	0	0	0	0	0	0	0	0	0	0	0	0	13	0	0	0	0	0	0	0	0	0	0	0	0	0	0	0	0	0	0	0	0	0
ASV_2753	0	0	0	0	0	0	0	0	0	0	0	0	0	0	0	13	0	0	0	0	0	0	0	0	0	0	0	0	0	0	0	0	0	0	0
ASV_2754	0	0	0	0	0	0	0	0	0	0	0	0	0	0	0	13	0	0	0	0	0	0	0	0	0	0	0	0	0	0	0	0	0	0	0
ASV_2755	0	0	0	0	0	0	0	0	0	0	0	0	0	0	0	0	5	0	0	0	0	0	0	0	0	0	8	0	0	0	0	0	0	0	0
ASV_2756	0	0	0	0	0	0	0	0	0	0	0	0	0	0	0	0	0	13	0	0	0	0	0	0	0	0	0	0	0	0	0	0	0	0	0
ASV_2757	0	0	0	0	0	0	0	0	0	0	0	0	0	0	0	0	0	13	0	0	0	0	0	0	0	0	0	0	0	0	0	0	0	0	0
ASV_2758	0	0	0	0	0	0	0	0	0	0	0	0	0	0	0	0	0	0	13	0	0	0	0	0	0	0	0	0	0	0	0	0	0	0	0
ASV_2759	0	0	0	0	0	0	0	0	0	0	0	0	0	0	0	0	0	0	6	0	7	0	0	0	0	0	0	0	0	0	0	0	0	0	0
ASV_2760	0	0	0	0	0	0	0	0	0	0	0	0	0	0	0	0	0	0	0	0	13	0	0	0	0	0	0	0	0	0	0	0	0	0	0
ASV_2761	0	0	0	0	0	0	0	0	0	0	0	0	0	0	0	0	0	0	0	0	0	13	0	0	0	0	0	0	0	0	0	0	0	0	0
ASV_2762	0	0	0	0	0	0	0	0	0	0	0	0	0	0	0	0	0	0	0	0	0	0	0	13	0	0	0	0	0	0	0	0	0	0	0
ASV_2763	0	0	0	0	0	0	0	0	0	0	0	0	0	0	0	0	0	0	0	0	0	0	0	7	0	6	0	0	0	0	0	0	0	0	0
ASV_2764	0	0	0	0	0	0	0	0	0	0	0	0	0	0	0	0	0	0	0	0	0	0	0	0	0	13	0	0	0	0	0	0	0	0	0
ASV_2765	0	0	0	0	0	0	0	0	0	0	0	0	0	0	0	0	0	0	0	0	0	0	0	0	0	0	13	0	0	0	0	0	0	0	0
ASV_2766	0	0	0	0	0	0	0	0	0	0	0	0	0	0	0	0	0	0	0	0	0	0	0	0	0	0	7	0	0	6	0	0	0	0	0
ASV_2767	0	0	0	0	0	0	0	0	0	0	0	0	0	0	0	0	0	0	0	0	0	0	0	0	0	0	0	13	0	0	0	0	0	0	0
ASV_2768	0	0	0	0	0	0	0	0	0	0	0	0	0	0	0	0	0	0	0	0	0	0	0	0	0	0	0	13	0	0	0	0	0	0	0
ASV_2769	0	0	0	0	0	0	0	0	0	0	0	0	0	0	0	0	0	0	0	0	0	0	0	0	0	0	0	3	10	0	0	0	0	0	0
ASV_2770	0	0	0	0	0	0	0	0	0	0	0	0	0	0	0	0	0	0	0	0	0	0	0	0	0	0	0	0	13	0	0	0	0	0	0
ASV_2771	0	0	0	0	0	0	0	0	0	0	0	0	0	0	0	0	0	0	0	0	0	0	0	0	0	0	0	0	0	0	0	0	13	0	0
ASV_2772	0	0	0	0	0	0	0	0	0	0	0	0	0	0	0	0	0	0	0	0	0	0	0	0	0	0	0	0	0	0	0	0	13	0	0
ASV_2773	0	0	0	0	0	0	0	0	0	0	0	0	0	0	0	0	0	0	0	0	0	0	0	0	0	0	0	0	0	0	0	0	13	0	0
ASV_2774	12	0	0	0	0	0	0	0	0	0	0	0	0	0	0	0	0	0	0	0	0	0	0	0	0	0	0	0	0	0	0	0	0	0	0
ASV_2775	12	0	0	0	0	0	0	0	0	0	0	0	0	0	0	0	0	0	0	0	0	0	0	0	0	0	0	0	0	0	0	0	0	0	0
ASV_2776	3	0	0	0	0	0	4	0	0	0	0	0	0	0	0	0	0	0	0	0	5	0	0	0	0	0	0	0	0	0	0	0	0	0	0
ASV_2777	0	4	8	0	0	0	0	0	0	0	0	0	0	0	0	0	0	0	0	0	0	0	0	0	0	0	0	0	0	0	0	0	0	0	0
ASV_2778	0	0	12	0	0	0	0	0	0	0	0	0	0	0	0	0	0	0	0	0	0	0	0	0	0	0	0	0	0	0	0	0	0	0	0
ASV_2779	0	0	0	12	0	0	0	0	0	0	0	0	0	0	0	0	0	0	0	0	0	0	0	0	0	0	0	0	0	0	0	0	0	0	0
ASV_2780	0	0	0	0	0	0	12	0	0	0	0	0	0	0	0	0	0	0	0	0	0	0	0	0	0	0	0	0	0	0	0	0	0	0	0
ASV_2781	0	0	0	0	0	0	9	0	3	0	0	0	0	0	0	0	0	0	0	0	0	0	0	0	0	0	0	0	0	0	0	0	0	0	0
ASV_2782	0	0	0	0	0	0	5	0	0	0	0	0	0	0	0	0	0	0	0	0	0	0	0	7	0	0	0	0	0	0	0	0	0	0	0
ASV_2783	0	0	0	0	0	0	0	12	0	0	0	0	0	0	0	0	0	0	0	0	0	0	0	0	0	0	0	0	0	0	0	0	0	0	0
ASV_2784	0	0	0	0	0	0	0	0	12	0	0	0	0	0	0	0	0	0	0	0	0	0	0	0	0	0	0	0	0	0	0	0	0	0	0
ASV_2785	0	0	0	0	0	0	0	0	0	0	9	0	0	0	0	0	0	0	0	0	0	3	0	0	0	0	0	0	0	0	0	0	0	0	0
ASV_2786	0	0	0	0	0	0	0	0	0	0	0	0	12	0	0	0	0	0	0	0	0	0	0	0	0	0	0	0	0	0	0	0	0	0	0
ASV_2787	0	0	0	0	0	0	0	0	0	0	0	0	12	0	0	0	0	0	0	0	0	0	0	0	0	0	0	0	0	0	0	0	0	0	0
ASV_2788	0	0	0	0	0	0	0	0	0	0	0	0	0	12	0	0	0	0	0	0	0	0	0	0	0	0	0	0	0	0	0	0	0	0	0
ASV_2789	0	0	0	0	0	0	0	0	0	0	0	0	0	0	8	0	0	0	0	0	0	0	0	0	0	0	0	4	0	0	0	0	0	0	0
ASV_2790	0	0	0	0	0	0	0	0	0	0	0	0	0	0	0	9	0	0	3	0	0	0	0	0	0	0	0	0	0	0	0	0	0	0	0
ASV_2791	0	0	0	0	0	0	0	0	0	0	0	0	0	0	0	0	12	0	0	0	0	0	0	0	0	0	0	0	0	0	0	0	0	0	0
ASV_2792	0	0	0	0	0	0	0	0	0	0	0	0	0	0	0	0	12	0	0	0	0	0	0	0	0	0	0	0	0	0	0	0	0	0	0
ASV_2793	0	0	0	0	0	0	0	0	0	0	0	0	0	0	0	0	0	12	0	0	0	0	0	0	0	0	0	0	0	0	0	0	0	0	0
ASV_2794	0	0	0	0	0	0	0	0	0	0	0	0	0	0	0	0	0	12	0	0	0	0	0	0	0	0	0	0	0	0	0	0	0	0	0
ASV_2795	0	0	0	0	0	0	0	0	0	0	0	0	0	0	0	0	0	0	12	0	0	0	0	0	0	0	0	0	0	0	0	0	0	0	0
ASV_2796	0	0	0	0	0	0	0	0	0	0	0	0	0	0	0	0	0	0	0	12	0	0	0	0	0	0	0	0	0	0	0	0	0	0	0
ASV_2797	0	0	0	0	0	0	0	0	0	0	0	0	0	0	0	0	0	0	0	12	0	0	0	0	0	0	0	0	0	0	0	0	0	0	0
ASV_2798	0	0	0	0	0	0	0	0	0	0	0	0	0	0	0	0	0	0	0	12	0	0	0	0	0	0	0	0	0	0	0	0	0	0	0
ASV_2799	0	0	0	0	0	0	0	0	0	0	0	0	0	0	0	0	0	0	0	0	12	0	0	0	0	0	0	0	0	0	0	0	0	0	0
ASV_2800	0	0	0	0	0	0	0	0	0	0	0	0	0	0	0	0	0	0	0	0	0	12	0	0	0	0	0	0	0	0	0	0	0	0	0
ASV_2801	0	0	0	0	0	0	0	0	0	0	0	0	0	0	0	0	0	0	0	0	0	0	12	0	0	0	0	0	0	0	0	0	0	0	0
ASV_2802	0	0	0	0	0	0	0	0	0	0	0	0	0	0	0	0	0	0	0	0	0	0	12	0	0	0	0	0	0	0	0	0	0	0	0
ASV_2803	0	0	0	0	0	0	0	0	0	0	0	0	0	0	0	0	0	0	0	0	0	0	12	0	0	0	0	0	0	0	0	0	0	0	0
ASV_2804	0	0	0	0	0	0	0	0	0	0	0	0	0	0	0	0	0	0	0	0	0	0	0	12	0	0	0	0	0	0	0	0	0	0	0
ASV_2805	0	0	0	0	0	0	0	0	0	0	0	0	0	0	0	0	0	0	0	0	0	0	0	0	12	0	0	0	0	0	0	0	0	0	0
ASV_2806	0	0	0	0	0	0	0	0	0	0	0	0	0	0	0	0	0	0	0	0	0	0	0	0	3	0	0	0	0	5	4	0	0	0	0
ASV_2807	0	0	0	0	0	0	0	0	0	0	0	0	0	0	0	0	0	0	0	0	0	0	0	0	0	12	0	0	0	0	0	0	0	0	0
ASV_2808	0	0	0	0	0	0	0	0	0	0	0	0	0	0	0	0	0	0	0	0	0	0	0	0	0	12	0	0	0	0	0	0	0	0	0
ASV_2809	0	0	0	0	0	0	0	0	0	0	0	0	0	0	0	0	0	0	0	0	0	0	0	0	0	0	12	0	0	0	0	0	0	0	0
ASV_2810	0	0	0	0	0	0	0	0	0	0	0	0	0	0	0	0	0	0	0	0	0	0	0	0	0	0	0	0	12	0	0	0	0	0	0
ASV_2811	0	0	0	0	0	0	0	0	0	0	0	0	0	0	0	0	0	0	0	0	0	0	0	0	0	0	0	0	12	0	0	0	0	0	0
ASV_2812	0	0	0	0	0	0	0	0	0	0	0	0	0	0	0	0	0	0	0	0	0	0	0	0	0	0	0	0	0	8	0	4	0	0	0
ASV_2813	0	0	0	0	0	0	0	0	0	0	0	0	0	0	0	0	0	0	0	0	0	0	0	0	0	0	0	0	0	0	0	0	12	0	0
ASV_2814	11	0	0	0	0	0	0	0	0	0	0	0	0	0	0	0	0	0	0	0	0	0	0	0	0	0	0	0	0	0	0	0	0	0	0
ASV_2815	11	0	0	0	0	0	0	0	0	0	0	0	0	0	0	0	0	0	0	0	0	0	0	0	0	0	0	0	0	0	0	0	0	0	0
ASV_2816	5	0	0	0	0	0	3	0	0	0	0	0	0	0	3	0	0	0	0	0	0	0	0	0	0	0	0	0	0	0	0	0	0	0	0
ASV_2817	5	0	0	0	0	0	0	3	0	0	0	0	0	0	0	0	0	0	0	0	0	0	0	0	0	0	0	0	0	0	0	3	0	0	0
ASV_2818	0	5	0	0	0	0	0	0	0	0	0	0	0	6	0	0	0	0	0	0	0	0	0	0	0	0	0	0	0	0	0	0	0	0	0
ASV_2819	0	11	0	0	0	0	0	0	0	0	0	0	0	0	0	0	0	0	0	0	0	0	0	0	0	0	0	0	0	0	0	0	0	0	0
ASV_2820	0	0	11	0	0	0	0	0	0	0	0	0	0	0	0	0	0	0	0	0	0	0	0	0	0	0	0	0	0	0	0	0	0	0	0
ASV_2821	0	0	0	0	0	0	11	0	0	0	0	0	0	0	0	0	0	0	0	0	0	0	0	0	0	0	0	0	0	0	0	0	0	0	0
ASV_2822	0	0	0	0	0	0	8	0	0	0	0	0	0	0	0	0	3	0	0	0	0	0	0	0	0	0	0	0	0	0	0	0	0	0	0
ASV_2823	0	0	0	0	0	0	11	0	0	0	0	0	0	0	0	0	0	0	0	0	0	0	0	0	0	0	0	0	0	0	0	0	0	0	0
ASV_2824	0	0	0	0	0	0	0	11	0	0	0	0	0	0	0	0	0	0	0	0	0	0	0	0	0	0	0	0	0	0	0	0	0	0	0
ASV_2825	0	0	0	0	0	0	0	11	0	0	0	0	0	0	0	0	0	0	0	0	0	0	0	0	0	0	0	0	0	0	0	0	0	0	0
ASV_2826	0	0	0	0	0	0	0	0	11	0	0	0	0	0	0	0	0	0	0	0	0	0	0	0	0	0	0	0	0	0	0	0	0	0	0
ASV_2827	0	0	0	0	0	0	0	0	11	0	0	0	0	0	0	0	0	0	0	0	0	0	0	0	0	0	0	0	0	0	0	0	0	0	0
ASV_2828	0	0	0	0	0	0	0	0	11	0	0	0	0	0	0	0	0	0	0	0	0	0	0	0	0	0	0	0	0	0	0	0	0	0	0
ASV_2829	0	0	0	0	0	0	0	0	0	4	3	0	0	0	0	0	0	0	0	0	0	0	0	0	0	0	0	0	0	0	0	0	4	0	0
ASV_2830	0	0	0	0	0	0	0	0	0	5	0	0	0	0	0	0	0	0	0	0	0	0	0	0	0	0	0	0	6	0	0	0	0	0	0
ASV_2831	0	0	0	0	0	0	0	0	0	0	6	0	0	0	0	0	5	0	0	0	0	0	0	0	0	0	0	0	0	0	0	0	0	0	0
ASV_2832	0	0	0	0	0	0	0	0	0	0	11	0	0	0	0	0	0	0	0	0	0	0	0	0	0	0	0	0	0	0	0	0	0	0	0
ASV_2833	0	0	0	0	0	0	0	0	0	0	0	0	11	0	0	0	0	0	0	0	0	0	0	0	0	0	0	0	0	0	0	0	0	0	0
ASV_2834	0	0	0	0	0	0	0	0	0	0	0	0	0	0	0	0	11	0	0	0	0	0	0	0	0	0	0	0	0	0	0	0	0	0	0
ASV_2835	0	0	0	0	0	0	0	0	0	0	0	0	0	0	0	0	11	0	0	0	0	0	0	0	0	0	0	0	0	0	0	0	0	0	0
ASV_2836	0	0	0	0	0	0	0	0	0	0	0	0	0	0	0	0	11	0	0	0	0	0	0	0	0	0	0	0	0	0	0	0	0	0	0
ASV_2837	0	0	0	0	0	0	0	0	0	0	0	0	0	0	0	0	0	11	0	0	0	0	0	0	0	0	0	0	0	0	0	0	0	0	0
ASV_2838	0	0	0	0	0	0	0	0	0	0	0	0	0	0	0	0	0	11	0	0	0	0	0	0	0	0	0	0	0	0	0	0	0	0	0
ASV_2839	0	0	0	0	0	0	0	0	0	0	0	0	0	0	0	0	0	0	11	0	0	0	0	0	0	0	0	0	0	0	0	0	0	0	0
ASV_2840	0	0	0	0	0	0	0	0	0	0	0	0	0	0	0	0	0	0	0	11	0	0	0	0	0	0	0	0	0	0	0	0	0	0	0
ASV_2841	0	0	0	0	0	0	0	0	0	0	0	0	0	0	0	0	0	0	0	11	0	0	0	0	0	0	0	0	0	0	0	0	0	0	0
ASV_2842	0	0	0	0	0	0	0	0	0	0	0	0	0	0	0	0	0	0	0	5	0	0	0	0	0	0	6	0	0	0	0	0	0	0	0
ASV_2843	0	0	0	0	0	0	0	0	0	0	0	0	0	0	0	0	0	0	0	0	11	0	0	0	0	0	0	0	0	0	0	0	0	0	0
ASV_2844	0	0	0	0	0	0	0	0	0	0	0	0	0	0	0	0	0	0	0	0	11	0	0	0	0	0	0	0	0	0	0	0	0	0	0
ASV_2845	0	0	0	0	0	0	0	0	0	0	0	0	0	0	0	0	0	0	0	0	0	3	0	0	0	2	0	6	0	0	0	0	0	0	0
ASV_2846	0	0	0	0	0	0	0	0	0	0	0	0	0	0	0	0	0	0	0	0	0	0	11	0	0	0	0	0	0	0	0	0	0	0	0
ASV_2847	0	0	0	0	0	0	0	0	0	0	0	0	0	0	0	0	0	0	0	0	0	0	3	0	0	0	0	0	0	0	0	0	0	0	8
ASV_2848	0	0	0	0	0	0	0	0	0	0	0	0	0	0	0	0	0	0	0	0	0	0	0	11	0	0	0	0	0	0	0	0	0	0	0
ASV_2849	0	0	0	0	0	0	0	0	0	0	0	0	0	0	0	0	0	0	0	0	0	0	0	11	0	0	0	0	0	0	0	0	0	0	0
ASV_2850	0	0	0	0	0	0	0	0	0	0	0	0	0	0	0	0	0	0	0	0	0	0	0	0	11	0	0	0	0	0	0	0	0	0	0
ASV_2851	0	0	0	0	0	0	0	0	0	0	0	0	0	0	0	0	0	0	0	0	0	0	0	0	0	11	0	0	0	0	0	0	0	0	0
ASV_2852	0	0	0	0	0	0	0	0	0	0	0	0	0	0	0	0	0	0	0	0	0	0	0	0	0	11	0	0	0	0	0	0	0	0	0
ASV_2853	0	0	0	0	0	0	0	0	0	0	0	0	0	0	0	0	0	0	0	0	0	0	0	0	0	11	0	0	0	0	0	0	0	0	0
ASV_2854	0	0	0	0	0	0	0	0	0	0	0	0	0	0	0	0	0	0	0	0	0	0	0	0	0	0	0	0	11	0	0	0	0	0	0
ASV_2855	0	0	0	0	0	0	0	0	0	0	0	0	0	0	0	0	0	0	0	0	0	0	0	0	0	0	0	0	11	0	0	0	0	0	0
ASV_2856	0	0	0	0	0	0	0	0	0	0	0	0	0	0	0	0	0	0	0	0	0	0	0	0	0	0	0	0	11	0	0	0	0	0	0
ASV_2857	0	0	0	0	0	0	0	0	0	0	0	0	0	0	0	0	0	0	0	0	0	0	0	0	0	0	0	0	0	11	0	0	0	0	0
ASV_2858	0	0	0	0	0	0	0	0	0	0	0	0	0	0	0	0	0	0	0	0	0	0	0	0	0	0	0	0	0	0	0	4	7	0	0
ASV_2859	0	0	0	0	0	0	0	0	0	0	0	0	0	0	0	0	0	0	0	0	0	0	0	0	0	0	0	0	0	0	0	11	0	0	0
ASV_2860	7	0	0	0	0	0	0	0	0	0	0	0	0	0	0	0	0	0	0	0	3	0	0	0	0	0	0	0	0	0	0	0	0	0	0
ASV_2861	10	0	0	0	0	0	0	0	0	0	0	0	0	0	0	0	0	0	0	0	0	0	0	0	0	0	0	0	0	0	0	0	0	0	0
ASV_2862	0	10	0	0	0	0	0	0	0	0	0	0	0	0	0	0	0	0	0	0	0	0	0	0	0	0	0	0	0	0	0	0	0	0	0
ASV_2863	0	0	10	0	0	0	0	0	0	0	0	0	0	0	0	0	0	0	0	0	0	0	0	0	0	0	0	0	0	0	0	0	0	0	0
ASV_2864	0	0	0	5	0	0	0	0	0	0	0	0	0	0	0	0	0	0	0	0	0	0	5	0	0	0	0	0	0	0	0	0	0	0	0
ASV_2865	0	0	0	0	0	0	5	0	0	0	0	0	0	0	0	0	0	0	0	5	0	0	0	0	0	0	0	0	0	0	0	0	0	0	0
ASV_2866	0	0	0	0	0	0	0	4	0	0	0	0	0	0	0	0	0	0	0	0	0	0	0	0	3	0	0	0	0	0	0	0	3	0	0
ASV_2867	0	0	0	0	0	0	0	10	0	0	0	0	0	0	0	0	0	0	0	0	0	0	0	0	0	0	0	0	0	0	0	0	0	0	0
ASV_2868	0	0	0	0	0	0	0	2	0	2	0	0	0	0	0	0	0	0	3	0	0	0	0	0	0	0	3	0	0	0	0	0	0	0	0
ASV_2869	0	0	0	0	0	0	0	0	10	0	0	0	0	0	0	0	0	0	0	0	0	0	0	0	0	0	0	0	0	0	0	0	0	0	0
ASV_2870	0	0	0	0	0	0	0	0	10	0	0	0	0	0	0	0	0	0	0	0	0	0	0	0	0	0	0	0	0	0	0	0	0	0	0
ASV_2871	0	0	0	0	0	0	0	0	0	2	0	0	0	0	0	4	4	0	0	0	0	0	0	0	0	0	0	0	0	0	0	0	0	0	0
ASV_2872	0	0	0	0	0	0	0	0	0	0	10	0	0	0	0	0	0	0	0	0	0	0	0	0	0	0	0	0	0	0	0	0	0	0	0
ASV_2873	0	0	0	0	0	0	0	0	0	0	2	0	0	0	0	0	0	5	0	0	0	0	0	3	0	0	0	0	0	0	0	0	0	0	0
ASV_2874	0	0	0	0	0	0	0	0	0	0	0	0	10	0	0	0	0	0	0	0	0	0	0	0	0	0	0	0	0	0	0	0	0	0	0
ASV_2875	0	0	0	0	0	0	0	0	0	0	0	0	10	0	0	0	0	0	0	0	0	0	0	0	0	0	0	0	0	0	0	0	0	0	0
ASV_2876	0	0	0	0	0	0	0	0	0	0	0	0	10	0	0	0	0	0	0	0	0	0	0	0	0	0	0	0	0	0	0	0	0	0	0
ASV_2877	0	0	0	0	0	0	0	0	0	0	0	0	0	10	0	0	0	0	0	0	0	0	0	0	0	0	0	0	0	0	0	0	0	0	0
ASV_2878	0	0	0	0	0	0	0	0	0	0	0	0	0	10	0	0	0	0	0	0	0	0	0	0	0	0	0	0	0	0	0	0	0	0	0
ASV_2879	0	0	0	0	0	0	0	0	0	0	0	0	0	0	0	10	0	0	0	0	0	0	0	0	0	0	0	0	0	0	0	0	0	0	0
ASV_2880	0	0	0	0	0	0	0	0	0	0	0	0	0	0	0	10	0	0	0	0	0	0	0	0	0	0	0	0	0	0	0	0	0	0	0
ASV_2881	0	0	0	0	0	0	0	0	0	0	0	0	0	0	0	0	10	0	0	0	0	0	0	0	0	0	0	0	0	0	0	0	0	0	0
ASV_2882	0	0	0	0	0	0	0	0	0	0	0	0	0	0	0	0	10	0	0	0	0	0	0	0	0	0	0	0	0	0	0	0	0	0	0
ASV_2883	0	0	0	0	0	0	0	0	0	0	0	0	0	0	0	0	4	0	0	0	0	0	0	0	0	0	0	0	0	0	0	0	6	0	0
ASV_2884	0	0	0	0	0	0	0	0	0	0	0	0	0	0	0	0	0	6	0	0	4	0	0	0	0	0	0	0	0	0	0	0	0	0	0
ASV_2885	0	0	0	0	0	0	0	0	0	0	0	0	0	0	0	0	0	10	0	0	0	0	0	0	0	0	0	0	0	0	0	0	0	0	0
ASV_2886	0	0	0	0	0	0	0	0	0	0	0	0	0	0	0	0	0	10	0	0	0	0	0	0	0	0	0	0	0	0	0	0	0	0	0
ASV_2887	0	0	0	0	0	0	0	0	0	0	0	0	0	0	0	0	0	0	10	0	0	0	0	0	0	0	0	0	0	0	0	0	0	0	0
ASV_2888	0	0	0	0	0	0	0	0	0	0	0	0	0	0	0	0	0	0	0	10	0	0	0	0	0	0	0	0	0	0	0	0	0	0	0
ASV_2889	0	0	0	0	0	0	0	0	0	0	0	0	0	0	0	0	0	0	0	10	0	0	0	0	0	0	0	0	0	0	0	0	0	0	0
ASV_2890	0	0	0	0	0	0	0	0	0	0	0	0	0	0	0	0	0	0	0	10	0	0	0	0	0	0	0	0	0	0	0	0	0	0	0
ASV_2891	0	0	0	0	0	0	0	0	0	0	0	0	0	0	0	0	0	0	0	10	0	0	0	0	0	0	0	0	0	0	0	0	0	0	0
ASV_2892	0	0	0	0	0	0	0	0	0	0	0	0	0	0	0	0	0	0	0	0	10	0	0	0	0	0	0	0	0	0	0	0	0	0	0
ASV_2893	0	0	0	0	0	0	0	0	0	0	0	0	0	0	0	0	0	0	0	0	0	10	0	0	0	0	0	0	0	0	0	0	0	0	0
ASV_2894	0	0	0	0	0	0	0	0	0	0	0	0	0	0	0	0	0	0	0	0	0	10	0	0	0	0	0	0	0	0	0	0	0	0	0
ASV_2895	0	0	0	0	0	0	0	0	0	0	0	0	0	0	0	0	0	0	0	0	0	0	10	0	0	0	0	0	0	0	0	0	0	0	0
ASV_2896	0	0	0	0	0	0	0	0	0	0	0	0	0	0	0	0	0	0	0	0	0	0	0	10	0	0	0	0	0	0	0	0	0	0	0
ASV_2897	0	0	0	0	0	0	0	0	0	0	0	0	0	0	0	0	0	0	0	0	0	0	0	5	0	0	0	0	5	0	0	0	0	0	0
ASV_2898	0	0	0	0	0	0	0	0	0	0	0	0	0	0	0	0	0	0	0	0	0	0	0	0	0	10	0	0	0	0	0	0	0	0	0
ASV_2899	0	0	0	0	0	0	0	0	0	0	0	0	0	0	0	0	0	0	0	0	0	0	0	0	0	10	0	0	0	0	0	0	0	0	0
ASV_2900	0	0	0	0	0	0	0	0	0	0	0	0	0	0	0	0	0	0	0	0	0	0	0	0	0	0	0	10	0	0	0	0	0	0	0
ASV_2901	0	0	0	0	0	0	0	0	0	0	0	0	0	0	0	0	0	0	0	0	0	0	0	0	0	0	0	10	0	0	0	0	0	0	0
ASV_2902	0	0	0	0	0	0	0	0	0	0	0	0	0	0	0	0	0	0	0	0	0	0	0	0	0	0	0	0	10	0	0	0	0	0	0
ASV_2903	0	0	0	0	0	0	0	0	0	0	0	0	0	0	0	0	0	0	0	0	0	0	0	0	0	0	0	0	10	0	0	0	0	0	0
ASV_2904	0	0	0	0	0	0	0	0	0	0	0	0	0	0	0	0	0	0	0	0	0	0	0	0	0	0	0	0	0	0	10	0	0	0	0
ASV_2905	0	0	0	0	0	0	0	0	0	0	0	0	0	0	0	0	0	0	0	0	0	0	0	0	0	0	0	0	0	0	0	0	10	0	0
ASV_2906	0	0	0	0	0	0	0	0	0	0	0	0	0	0	0	0	0	0	0	0	0	0	0	0	0	0	0	0	0	0	0	0	10	0	0
ASV_2907	0	0	0	0	0	0	0	0	0	0	0	0	0	0	0	0	0	0	0	0	0	0	0	0	0	0	0	0	0	0	0	0	10	0	0
ASV_2908	0	0	0	0	0	0	0	0	0	0	0	0	0	0	0	0	0	0	0	0	0	0	0	0	0	0	0	0	0	0	0	0	0	10	0
ASV_2909	9	0	0	0	0	0	0	0	0	0	0	0	0	0	0	0	0	0	0	0	0	0	0	0	0	0	0	0	0	0	0	0	0	0	0
ASV_2910	5	0	0	0	0	0	0	0	0	0	0	0	0	0	0	2	0	0	0	0	0	0	0	0	0	0	0	0	0	0	0	0	2	0	0
ASV_2911	9	0	0	0	0	0	0	0	0	0	0	0	0	0	0	0	0	0	0	0	0	0	0	0	0	0	0	0	0	0	0	0	0	0	0
ASV_2912	0	9	0	0	0	0	0	0	0	0	0	0	0	0	0	0	0	0	0	0	0	0	0	0	0	0	0	0	0	0	0	0	0	0	0
ASV_2913	0	0	5	0	0	0	0	0	0	0	0	0	0	2	0	0	0	0	0	0	0	0	0	2	0	0	0	0	0	0	0	0	0	0	0
ASV_2914	0	0	9	0	0	0	0	0	0	0	0	0	0	0	0	0	0	0	0	0	0	0	0	0	0	0	0	0	0	0	0	0	0	0	0
ASV_2915	0	0	0	0	0	9	0	0	0	0	0	0	0	0	0	0	0	0	0	0	0	0	0	0	0	0	0	0	0	0	0	0	0	0	0
ASV_2916	0	0	0	0	0	0	5	4	0	0	0	0	0	0	0	0	0	0	0	0	0	0	0	0	0	0	0	0	0	0	0	0	0	0	0
ASV_2917	0	0	0	0	0	0	9	0	0	0	0	0	0	0	0	0	0	0	0	0	0	0	0	0	0	0	0	0	0	0	0	0	0	0	0
ASV_2918	0	0	0	0	0	0	0	9	0	0	0	0	0	0	0	0	0	0	0	0	0	0	0	0	0	0	0	0	0	0	0	0	0	0	0
ASV_2919	0	0	0	0	0	0	0	9	0	0	0	0	0	0	0	0	0	0	0	0	0	0	0	0	0	0	0	0	0	0	0	0	0	0	0
ASV_2920	0	0	0	0	0	0	0	0	0	9	0	0	0	0	0	0	0	0	0	0	0	0	0	0	0	0	0	0	0	0	0	0	0	0	0
ASV_2921	0	0	0	0	0	0	0	0	0	9	0	0	0	0	0	0	0	0	0	0	0	0	0	0	0	0	0	0	0	0	0	0	0	0	0
ASV_2922	0	0	0	0	0	0	0	0	0	4	0	0	0	0	0	0	0	5	0	0	0	0	0	0	0	0	0	0	0	0	0	0	0	0	0
ASV_2923	0	0	0	0	0	0	0	0	0	0	0	6	0	0	0	0	0	0	0	0	0	0	0	3	0	0	0	0	0	0	0	0	0	0	0
ASV_2924	0	0	0	0	0	0	0	0	0	0	0	0	9	0	0	0	0	0	0	0	0	0	0	0	0	0	0	0	0	0	0	0	0	0	0
ASV_2925	0	0	0	0	0	0	0	0	0	0	0	0	0	0	9	0	0	0	0	0	0	0	0	0	0	0	0	0	0	0	0	0	0	0	0
ASV_2926	0	0	0	0	0	0	0	0	0	0	0	0	0	0	9	0	0	0	0	0	0	0	0	0	0	0	0	0	0	0	0	0	0	0	0
ASV_2927	0	0	0	0	0	0	0	0	0	0	0	0	0	0	0	9	0	0	0	0	0	0	0	0	0	0	0	0	0	0	0	0	0	0	0
ASV_2928	0	0	0	0	0	0	0	0	0	0	0	0	0	0	0	0	9	0	0	0	0	0	0	0	0	0	0	0	0	0	0	0	0	0	0
ASV_2929	0	0	0	0	0	0	0	0	0	0	0	0	0	0	0	0	9	0	0	0	0	0	0	0	0	0	0	0	0	0	0	0	0	0	0
ASV_2930	0	0	0	0	0	0	0	0	0	0	0	0	0	0	0	0	0	9	0	0	0	0	0	0	0	0	0	0	0	0	0	0	0	0	0
ASV_2931	0	0	0	0	0	0	0	0	0	0	0	0	0	0	0	0	0	9	0	0	0	0	0	0	0	0	0	0	0	0	0	0	0	0	0
ASV_2932	0	0	0	0	0	0	0	0	0	0	0	0	0	0	0	0	0	0	0	0	9	0	0	0	0	0	0	0	0	0	0	0	0	0	0
ASV_2933	0	0	0	0	0	0	0	0	0	0	0	0	0	0	0	0	0	0	0	0	9	0	0	0	0	0	0	0	0	0	0	0	0	0	0
ASV_2934	0	0	0	0	0	0	0	0	0	0	0	0	0	0	0	0	0	0	0	0	9	0	0	0	0	0	0	0	0	0	0	0	0	0	0
ASV_2935	0	0	0	0	0	0	0	0	0	0	0	0	0	0	0	0	0	0	0	0	0	5	0	4	0	0	0	0	0	0	0	0	0	0	0
ASV_2936	0	0	0	0	0	0	0	0	0	0	0	0	0	0	0	0	0	0	0	0	0	9	0	0	0	0	0	0	0	0	0	0	0	0	0
ASV_2937	0	0	0	0	0	0	0	0	0	0	0	0	0	0	0	0	0	0	0	0	0	0	0	9	0	0	0	0	0	0	0	0	0	0	0
ASV_2938	0	0	0	0	0	0	0	0	0	0	0	0	0	0	0	0	0	0	0	0	0	0	0	9	0	0	0	0	0	0	0	0	0	0	0
ASV_2939	0	0	0	0	0	0	0	0	0	0	0	0	0	0	0	0	0	0	0	0	0	0	0	0	9	0	0	0	0	0	0	0	0	0	0
ASV_2940	0	0	0	0	0	0	0	0	0	0	0	0	0	0	0	0	0	0	0	0	0	0	0	0	9	0	0	0	0	0	0	0	0	0	0
ASV_2941	0	0	0	0	0	0	0	0	0	0	0	0	0	0	0	0	0	0	0	0	0	0	0	0	0	9	0	0	0	0	0	0	0	0	0
ASV_2942	0	0	0	0	0	0	0	0	0	0	0	0	0	0	0	0	0	0	0	0	0	0	0	0	0	9	0	0	0	0	0	0	0	0	0
ASV_2943	0	0	0	0	0	0	0	0	0	0	0	0	0	0	0	0	0	0	0	0	0	0	0	0	0	0	9	0	0	0	0	0	0	0	0
ASV_2944	0	0	0	0	0	0	0	0	0	0	0	0	0	0	0	0	0	0	0	0	0	0	0	0	0	0	0	0	9	0	0	0	0	0	0
ASV_2945	0	0	0	0	0	0	0	0	0	0	0	0	0	0	0	0	0	0	0	0	0	0	0	0	0	0	0	0	0	0	0	9	0	0	0
ASV_2946	0	0	0	0	0	0	0	0	0	0	0	0	0	0	0	0	0	0	0	0	0	0	0	0	0	0	0	0	0	0	0	0	9	0	0
ASV_2947	0	0	0	0	0	0	0	0	0	0	0	0	0	0	0	0	0	0	0	0	0	0	0	0	0	0	0	0	0	0	0	0	0	9	0
ASV_2948	0	8	0	0	0	0	0	0	0	0	0	0	0	0	0	0	0	0	0	0	0	0	0	0	0	0	0	0	0	0	0	0	0	0	0
ASV_2949	0	8	0	0	0	0	0	0	0	0	0	0	0	0	0	0	0	0	0	0	0	0	0	0	0	0	0	0	0	0	0	0	0	0	0
ASV_2950	0	4	0	0	0	0	0	0	0	0	0	0	0	0	0	0	0	0	0	0	4	0	0	0	0	0	0	0	0	0	0	0	0	0	0
ASV_2951	0	8	0	0	0	0	0	0	0	0	0	0	0	0	0	0	0	0	0	0	0	0	0	0	0	0	0	0	0	0	0	0	0	0	0
ASV_2952	0	0	8	0	0	0	0	0	0	0	0	0	0	0	0	0	0	0	0	0	0	0	0	0	0	0	0	0	0	0	0	0	0	0	0
ASV_2953	0	0	0	3	0	0	0	0	0	0	0	0	0	0	0	0	0	0	5	0	0	0	0	0	0	0	0	0	0	0	0	0	0	0	0
ASV_2954	0	0	0	8	0	0	0	0	0	0	0	0	0	0	0	0	0	0	0	0	0	0	0	0	0	0	0	0	0	0	0	0	0	0	0
ASV_2955	0	0	0	0	0	8	0	0	0	0	0	0	0	0	0	0	0	0	0	0	0	0	0	0	0	0	0	0	0	0	0	0	0	0	0
ASV_2956	0	0	0	0	0	8	0	0	0	0	0	0	0	0	0	0	0	0	0	0	0	0	0	0	0	0	0	0	0	0	0	0	0	0	0
ASV_2957	0	0	0	0	0	0	8	0	0	0	0	0	0	0	0	0	0	0	0	0	0	0	0	0	0	0	0	0	0	0	0	0	0	0	0
ASV_2958	0	0	0	0	0	0	8	0	0	0	0	0	0	0	0	0	0	0	0	0	0	0	0	0	0	0	0	0	0	0	0	0	0	0	0
ASV_2959	0	0	0	0	0	0	0	8	0	0	0	0	0	0	0	0	0	0	0	0	0	0	0	0	0	0	0	0	0	0	0	0	0	0	0
ASV_2960	0	0	0	0	0	0	0	8	0	0	0	0	0	0	0	0	0	0	0	0	0	0	0	0	0	0	0	0	0	0	0	0	0	0	0
ASV_2961	0	0	0	0	0	0	0	0	8	0	0	0	0	0	0	0	0	0	0	0	0	0	0	0	0	0	0	0	0	0	0	0	0	0	0
ASV_2962	0	0	0	0	0	0	0	0	8	0	0	0	0	0	0	0	0	0	0	0	0	0	0	0	0	0	0	0	0	0	0	0	0	0	0
ASV_2963	0	0	0	0	0	0	0	0	4	0	0	0	0	0	0	0	0	0	0	0	4	0	0	0	0	0	0	0	0	0	0	0	0	0	0
ASV_2964	0	0	0	0	0	0	0	0	0	8	0	0	0	0	0	0	0	0	0	0	0	0	0	0	0	0	0	0	0	0	0	0	0	0	0
ASV_2965	0	0	0	0	0	0	0	0	0	8	0	0	0	0	0	0	0	0	0	0	0	0	0	0	0	0	0	0	0	0	0	0	0	0	0
ASV_2966	0	0	0	0	0	0	0	0	0	3	0	0	0	0	0	0	0	0	0	0	0	0	0	5	0	0	0	0	0	0	0	0	0	0	0
ASV_2967	0	0	0	0	0	0	0	0	0	8	0	0	0	0	0	0	0	0	0	0	0	0	0	0	0	0	0	0	0	0	0	0	0	0	0
ASV_2968	0	0	0	0	0	0	0	0	0	0	8	0	0	0	0	0	0	0	0	0	0	0	0	0	0	0	0	0	0	0	0	0	0	0	0
ASV_2969	0	0	0	0	0	0	0	0	0	0	8	0	0	0	0	0	0	0	0	0	0	0	0	0	0	0	0	0	0	0	0	0	0	0	0
ASV_2970	0	0	0	0	0	0	0	0	0	0	0	8	0	0	0	0	0	0	0	0	0	0	0	0	0	0	0	0	0	0	0	0	0	0	0
ASV_2971	0	0	0	0	0	0	0	0	0	0	0	8	0	0	0	0	0	0	0	0	0	0	0	0	0	0	0	0	0	0	0	0	0	0	0
ASV_2972	0	0	0	0	0	0	0	0	0	0	0	8	0	0	0	0	0	0	0	0	0	0	0	0	0	0	0	0	0	0	0	0	0	0	0
ASV_2973	0	0	0	0	0	0	0	0	0	0	0	0	6	0	0	0	0	0	0	0	0	0	0	0	0	0	0	0	0	0	0	2	0	0	0
ASV_2974	0	0	0	0	0	0	0	0	0	0	0	0	8	0	0	0	0	0	0	0	0	0	0	0	0	0	0	0	0	0	0	0	0	0	0
ASV_2975	0	0	0	0	0	0	0	0	0	0	0	0	5	0	0	0	0	0	0	0	0	0	0	3	0	0	0	0	0	0	0	0	0	0	0
ASV_2976	0	0	0	0	0	0	0	0	0	0	0	0	0	8	0	0	0	0	0	0	0	0	0	0	0	0	0	0	0	0	0	0	0	0	0
ASV_2977	0	0	0	0	0	0	0	0	0	0	0	0	0	0	8	0	0	0	0	0	0	0	0	0	0	0	0	0	0	0	0	0	0	0	0
ASV_2978	0	0	0	0	0	0	0	0	0	0	0	0	0	0	0	8	0	0	0	0	0	0	0	0	0	0	0	0	0	0	0	0	0	0	0
ASV_2979	0	0	0	0	0	0	0	0	0	0	0	0	0	0	0	5	0	0	0	0	0	0	0	0	0	3	0	0	0	0	0	0	0	0	0
ASV_2980	0	0	0	0	0	0	0	0	0	0	0	0	0	0	0	8	0	0	0	0	0	0	0	0	0	0	0	0	0	0	0	0	0	0	0
ASV_2981	0	0	0	0	0	0	0	0	0	0	0	0	0	0	0	0	5	0	0	0	0	0	0	0	0	0	0	0	0	0	3	0	0	0	0
ASV_2982	0	0	0	0	0	0	0	0	0	0	0	0	0	0	0	0	0	8	0	0	0	0	0	0	0	0	0	0	0	0	0	0	0	0	0
ASV_2983	0	0	0	0	0	0	0	0	0	0	0	0	0	0	0	0	0	8	0	0	0	0	0	0	0	0	0	0	0	0	0	0	0	0	0
ASV_2984	0	0	0	0	0	0	0	0	0	0	0	0	0	0	0	0	0	0	0	8	0	0	0	0	0	0	0	0	0	0	0	0	0	0	0
ASV_2985	0	0	0	0	0	0	0	0	0	0	0	0	0	0	0	0	0	0	0	8	0	0	0	0	0	0	0	0	0	0	0	0	0	0	0
ASV_2986	0	0	0	0	0	0	0	0	0	0	0	0	0	0	0	0	0	0	0	0	8	0	0	0	0	0	0	0	0	0	0	0	0	0	0
ASV_2987	0	0	0	0	0	0	0	0	0	0	0	0	0	0	0	0	0	0	0	0	8	0	0	0	0	0	0	0	0	0	0	0	0	0	0
ASV_2988	0	0	0	0	0	0	0	0	0	0	0	0	0	0	0	0	0	0	0	0	0	8	0	0	0	0	0	0	0	0	0	0	0	0	0
ASV_2989	0	0	0	0	0	0	0	0	0	0	0	0	0	0	0	0	0	0	0	0	0	0	8	0	0	0	0	0	0	0	0	0	0	0	0
ASV_2990	0	0	0	0	0	0	0	0	0	0	0	0	0	0	0	0	0	0	0	0	0	0	0	8	0	0	0	0	0	0	0	0	0	0	0
ASV_2991	0	0	0	0	0	0	0	0	0	0	0	0	0	0	0	0	0	0	0	0	0	0	0	8	0	0	0	0	0	0	0	0	0	0	0
ASV_2992	0	0	0	0	0	0	0	0	0	0	0	0	0	0	0	0	0	0	0	0	0	0	0	8	0	0	0	0	0	0	0	0	0	0	0
ASV_2993	0	0	0	0	0	0	0	0	0	0	0	0	0	0	0	0	0	0	0	0	0	0	0	4	0	0	0	4	0	0	0	0	0	0	0
ASV_2994	0	0	0	0	0	0	0	0	0	0	0	0	0	0	0	0	0	0	0	0	0	0	0	0	3	5	0	0	0	0	0	0	0	0	0
ASV_2995	0	0	0	0	0	0	0	0	0	0	0	0	0	0	0	0	0	0	0	0	0	0	0	0	0	0	8	0	0	0	0	0	0	0	0
ASV_2996	0	0	0	0	0	0	0	0	0	0	0	0	0	0	0	0	0	0	0	0	0	0	0	0	0	0	0	8	0	0	0	0	0	0	0
ASV_2997	0	0	0	0	0	0	0	0	0	0	0	0	0	0	0	0	0	0	0	0	0	0	0	0	0	0	0	8	0	0	0	0	0	0	0
ASV_2998	0	0	0	0	0	0	0	0	0	0	0	0	0	0	0	0	0	0	0	0	0	0	0	0	0	0	0	0	8	0	0	0	0	0	0
ASV_2999	0	0	0	0	0	0	0	0	0	0	0	0	0	0	0	0	0	0	0	0	0	0	0	0	0	0	0	0	0	8	0	0	0	0	0
ASV_3000	0	0	0	0	0	0	0	0	0	0	0	0	0	0	0	0	0	0	0	0	0	0	0	0	0	0	0	0	0	6	2	0	0	0	0
ASV_3001	0	0	0	0	0	0	0	0	0	0	0	0	0	0	0	0	0	0	0	0	0	0	0	0	0	0	0	0	0	0	0	8	0	0	0
ASV_3002	0	0	0	0	0	0	0	0	0	0	0	0	0	0	0	0	0	0	0	0	0	0	0	0	0	0	0	0	0	0	0	0	8	0	0
ASV_3003	0	0	0	0	0	0	0	0	0	0	0	0	0	0	0	0	0	0	0	0	0	0	0	0	0	0	0	0	0	0	0	0	0	8	0
ASV_3004	0	0	0	0	0	0	0	0	0	0	0	0	0	0	0	0	0	0	0	0	0	0	0	0	0	0	0	0	0	0	0	0	0	0	8
ASV_3005	0	0	0	0	0	0	0	0	0	0	0	0	0	0	0	0	0	0	0	0	0	0	0	0	0	0	0	0	0	0	0	0	0	0	8
ASV_3006	0	0	0	0	0	7	0	0	0	0	0	0	0	0	0	0	0	0	0	0	0	0	0	0	0	0	0	0	0	0	0	0	0	0	0
ASV_3007	0	0	0	0	0	0	4	3	0	0	0	0	0	0	0	0	0	0	0	0	0	0	0	0	0	0	0	0	0	0	0	0	0	0	0
ASV_3008	0	0	0	0	0	0	0	5	0	0	0	0	0	0	0	0	0	0	0	0	2	0	0	0	0	0	0	0	0	0	0	0	0	0	0
ASV_3009	0	0	0	0	0	0	0	7	0	0	0	0	0	0	0	0	0	0	0	0	0	0	0	0	0	0	0	0	0	0	0	0	0	0	0
ASV_3010	0	0	0	0	0	0	0	3	0	0	0	0	0	0	0	0	0	0	0	0	4	0	0	0	0	0	0	0	0	0	0	0	0	0	0
ASV_3011	0	0	0	0	0	0	0	0	7	0	0	0	0	0	0	0	0	0	0	0	0	0	0	0	0	0	0	0	0	0	0	0	0	0	0
ASV_3012	0	0	0	0	0	0	0	0	7	0	0	0	0	0	0	0	0	0	0	0	0	0	0	0	0	0	0	0	0	0	0	0	0	0	0
ASV_3013	0	0	0	0	0	0	0	0	7	0	0	0	0	0	0	0	0	0	0	0	0	0	0	0	0	0	0	0	0	0	0	0	0	0	0
ASV_3014	0	0	0	0	0	0	0	0	0	0	7	0	0	0	0	0	0	0	0	0	0	0	0	0	0	0	0	0	0	0	0	0	0	0	0
ASV_3015	0	0	0	0	0	0	0	0	0	0	7	0	0	0	0	0	0	0	0	0	0	0	0	0	0	0	0	0	0	0	0	0	0	0	0
ASV_3016	0	0	0	0	0	0	0	0	0	0	7	0	0	0	0	0	0	0	0	0	0	0	0	0	0	0	0	0	0	0	0	0	0	0	0
ASV_3017	0	0	0	0	0	0	0	0	0	0	0	7	0	0	0	0	0	0	0	0	0	0	0	0	0	0	0	0	0	0	0	0	0	0	0
ASV_3018	0	0	0	0	0	0	0	0	0	0	0	0	7	0	0	0	0	0	0	0	0	0	0	0	0	0	0	0	0	0	0	0	0	0	0
ASV_3019	0	0	0	0	0	0	0	0	0	0	0	0	7	0	0	0	0	0	0	0	0	0	0	0	0	0	0	0	0	0	0	0	0	0	0
ASV_3020	0	0	0	0	0	0	0	0	0	0	0	0	4	0	0	0	0	3	0	0	0	0	0	0	0	0	0	0	0	0	0	0	0	0	0
ASV_3021	0	0	0	0	0	0	0	0	0	0	0	0	0	0	0	0	0	7	0	0	0	0	0	0	0	0	0	0	0	0	0	0	0	0	0
ASV_3022	0	0	0	0	0	0	0	0	0	0	0	0	0	0	0	0	0	7	0	0	0	0	0	0	0	0	0	0	0	0	0	0	0	0	0
ASV_3023	0	0	0	0	0	0	0	0	0	0	0	0	0	0	0	0	0	7	0	0	0	0	0	0	0	0	0	0	0	0	0	0	0	0	0
ASV_3024	0	0	0	0	0	0	0	0	0	0	0	0	0	0	0	0	0	0	0	7	0	0	0	0	0	0	0	0	0	0	0	0	0	0	0
ASV_3025	0	0	0	0	0	0	0	0	0	0	0	0	0	0	0	0	0	0	0	7	0	0	0	0	0	0	0	0	0	0	0	0	0	0	0
ASV_3026	0	0	0	0	0	0	0	0	0	0	0	0	0	0	0	0	0	0	0	7	0	0	0	0	0	0	0	0	0	0	0	0	0	0	0
ASV_3027	0	0	0	0	0	0	0	0	0	0	0	0	0	0	0	0	0	0	0	0	0	7	0	0	0	0	0	0	0	0	0	0	0	0	0
ASV_3028	0	0	0	0	0	0	0	0	0	0	0	0	0	0	0	0	0	0	0	0	0	0	7	0	0	0	0	0	0	0	0	0	0	0	0
ASV_3029	0	0	0	0	0	0	0	0	0	0	0	0	0	0	0	0	0	0	0	0	0	0	7	0	0	0	0	0	0	0	0	0	0	0	0
ASV_3030	0	0	0	0	0	0	0	0	0	0	0	0	0	0	0	0	0	0	0	0	0	0	7	0	0	0	0	0	0	0	0	0	0	0	0
ASV_3031	0	0	0	0	0	0	0	0	0	0	0	0	0	0	0	0	0	0	0	0	0	0	7	0	0	0	0	0	0	0	0	0	0	0	0
ASV_3032	0	0	0	0	0	0	0	0	0	0	0	0	0	0	0	0	0	0	0	0	0	0	0	7	0	0	0	0	0	0	0	0	0	0	0
ASV_3033	0	0	0	0	0	0	0	0	0	0	0	0	0	0	0	0	0	0	0	0	0	0	0	7	0	0	0	0	0	0	0	0	0	0	0
ASV_3034	0	0	0	0	0	0	0	0	0	0	0	0	0	0	0	0	0	0	0	0	0	0	0	0	0	7	0	0	0	0	0	0	0	0	0
ASV_3035	0	0	0	0	0	0	0	0	0	0	0	0	0	0	0	0	0	0	0	0	0	0	0	0	0	0	7	0	0	0	0	0	0	0	0
ASV_3036	0	0	0	0	0	0	0	0	0	0	0	0	0	0	0	0	0	0	0	0	0	0	0	0	0	0	0	0	7	0	0	0	0	0	0
ASV_3037	0	0	0	0	0	0	0	0	0	0	0	0	0	0	0	0	0	0	0	0	0	0	0	0	0	0	0	0	0	0	0	0	0	7	0
ASV_3038	6	0	0	0	0	0	0	0	0	0	0	0	0	0	0	0	0	0	0	0	0	0	0	0	0	0	0	0	0	0	0	0	0	0	0
ASV_3039	0	6	0	0	0	0	0	0	0	0	0	0	0	0	0	0	0	0	0	0	0	0	0	0	0	0	0	0	0	0	0	0	0	0	0
ASV_3040	0	0	3	0	0	0	0	0	0	0	0	0	0	0	0	0	0	0	0	0	0	0	0	0	0	0	0	3	0	0	0	0	0	0	0
ASV_3041	0	0	0	0	0	4	0	0	0	0	0	2	0	0	0	0	0	0	0	0	0	0	0	0	0	0	0	0	0	0	0	0	0	0	0
ASV_3042	0	0	0	0	0	0	6	0	0	0	0	0	0	0	0	0	0	0	0	0	0	0	0	0	0	0	0	0	0	0	0	0	0	0	0
ASV_3043	0	0	0	0	0	0	3	0	0	0	0	0	0	0	0	0	3	0	0	0	0	0	0	0	0	0	0	0	0	0	0	0	0	0	0
ASV_3044	0	0	0	0	0	0	0	4	0	0	0	0	0	0	0	0	0	0	2	0	0	0	0	0	0	0	0	0	0	0	0	0	0	0	0
ASV_3045	0	0	0	0	0	0	0	0	0	6	0	0	0	0	0	0	0	0	0	0	0	0	0	0	0	0	0	0	0	0	0	0	0	0	0
ASV_3046	0	0	0	0	0	0	0	0	0	6	0	0	0	0	0	0	0	0	0	0	0	0	0	0	0	0	0	0	0	0	0	0	0	0	0
ASV_3047	0	0	0	0	0	0	0	0	0	0	3	0	0	0	0	3	0	0	0	0	0	0	0	0	0	0	0	0	0	0	0	0	0	0	0
ASV_3048	0	0	0	0	0	0	0	0	0	0	0	6	0	0	0	0	0	0	0	0	0	0	0	0	0	0	0	0	0	0	0	0	0	0	0
ASV_3049	0	0	0	0	0	0	0	0	0	0	0	0	6	0	0	0	0	0	0	0	0	0	0	0	0	0	0	0	0	0	0	0	0	0	0
ASV_3050	0	0	0	0	0	0	0	0	0	0	0	0	0	6	0	0	0	0	0	0	0	0	0	0	0	0	0	0	0	0	0	0	0	0	0
ASV_3051	0	0	0	0	0	0	0	0	0	0	0	0	0	6	0	0	0	0	0	0	0	0	0	0	0	0	0	0	0	0	0	0	0	0	0
ASV_3052	0	0	0	0	0	0	0	0	0	0	0	0	0	0	0	6	0	0	0	0	0	0	0	0	0	0	0	0	0	0	0	0	0	0	0
ASV_3053	0	0	0	0	0	0	0	0	0	0	0	0	0	0	0	0	4	0	0	2	0	0	0	0	0	0	0	0	0	0	0	0	0	0	0
ASV_3054	0	0	0	0	0	0	0	0	0	0	0	0	0	0	0	0	6	0	0	0	0	0	0	0	0	0	0	0	0	0	0	0	0	0	0
ASV_3055	0	0	0	0	0	0	0	0	0	0	0	0	0	0	0	0	6	0	0	0	0	0	0	0	0	0	0	0	0	0	0	0	0	0	0
ASV_3056	0	0	0	0	0	0	0	0	0	0	0	0	0	0	0	0	6	0	0	0	0	0	0	0	0	0	0	0	0	0	0	0	0	0	0
ASV_3057	0	0	0	0	0	0	0	0	0	0	0	0	0	0	0	0	0	6	0	0	0	0	0	0	0	0	0	0	0	0	0	0	0	0	0
ASV_3058	0	0	0	0	0	0	0	0	0	0	0	0	0	0	0	0	0	6	0	0	0	0	0	0	0	0	0	0	0	0	0	0	0	0	0
ASV_3059	0	0	0	0	0	0	0	0	0	0	0	0	0	0	0	0	0	6	0	0	0	0	0	0	0	0	0	0	0	0	0	0	0	0	0
ASV_3060	0	0	0	0	0	0	0	0	0	0	0	0	0	0	0	0	0	0	0	6	0	0	0	0	0	0	0	0	0	0	0	0	0	0	0
ASV_3061	0	0	0	0	0	0	0	0	0	0	0	0	0	0	0	0	0	0	0	6	0	0	0	0	0	0	0	0	0	0	0	0	0	0	0
ASV_3062	0	0	0	0	0	0	0	0	0	0	0	0	0	0	0	0	0	0	0	6	0	0	0	0	0	0	0	0	0	0	0	0	0	0	0
ASV_3063	0	0	0	0	0	0	0	0	0	0	0	0	0	0	0	0	0	0	0	0	6	0	0	0	0	0	0	0	0	0	0	0	0	0	0
ASV_3064	0	0	0	0	0	0	0	0	0	0	0	0	0	0	0	0	0	0	0	0	6	0	0	0	0	0	0	0	0	0	0	0	0	0	0
ASV_3065	0	0	0	0	0	0	0	0	0	0	0	0	0	0	0	0	0	0	0	0	6	0	0	0	0	0	0	0	0	0	0	0	0	0	0
ASV_3066	0	0	0	0	0	0	0	0	0	0	0	0	0	0	0	0	0	0	0	0	6	0	0	0	0	0	0	0	0	0	0	0	0	0	0
ASV_3067	0	0	0	0	0	0	0	0	0	0	0	0	0	0	0	0	0	0	0	0	6	0	0	0	0	0	0	0	0	0	0	0	0	0	0
ASV_3068	0	0	0	0	0	0	0	0	0	0	0	0	0	0	0	0	0	0	0	0	0	0	6	0	0	0	0	0	0	0	0	0	0	0	0
ASV_3069	0	0	0	0	0	0	0	0	0	0	0	0	0	0	0	0	0	0	0	0	0	0	6	0	0	0	0	0	0	0	0	0	0	0	0
ASV_3070	0	0	0	0	0	0	0	0	0	0	0	0	0	0	0	0	0	0	0	0	0	0	6	0	0	0	0	0	0	0	0	0	0	0	0
ASV_3071	0	0	0	0	0	0	0	0	0	0	0	0	0	0	0	0	0	0	0	0	0	0	6	0	0	0	0	0	0	0	0	0	0	0	0
ASV_3072	0	0	0	0	0	0	0	0	0	0	0	0	0	0	0	0	0	0	0	0	0	0	0	3	0	0	3	0	0	0	0	0	0	0	0
ASV_3073	0	0	0	0	0	0	0	0	0	0	0	0	0	0	0	0	0	0	0	0	0	0	0	6	0	0	0	0	0	0	0	0	0	0	0
ASV_3074	0	0	0	0	0	0	0	0	0	0	0	0	0	0	0	0	0	0	0	0	0	0	0	6	0	0	0	0	0	0	0	0	0	0	0
ASV_3075	0	0	0	0	0	0	0	0	0	0	0	0	0	0	0	0	0	0	0	0	0	0	0	0	6	0	0	0	0	0	0	0	0	0	0
ASV_3076	0	0	0	0	0	0	0	0	0	0	0	0	0	0	0	0	0	0	0	0	0	0	0	0	0	0	6	0	0	0	0	0	0	0	0
ASV_3077	0	0	0	0	0	0	0	0	0	0	0	0	0	0	0	0	0	0	0	0	0	0	0	0	0	0	6	0	0	0	0	0	0	0	0
ASV_3078	0	0	0	0	0	0	0	0	0	0	0	0	0	0	0	0	0	0	0	0	0	0	0	0	0	0	0	6	0	0	0	0	0	0	0
ASV_3079	0	0	0	0	0	0	0	0	0	0	0	0	0	0	0	0	0	0	0	0	0	0	0	0	0	0	0	6	0	0	0	0	0	0	0
ASV_3080	0	0	0	0	0	0	0	0	0	0	0	0	0	0	0	0	0	0	0	0	0	0	0	0	0	0	0	0	6	0	0	0	0	0	0
ASV_3081	0	0	0	0	0	0	0	0	0	0	0	0	0	0	0	0	0	0	0	0	0	0	0	0	0	0	0	0	0	6	0	0	0	0	0
ASV_3082	0	0	0	0	0	0	0	0	0	0	0	0	0	0	0	0	0	0	0	0	0	0	0	0	0	0	0	0	0	0	0	0	0	6	0
ASV_3083	0	0	0	0	0	0	0	0	0	0	0	0	0	0	0	0	0	0	0	0	0	0	0	0	0	0	0	0	0	0	0	0	0	0	6
ASV_3084	0	0	0	0	0	0	0	0	0	0	0	0	0	0	0	0	0	0	0	0	0	0	0	0	0	0	0	0	0	0	0	0	0	0	6
ASV_3085	0	0	0	0	0	0	0	0	0	0	0	0	0	0	0	0	0	0	0	0	0	0	0	0	0	0	0	0	0	0	0	0	0	0	6
ASV_3086	0	0	0	0	0	0	0	0	0	0	0	0	0	0	0	0	0	0	0	0	0	0	0	0	0	0	0	0	0	0	0	0	0	0	6
ASV_3087	5	0	0	0	0	0	0	0	0	0	0	0	0	0	0	0	0	0	0	0	0	0	0	0	0	0	0	0	0	0	0	0	0	0	0
ASV_3088	5	0	0	0	0	0	0	0	0	0	0	0	0	0	0	0	0	0	0	0	0	0	0	0	0	0	0	0	0	0	0	0	0	0	0
ASV_3089	0	5	0	0	0	0	0	0	0	0	0	0	0	0	0	0	0	0	0	0	0	0	0	0	0	0	0	0	0	0	0	0	0	0	0
ASV_3090	0	0	5	0	0	0	0	0	0	0	0	0	0	0	0	0	0	0	0	0	0	0	0	0	0	0	0	0	0	0	0	0	0	0	0
ASV_3091	0	0	5	0	0	0	0	0	0	0	0	0	0	0	0	0	0	0	0	0	0	0	0	0	0	0	0	0	0	0	0	0	0	0	0
ASV_3092	0	0	2	0	0	0	0	0	0	0	0	0	0	0	0	0	0	0	0	3	0	0	0	0	0	0	0	0	0	0	0	0	0	0	0
ASV_3093	0	0	0	0	0	5	0	0	0	0	0	0	0	0	0	0	0	0	0	0	0	0	0	0	0	0	0	0	0	0	0	0	0	0	0
ASV_3094	0	0	0	0	0	0	5	0	0	0	0	0	0	0	0	0	0	0	0	0	0	0	0	0	0	0	0	0	0	0	0	0	0	0	0
ASV_3095	0	0	0	0	0	0	0	5	0	0	0	0	0	0	0	0	0	0	0	0	0	0	0	0	0	0	0	0	0	0	0	0	0	0	0
ASV_3096	0	0	0	0	0	0	0	5	0	0	0	0	0	0	0	0	0	0	0	0	0	0	0	0	0	0	0	0	0	0	0	0	0	0	0
ASV_3097	0	0	0	0	0	0	0	3	2	0	0	0	0	0	0	0	0	0	0	0	0	0	0	0	0	0	0	0	0	0	0	0	0	0	0
ASV_3098	0	0	0	0	0	0	0	0	5	0	0	0	0	0	0	0	0	0	0	0	0	0	0	0	0	0	0	0	0	0	0	0	0	0	0
ASV_3099	0	0	0	0	0	0	0	0	5	0	0	0	0	0	0	0	0	0	0	0	0	0	0	0	0	0	0	0	0	0	0	0	0	0	0
ASV_3100	0	0	0	0	0	0	0	0	5	0	0	0	0	0	0	0	0	0	0	0	0	0	0	0	0	0	0	0	0	0	0	0	0	0	0
ASV_3101	0	0	0	0	0	0	0	0	0	3	0	0	2	0	0	0	0	0	0	0	0	0	0	0	0	0	0	0	0	0	0	0	0	0	0
ASV_3102	0	0	0	0	0	0	0	0	0	5	0	0	0	0	0	0	0	0	0	0	0	0	0	0	0	0	0	0	0	0	0	0	0	0	0
ASV_3103	0	0	0	0	0	0	0	0	0	0	0	5	0	0	0	0	0	0	0	0	0	0	0	0	0	0	0	0	0	0	0	0	0	0	0
ASV_3104	0	0	0	0	0	0	0	0	0	0	0	5	0	0	0	0	0	0	0	0	0	0	0	0	0	0	0	0	0	0	0	0	0	0	0
ASV_3105	0	0	0	0	0	0	0	0	0	0	0	5	0	0	0	0	0	0	0	0	0	0	0	0	0	0	0	0	0	0	0	0	0	0	0
ASV_3106	0	0	0	0	0	0	0	0	0	0	0	0	5	0	0	0	0	0	0	0	0	0	0	0	0	0	0	0	0	0	0	0	0	0	0
ASV_3107	0	0	0	0	0	0	0	0	0	0	0	0	5	0	0	0	0	0	0	0	0	0	0	0	0	0	0	0	0	0	0	0	0	0	0
ASV_3108	0	0	0	0	0	0	0	0	0	0	0	0	5	0	0	0	0	0	0	0	0	0	0	0	0	0	0	0	0	0	0	0	0	0	0
ASV_3109	0	0	0	0	0	0	0	0	0	0	0	0	0	0	5	0	0	0	0	0	0	0	0	0	0	0	0	0	0	0	0	0	0	0	0
ASV_3110	0	0	0	0	0	0	0	0	0	0	0	0	0	0	0	5	0	0	0	0	0	0	0	0	0	0	0	0	0	0	0	0	0	0	0
ASV_3111	0	0	0	0	0	0	0	0	0	0	0	0	0	0	0	5	0	0	0	0	0	0	0	0	0	0	0	0	0	0	0	0	0	0	0
ASV_3112	0	0	0	0	0	0	0	0	0	0	0	0	0	0	0	0	3	0	0	0	0	0	0	0	0	0	0	2	0	0	0	0	0	0	0
ASV_3113	0	0	0	0	0	0	0	0	0	0	0	0	0	0	0	0	0	5	0	0	0	0	0	0	0	0	0	0	0	0	0	0	0	0	0
ASV_3114	0	0	0	0	0	0	0	0	0	0	0	0	0	0	0	0	0	0	0	5	0	0	0	0	0	0	0	0	0	0	0	0	0	0	0
ASV_3115	0	0	0	0	0	0	0	0	0	0	0	0	0	0	0	0	0	0	0	0	5	0	0	0	0	0	0	0	0	0	0	0	0	0	0
ASV_3116	0	0	0	0	0	0	0	0	0	0	0	0	0	0	0	0	0	0	0	0	0	0	5	0	0	0	0	0	0	0	0	0	0	0	0
ASV_3117	0	0	0	0	0	0	0	0	0	0	0	0	0	0	0	0	0	0	0	0	0	0	5	0	0	0	0	0	0	0	0	0	0	0	0
ASV_3118	0	0	0	0	0	0	0	0	0	0	0	0	0	0	0	0	0	0	0	0	0	0	5	0	0	0	0	0	0	0	0	0	0	0	0
ASV_3119	0	0	0	0	0	0	0	0	0	0	0	0	0	0	0	0	0	0	0	0	0	0	5	0	0	0	0	0	0	0	0	0	0	0	0
ASV_3120	0	0	0	0	0	0	0	0	0	0	0	0	0	0	0	0	0	0	0	0	0	0	0	5	0	0	0	0	0	0	0	0	0	0	0
ASV_3121	0	0	0	0	0	0	0	0	0	0	0	0	0	0	0	0	0	0	0	0	0	0	0	0	0	0	5	0	0	0	0	0	0	0	0
ASV_3122	0	0	0	0	0	0	0	0	0	0	0	0	0	0	0	0	0	0	0	0	0	0	0	0	0	0	0	5	0	0	0	0	0	0	0
ASV_3123	0	0	0	0	0	0	0	0	0	0	0	0	0	0	0	0	0	0	0	0	0	0	0	0	0	0	0	0	0	0	0	0	5	0	0
ASV_3124	0	0	0	0	0	0	0	0	0	0	0	0	0	0	0	0	0	0	0	0	0	0	0	0	0	0	0	0	0	0	0	0	0	5	0
ASV_3125	0	0	0	0	0	0	0	0	0	0	0	0	0	0	0	0	0	0	0	0	0	0	0	0	0	0	0	0	0	0	0	0	0	5	0
ASV_3126	4	0	0	0	0	0	0	0	0	0	0	0	0	0	0	0	0	0	0	0	0	0	0	0	0	0	0	0	0	0	0	0	0	0	0
ASV_3127	4	0	0	0	0	0	0	0	0	0	0	0	0	0	0	0	0	0	0	0	0	0	0	0	0	0	0	0	0	0	0	0	0	0	0
ASV_3128	0	0	4	0	0	0	0	0	0	0	0	0	0	0	0	0	0	0	0	0	0	0	0	0	0	0	0	0	0	0	0	0	0	0	0
ASV_3129	0	0	0	4	0	0	0	0	0	0	0	0	0	0	0	0	0	0	0	0	0	0	0	0	0	0	0	0	0	0	0	0	0	0	0
ASV_3130	0	0	0	0	0	4	0	0	0	0	0	0	0	0	0	0	0	0	0	0	0	0	0	0	0	0	0	0	0	0	0	0	0	0	0
ASV_3131	0	0	0	0	0	0	4	0	0	0	0	0	0	0	0	0	0	0	0	0	0	0	0	0	0	0	0	0	0	0	0	0	0	0	0
ASV_3132	0	0	0	0	0	0	4	0	0	0	0	0	0	0	0	0	0	0	0	0	0	0	0	0	0	0	0	0	0	0	0	0	0	0	0
ASV_3133	0	0	0	0	0	0	0	4	0	0	0	0	0	0	0	0	0	0	0	0	0	0	0	0	0	0	0	0	0	0	0	0	0	0	0
ASV_3134	0	0	0	0	0	0	0	4	0	0	0	0	0	0	0	0	0	0	0	0	0	0	0	0	0	0	0	0	0	0	0	0	0	0	0
ASV_3135	0	0	0	0	0	0	0	0	4	0	0	0	0	0	0	0	0	0	0	0	0	0	0	0	0	0	0	0	0	0	0	0	0	0	0
ASV_3136	0	0	0	0	0	0	0	0	0	4	0	0	0	0	0	0	0	0	0	0	0	0	0	0	0	0	0	0	0	0	0	0	0	0	0
ASV_3137	0	0	0	0	0	0	0	0	0	2	0	0	0	0	0	0	0	0	0	0	0	0	0	0	0	0	0	0	0	2	0	0	0	0	0
ASV_3138	0	0	0	0	0	0	0	0	0	4	0	0	0	0	0	0	0	0	0	0	0	0	0	0	0	0	0	0	0	0	0	0	0	0	0
ASV_3139	0	0	0	0	0	0	0	0	0	0	0	4	0	0	0	0	0	0	0	0	0	0	0	0	0	0	0	0	0	0	0	0	0	0	0
ASV_3140	0	0	0	0	0	0	0	0	0	0	0	0	4	0	0	0	0	0	0	0	0	0	0	0	0	0	0	0	0	0	0	0	0	0	0
ASV_3141	0	0	0	0	0	0	0	0	0	0	0	0	4	0	0	0	0	0	0	0	0	0	0	0	0	0	0	0	0	0	0	0	0	0	0
ASV_3142	0	0	0	0	0	0	0	0	0	0	0	0	0	0	0	4	0	0	0	0	0	0	0	0	0	0	0	0	0	0	0	0	0	0	0
ASV_3143	0	0	0	0	0	0	0	0	0	0	0	0	0	0	0	4	0	0	0	0	0	0	0	0	0	0	0	0	0	0	0	0	0	0	0
ASV_3144	0	0	0	0	0	0	0	0	0	0	0	0	0	0	0	4	0	0	0	0	0	0	0	0	0	0	0	0	0	0	0	0	0	0	0
ASV_3145	0	0	0	0	0	0	0	0	0	0	0	0	0	0	0	0	4	0	0	0	0	0	0	0	0	0	0	0	0	0	0	0	0	0	0
ASV_3146	0	0	0	0	0	0	0	0	0	0	0	0	0	0	0	0	4	0	0	0	0	0	0	0	0	0	0	0	0	0	0	0	0	0	0
ASV_3147	0	0	0	0	0	0	0	0	0	0	0	0	0	0	0	0	0	4	0	0	0	0	0	0	0	0	0	0	0	0	0	0	0	0	0
ASV_3148	0	0	0	0	0	0	0	0	0	0	0	0	0	0	0	0	0	4	0	0	0	0	0	0	0	0	0	0	0	0	0	0	0	0	0
ASV_3149	0	0	0	0	0	0	0	0	0	0	0	0	0	0	0	0	0	2	0	0	0	0	0	0	0	0	2	0	0	0	0	0	0	0	0
ASV_3150	0	0	0	0	0	0	0	0	0	0	0	0	0	0	0	0	0	0	0	4	0	0	0	0	0	0	0	0	0	0	0	0	0	0	0
ASV_3151	0	0	0	0	0	0	0	0	0	0	0	0	0	0	0	0	0	0	0	4	0	0	0	0	0	0	0	0	0	0	0	0	0	0	0
ASV_3152	0	0	0	0	0	0	0	0	0	0	0	0	0	0	0	0	0	0	0	0	4	0	0	0	0	0	0	0	0	0	0	0	0	0	0
ASV_3153	0	0	0	0	0	0	0	0	0	0	0	0	0	0	0	0	0	0	0	0	4	0	0	0	0	0	0	0	0	0	0	0	0	0	0
ASV_3154	0	0	0	0	0	0	0	0	0	0	0	0	0	0	0	0	0	0	0	0	4	0	0	0	0	0	0	0	0	0	0	0	0	0	0
ASV_3155	0	0	0	0	0	0	0	0	0	0	0	0	0	0	0	0	0	0	0	0	0	4	0	0	0	0	0	0	0	0	0	0	0	0	0
ASV_3156	0	0	0	0	0	0	0	0	0	0	0	0	0	0	0	0	0	0	0	0	0	4	0	0	0	0	0	0	0	0	0	0	0	0	0
ASV_3157	0	0	0	0	0	0	0	0	0	0	0	0	0	0	0	0	0	0	0	0	0	0	4	0	0	0	0	0	0	0	0	0	0	0	0
ASV_3158	0	0	0	0	0	0	0	0	0	0	0	0	0	0	0	0	0	0	0	0	0	0	4	0	0	0	0	0	0	0	0	0	0	0	0
ASV_3159	0	0	0	0	0	0	0	0	0	0	0	0	0	0	0	0	0	0	0	0	0	0	4	0	0	0	0	0	0	0	0	0	0	0	0
ASV_3160	0	0	0	0	0	0	0	0	0	0	0	0	0	0	0	0	0	0	0	0	0	0	4	0	0	0	0	0	0	0	0	0	0	0	0
ASV_3161	0	0	0	0	0	0	0	0	0	0	0	0	0	0	0	0	0	0	0	0	0	0	4	0	0	0	0	0	0	0	0	0	0	0	0
ASV_3162	0	0	0	0	0	0	0	0	0	0	0	0	0	0	0	0	0	0	0	0	0	0	4	0	0	0	0	0	0	0	0	0	0	0	0
ASV_3163	0	0	0	0	0	0	0	0	0	0	0	0	0	0	0	0	0	0	0	0	0	0	4	0	0	0	0	0	0	0	0	0	0	0	0
ASV_3164	0	0	0	0	0	0	0	0	0	0	0	0	0	0	0	0	0	0	0	0	0	0	0	4	0	0	0	0	0	0	0	0	0	0	0
ASV_3165	0	0	0	0	0	0	0	0	0	0	0	0	0	0	0	0	0	0	0	0	0	0	0	4	0	0	0	0	0	0	0	0	0	0	0
ASV_3166	0	0	0	0	0	0	0	0	0	0	0	0	0	0	0	0	0	0	0	0	0	0	0	0	4	0	0	0	0	0	0	0	0	0	0
ASV_3167	0	0	0	0	0	0	0	0	0	0	0	0	0	0	0	0	0	0	0	0	0	0	0	0	0	0	4	0	0	0	0	0	0	0	0
ASV_3168	0	0	0	0	0	0	0	0	0	0	0	0	0	0	0	0	0	0	0	0	0	0	0	0	0	0	4	0	0	0	0	0	0	0	0
ASV_3169	0	0	0	0	0	0	0	0	0	0	0	0	0	0	0	0	0	0	0	0	0	0	0	0	0	0	4	0	0	0	0	0	0	0	0
ASV_3170	0	0	0	0	0	0	0	0	0	0	0	0	0	0	0	0	0	0	0	0	0	0	0	0	0	0	0	4	0	0	0	0	0	0	0
ASV_3171	0	0	0	0	0	0	0	0	0	0	0	0	0	0	0	0	0	0	0	0	0	0	0	0	0	0	0	4	0	0	0	0	0	0	0
ASV_3172	0	0	0	0	0	0	0	0	0	0	0	0	0	0	0	0	0	0	0	0	0	0	0	0	0	0	0	4	0	0	0	0	0	0	0
ASV_3173	0	0	0	0	0	0	0	0	0	0	0	0	0	0	0	0	0	0	0	0	0	0	0	0	0	0	0	4	0	0	0	0	0	0	0
ASV_3174	0	0	0	0	0	0	0	0	0	0	0	0	0	0	0	0	0	0	0	0	0	0	0	0	0	0	0	0	4	0	0	0	0	0	0
ASV_3175	0	0	0	0	0	0	0	0	0	0	0	0	0	0	0	0	0	0	0	0	0	0	0	0	0	0	0	0	4	0	0	0	0	0	0
ASV_3176	0	0	0	0	0	0	0	0	0	0	0	0	0	0	0	0	0	0	0	0	0	0	0	0	0	0	0	0	0	4	0	0	0	0	0
ASV_3177	0	0	0	0	0	0	0	0	0	0	0	0	0	0	0	0	0	0	0	0	0	0	0	0	0	0	0	0	0	0	0	0	4	0	0
ASV_3178	0	0	0	0	0	0	0	0	0	0	0	0	0	0	0	0	0	0	0	0	0	0	0	0	0	0	0	0	0	0	0	0	4	0	0
ASV_3179	0	0	0	0	0	0	0	0	0	0	0	0	0	0	0	0	0	0	0	0	0	0	0	0	0	0	0	0	0	0	0	0	0	0	4
ASV_3180	0	0	0	0	0	0	0	0	0	0	0	0	0	0	0	0	0	0	0	0	0	0	0	0	0	0	0	0	0	0	0	0	0	0	4
ASV_3181	3	0	0	0	0	0	0	0	0	0	0	0	0	0	0	0	0	0	0	0	0	0	0	0	0	0	0	0	0	0	0	0	0	0	0
ASV_3182	3	0	0	0	0	0	0	0	0	0	0	0	0	0	0	0	0	0	0	0	0	0	0	0	0	0	0	0	0	0	0	0	0	0	0
ASV_3183	3	0	0	0	0	0	0	0	0	0	0	0	0	0	0	0	0	0	0	0	0	0	0	0	0	0	0	0	0	0	0	0	0	0	0
ASV_3184	0	3	0	0	0	0	0	0	0	0	0	0	0	0	0	0	0	0	0	0	0	0	0	0	0	0	0	0	0	0	0	0	0	0	0
ASV_3185	0	0	0	3	0	0	0	0	0	0	0	0	0	0	0	0	0	0	0	0	0	0	0	0	0	0	0	0	0	0	0	0	0	0	0
ASV_3186	0	0	0	3	0	0	0	0	0	0	0	0	0	0	0	0	0	0	0	0	0	0	0	0	0	0	0	0	0	0	0	0	0	0	0
ASV_3187	0	0	0	0	3	0	0	0	0	0	0	0	0	0	0	0	0	0	0	0	0	0	0	0	0	0	0	0	0	0	0	0	0	0	0
ASV_3188	0	0	0	0	0	3	0	0	0	0	0	0	0	0	0	0	0	0	0	0	0	0	0	0	0	0	0	0	0	0	0	0	0	0	0
ASV_3189	0	0	0	0	0	3	0	0	0	0	0	0	0	0	0	0	0	0	0	0	0	0	0	0	0	0	0	0	0	0	0	0	0	0	0
ASV_3190	0	0	0	0	0	0	3	0	0	0	0	0	0	0	0	0	0	0	0	0	0	0	0	0	0	0	0	0	0	0	0	0	0	0	0
ASV_3191	0	0	0	0	0	0	0	3	0	0	0	0	0	0	0	0	0	0	0	0	0	0	0	0	0	0	0	0	0	0	0	0	0	0	0
ASV_3192	0	0	0	0	0	0	0	0	3	0	0	0	0	0	0	0	0	0	0	0	0	0	0	0	0	0	0	0	0	0	0	0	0	0	0
ASV_3193	0	0	0	0	0	0	0	0	3	0	0	0	0	0	0	0	0	0	0	0	0	0	0	0	0	0	0	0	0	0	0	0	0	0	0
ASV_3194	0	0	0	0	0	0	0	0	0	0	3	0	0	0	0	0	0	0	0	0	0	0	0	0	0	0	0	0	0	0	0	0	0	0	0
ASV_3195	0	0	0	0	0	0	0	0	0	0	3	0	0	0	0	0	0	0	0	0	0	0	0	0	0	0	0	0	0	0	0	0	0	0	0
ASV_3196	0	0	0	0	0	0	0	0	0	0	0	0	3	0	0	0	0	0	0	0	0	0	0	0	0	0	0	0	0	0	0	0	0	0	0
ASV_3197	0	0	0	0	0	0	0	0	0	0	0	0	0	0	0	3	0	0	0	0	0	0	0	0	0	0	0	0	0	0	0	0	0	0	0
ASV_3198	0	0	0	0	0	0	0	0	0	0	0	0	0	0	0	3	0	0	0	0	0	0	0	0	0	0	0	0	0	0	0	0	0	0	0
ASV_3199	0	0	0	0	0	0	0	0	0	0	0	0	0	0	0	0	3	0	0	0	0	0	0	0	0	0	0	0	0	0	0	0	0	0	0
ASV_3200	0	0	0	0	0	0	0	0	0	0	0	0	0	0	0	0	0	3	0	0	0	0	0	0	0	0	0	0	0	0	0	0	0	0	0
ASV_3201	0	0	0	0	0	0	0	0	0	0	0	0	0	0	0	0	0	3	0	0	0	0	0	0	0	0	0	0	0	0	0	0	0	0	0
ASV_3202	0	0	0	0	0	0	0	0	0	0	0	0	0	0	0	0	0	3	0	0	0	0	0	0	0	0	0	0	0	0	0	0	0	0	0
ASV_3203	0	0	0	0	0	0	0	0	0	0	0	0	0	0	0	0	0	3	0	0	0	0	0	0	0	0	0	0	0	0	0	0	0	0	0
ASV_3204	0	0	0	0	0	0	0	0	0	0	0	0	0	0	0	0	0	3	0	0	0	0	0	0	0	0	0	0	0	0	0	0	0	0	0
ASV_3205	0	0	0	0	0	0	0	0	0	0	0	0	0	0	0	0	0	0	3	0	0	0	0	0	0	0	0	0	0	0	0	0	0	0	0
ASV_3206	0	0	0	0	0	0	0	0	0	0	0	0	0	0	0	0	0	0	0	0	3	0	0	0	0	0	0	0	0	0	0	0	0	0	0
ASV_3207	0	0	0	0	0	0	0	0	0	0	0	0	0	0	0	0	0	0	0	0	3	0	0	0	0	0	0	0	0	0	0	0	0	0	0
ASV_3208	0	0	0	0	0	0	0	0	0	0	0	0	0	0	0	0	0	0	0	0	3	0	0	0	0	0	0	0	0	0	0	0	0	0	0
ASV_3209	0	0	0	0	0	0	0	0	0	0	0	0	0	0	0	0	0	0	0	0	3	0	0	0	0	0	0	0	0	0	0	0	0	0	0
ASV_3210	0	0	0	0	0	0	0	0	0	0	0	0	0	0	0	0	0	0	0	0	0	0	3	0	0	0	0	0	0	0	0	0	0	0	0
ASV_3211	0	0	0	0	0	0	0	0	0	0	0	0	0	0	0	0	0	0	0	0	0	0	3	0	0	0	0	0	0	0	0	0	0	0	0
ASV_3212	0	0	0	0	0	0	0	0	0	0	0	0	0	0	0	0	0	0	0	0	0	0	3	0	0	0	0	0	0	0	0	0	0	0	0
ASV_3213	0	0	0	0	0	0	0	0	0	0	0	0	0	0	0	0	0	0	0	0	0	0	3	0	0	0	0	0	0	0	0	0	0	0	0
ASV_3214	0	0	0	0	0	0	0	0	0	0	0	0	0	0	0	0	0	0	0	0	0	0	3	0	0	0	0	0	0	0	0	0	0	0	0
ASV_3215	0	0	0	0	0	0	0	0	0	0	0	0	0	0	0	0	0	0	0	0	0	0	3	0	0	0	0	0	0	0	0	0	0	0	0
ASV_3216	0	0	0	0	0	0	0	0	0	0	0	0	0	0	0	0	0	0	0	0	0	0	0	3	0	0	0	0	0	0	0	0	0	0	0
ASV_3217	0	0	0	0	0	0	0	0	0	0	0	0	0	0	0	0	0	0	0	0	0	0	0	3	0	0	0	0	0	0	0	0	0	0	0
ASV_3218	0	0	0	0	0	0	0	0	0	0	0	0	0	0	0	0	0	0	0	0	0	0	0	3	0	0	0	0	0	0	0	0	0	0	0
ASV_3219	0	0	0	0	0	0	0	0	0	0	0	0	0	0	0	0	0	0	0	0	0	0	0	3	0	0	0	0	0	0	0	0	0	0	0
ASV_3220	0	0	0	0	0	0	0	0	0	0	0	0	0	0	0	0	0	0	0	0	0	0	0	0	3	0	0	0	0	0	0	0	0	0	0
ASV_3221	0	0	0	0	0	0	0	0	0	0	0	0	0	0	0	0	0	0	0	0	0	0	0	0	0	3	0	0	0	0	0	0	0	0	0
ASV_3222	0	0	0	0	0	0	0	0	0	0	0	0	0	0	0	0	0	0	0	0	0	0	0	0	0	0	3	0	0	0	0	0	0	0	0
ASV_3223	0	0	0	0	0	0	0	0	0	0	0	0	0	0	0	0	0	0	0	0	0	0	0	0	0	0	3	0	0	0	0	0	0	0	0
ASV_3224	0	0	0	0	0	0	0	0	0	0	0	0	0	0	0	0	0	0	0	0	0	0	0	0	0	0	0	3	0	0	0	0	0	0	0
ASV_3225	0	0	0	0	0	0	0	0	0	0	0	0	0	0	0	0	0	0	0	0	0	0	0	0	0	0	0	3	0	0	0	0	0	0	0
ASV_3226	0	0	0	0	0	0	0	0	0	0	0	0	0	0	0	0	0	0	0	0	0	0	0	0	0	0	0	0	3	0	0	0	0	0	0
ASV_3227	0	0	0	0	0	0	0	0	0	0	0	0	0	0	0	0	0	0	0	0	0	0	0	0	0	0	0	0	0	0	0	0	3	0	0
ASV_3228	0	0	0	0	0	0	0	0	0	0	0	0	0	0	0	0	0	0	0	0	0	0	0	0	0	0	0	0	0	0	0	0	0	0	3
ASV_3229	0	0	0	0	0	0	0	0	0	0	0	0	0	0	0	0	0	0	0	0	0	0	0	0	0	0	0	0	0	0	0	0	0	0	3
ASV_3230	0	0	0	0	0	0	0	0	0	0	0	0	0	0	0	0	0	0	0	0	0	0	0	0	0	0	0	0	0	0	0	0	0	0	3
ASV_3231	0	0	0	0	0	0	0	0	0	0	0	0	0	0	0	0	0	0	0	0	0	0	0	0	0	0	0	0	0	0	0	0	0	0	3
ASV_3232	0	0	0	0	0	0	0	0	0	0	0	0	0	0	0	0	0	0	0	0	0	0	0	0	0	0	0	0	0	0	0	0	0	0	3
ASV_3233	2	0	0	0	0	0	0	0	0	0	0	0	0	0	0	0	0	0	0	0	0	0	0	0	0	0	0	0	0	0	0	0	0	0	0
ASV_3234	2	0	0	0	0	0	0	0	0	0	0	0	0	0	0	0	0	0	0	0	0	0	0	0	0	0	0	0	0	0	0	0	0	0	0
ASV_3235	2	0	0	0	0	0	0	0	0	0	0	0	0	0	0	0	0	0	0	0	0	0	0	0	0	0	0	0	0	0	0	0	0	0	0
ASV_3236	0	2	0	0	0	0	0	0	0	0	0	0	0	0	0	0	0	0	0	0	0	0	0	0	0	0	0	0	0	0	0	0	0	0	0
ASV_3237	0	2	0	0	0	0	0	0	0	0	0	0	0	0	0	0	0	0	0	0	0	0	0	0	0	0	0	0	0	0	0	0	0	0	0
ASV_3238	0	0	2	0	0	0	0	0	0	0	0	0	0	0	0	0	0	0	0	0	0	0	0	0	0	0	0	0	0	0	0	0	0	0	0
ASV_3239	0	0	0	2	0	0	0	0	0	0	0	0	0	0	0	0	0	0	0	0	0	0	0	0	0	0	0	0	0	0	0	0	0	0	0
ASV_3240	0	0	0	2	0	0	0	0	0	0	0	0	0	0	0	0	0	0	0	0	0	0	0	0	0	0	0	0	0	0	0	0	0	0	0
ASV_3241	0	0	0	0	0	2	0	0	0	0	0	0	0	0	0	0	0	0	0	0	0	0	0	0	0	0	0	0	0	0	0	0	0	0	0
ASV_3242	0	0	0	0	0	2	0	0	0	0	0	0	0	0	0	0	0	0	0	0	0	0	0	0	0	0	0	0	0	0	0	0	0	0	0
ASV_3243	0	0	0	0	0	2	0	0	0	0	0	0	0	0	0	0	0	0	0	0	0	0	0	0	0	0	0	0	0	0	0	0	0	0	0
ASV_3244	0	0	0	0	0	0	2	0	0	0	0	0	0	0	0	0	0	0	0	0	0	0	0	0	0	0	0	0	0	0	0	0	0	0	0
ASV_3245	0	0	0	0	0	0	0	2	0	0	0	0	0	0	0	0	0	0	0	0	0	0	0	0	0	0	0	0	0	0	0	0	0	0	0
ASV_3246	0	0	0	0	0	0	0	0	2	0	0	0	0	0	0	0	0	0	0	0	0	0	0	0	0	0	0	0	0	0	0	0	0	0	0
ASV_3247	0	0	0	0	0	0	0	0	2	0	0	0	0	0	0	0	0	0	0	0	0	0	0	0	0	0	0	0	0	0	0	0	0	0	0
ASV_3248	0	0	0	0	0	0	0	0	2	0	0	0	0	0	0	0	0	0	0	0	0	0	0	0	0	0	0	0	0	0	0	0	0	0	0
ASV_3249	0	0	0	0	0	0	0	0	0	2	0	0	0	0	0	0	0	0	0	0	0	0	0	0	0	0	0	0	0	0	0	0	0	0	0
ASV_3250	0	0	0	0	0	0	0	0	0	0	0	2	0	0	0	0	0	0	0	0	0	0	0	0	0	0	0	0	0	0	0	0	0	0	0
ASV_3251	0	0	0	0	0	0	0	0	0	0	0	2	0	0	0	0	0	0	0	0	0	0	0	0	0	0	0	0	0	0	0	0	0	0	0
ASV_3252	0	0	0	0	0	0	0	0	0	0	0	2	0	0	0	0	0	0	0	0	0	0	0	0	0	0	0	0	0	0	0	0	0	0	0
ASV_3253	0	0	0	0	0	0	0	0	0	0	0	0	2	0	0	0	0	0	0	0	0	0	0	0	0	0	0	0	0	0	0	0	0	0	0
ASV_3254	0	0	0	0	0	0	0	0	0	0	0	0	0	0	0	2	0	0	0	0	0	0	0	0	0	0	0	0	0	0	0	0	0	0	0
ASV_3255	0	0	0	0	0	0	0	0	0	0	0	0	0	0	0	0	0	0	0	2	0	0	0	0	0	0	0	0	0	0	0	0	0	0	0
ASV_3256	0	0	0	0	0	0	0	0	0	0	0	0	0	0	0	0	0	0	0	2	0	0	0	0	0	0	0	0	0	0	0	0	0	0	0
ASV_3257	0	0	0	0	0	0	0	0	0	0	0	0	0	0	0	0	0	0	0	2	0	0	0	0	0	0	0	0	0	0	0	0	0	0	0
ASV_3258	0	0	0	0	0	0	0	0	0	0	0	0	0	0	0	0	0	0	0	0	0	2	0	0	0	0	0	0	0	0	0	0	0	0	0
ASV_3259	0	0	0	0	0	0	0	0	0	0	0	0	0	0	0	0	0	0	0	0	0	0	2	0	0	0	0	0	0	0	0	0	0	0	0
ASV_3260	0	0	0	0	0	0	0	0	0	0	0	0	0	0	0	0	0	0	0	0	0	0	2	0	0	0	0	0	0	0	0	0	0	0	0
ASV_3261	0	0	0	0	0	0	0	0	0	0	0	0	0	0	0	0	0	0	0	0	0	0	2	0	0	0	0	0	0	0	0	0	0	0	0
ASV_3262	0	0	0	0	0	0	0	0	0	0	0	0	0	0	0	0	0	0	0	0	0	0	2	0	0	0	0	0	0	0	0	0	0	0	0
ASV_3263	0	0	0	0	0	0	0	0	0	0	0	0	0	0	0	0	0	0	0	0	0	0	2	0	0	0	0	0	0	0	0	0	0	0	0
ASV_3264	0	0	0	0	0	0	0	0	0	0	0	0	0	0	0	0	0	0	0	0	0	0	2	0	0	0	0	0	0	0	0	0	0	0	0
ASV_3265	0	0	0	0	0	0	0	0	0	0	0	0	0	0	0	0	0	0	0	0	0	0	2	0	0	0	0	0	0	0	0	0	0	0	0
ASV_3266	0	0	0	0	0	0	0	0	0	0	0	0	0	0	0	0	0	0	0	0	0	0	0	2	0	0	0	0	0	0	0	0	0	0	0
ASV_3267	0	0	0	0	0	0	0	0	0	0	0	0	0	0	0	0	0	0	0	0	0	0	0	2	0	0	0	0	0	0	0	0	0	0	0
ASV_3268	0	0	0	0	0	0	0	0	0	0	0	0	0	0	0	0	0	0	0	0	0	0	0	2	0	0	0	0	0	0	0	0	0	0	0
ASV_3269	0	0	0	0	0	0	0	0	0	0	0	0	0	0	0	0	0	0	0	0	0	0	0	2	0	0	0	0	0	0	0	0	0	0	0
ASV_3270	0	0	0	0	0	0	0	0	0	0	0	0	0	0	0	0	0	0	0	0	0	0	0	0	2	0	0	0	0	0	0	0	0	0	0
ASV_3271	0	0	0	0	0	0	0	0	0	0	0	0	0	0	0	0	0	0	0	0	0	0	0	0	0	0	0	0	2	0	0	0	0	0	0
ASV_3272	0	0	0	0	0	0	0	0	0	0	0	0	0	0	0	0	0	0	0	0	0	0	0	0	0	0	0	0	0	2	0	0	0	0	0
ASV_3273	0	0	0	0	0	0	0	0	0	0	0	0	0	0	0	0	0	0	0	0	0	0	0	0	0	0	0	0	0	2	0	0	0	0	0
ASV_3274	0	0	0	0	0	0	0	0	0	0	0	0	0	0	0	0	0	0	0	0	0	0	0	0	0	0	0	0	0	0	2	0	0	0	0
ASV_3275	0	0	0	0	0	0	0	0	0	0	0	0	0	0	0	0	0	0	0	0	0	0	0	0	0	0	0	0	0	0	2	0	0	0	0
ASV_3276	0	0	0	0	0	0	0	0	0	0	0	0	0	0	0	0	0	0	0	0	0	0	0	0	0	0	0	0	0	0	0	0	0	0	2
ASV_3277	0	0	0	0	0	0	0	0	0	0	0	0	0	0	0	0	0	0	0	0	0	0	0	0	0	0	0	0	0	0	0	0	0	0	2
